Totals & Averages,TENANTID,CreditID,SiteID,FiscalID,PaymentID,LedgerID,ReceiptID,EmployeeID,ConcessionID,MemoID,dCredit,dcCreditAmt,bTferMoveOutAdjmt,bNonPosting,dCreated,dArchived,dDeleted,dUpdated,uTS,SMEMO
,1397,45162,1495,6955,223876,1601,132116,91,88,115865,3/30/2010,15.0000,False,False,1/1/1900,,,3/30/2010,System.Byte[],Waived current late fee 1.
,1397,45163,1495,6955,223876,1601,132116,91,88,115865,3/30/2010,-15.0000,False,False,1/1/1900,,,3/30/2010,System.Byte[],Waived current late fee 1.
,1355,82776,1495,25382,405243,1558,243133,91,88,182639,4/1/2010,15.0000,False,False,1/1/1900,,,4/1/2010,System.Byte[],Waived current late fee 1.
,1355,82777,1495,25382,405243,1558,243133,91,88,182639,4/1/2010,-15.0000,False,False,1/1/1900,,,4/1/2010,System.Byte[],Waived current late fee 1.
,1481,82792,1495,25382,405369,8219,243233,91,88,182652,4/1/2010,15.0000,False,False,1/1/1900,,,4/1/2010,System.Byte[],Waived current late fee 1.
,1481,82793,1495,25382,405369,8219,243233,91,88,182652,4/1/2010,-15.0000,False,False,1/1/1900,,,4/1/2010,System.Byte[],Waived current late fee 1.
,1481,82794,1495,25382,405370,8220,243233,91,88,182653,4/1/2010,15.0000,False,False,1/1/1900,,,4/1/2010,System.Byte[],Waived current late fee 1.
,1481,82795,1495,25382,405370,8220,243233,91,88,182653,4/1/2010,-15.0000,False,False,1/1/1900,,,4/1/2010,System.Byte[],Waived current late fee 1.
,1456,85992,1495,25397,416492,1662,249768,91,88,193045,4/2/2010,15.0000,False,False,1/1/1900,,,4/2/2010,System.Byte[],Waived current late fee 1.
,1456,85993,1495,25397,416492,1662,249768,91,88,193045,4/2/2010,-15.0000,False,False,1/1/1900,,,4/2/2010,System.Byte[],Waived current late fee 1.
,1382,86090,1495,25804,417607,1585,250586,91,88,193217,4/4/2010,15.0000,False,False,1/1/1900,,,4/4/2010,System.Byte[],Waived current late fee 1.
,1382,86091,1495,25804,417607,1585,250586,91,88,193217,4/4/2010,-15.0000,False,False,1/1/1900,,,4/4/2010,System.Byte[],Waived current late fee 1.
,1297,86108,1495,25828,417779,1828,250697,93,88,193259,4/5/2010,15.0000,False,False,1/1/1900,,,4/5/2010,System.Byte[],Waived current late fee 1.
,1297,86109,1495,25828,417779,1828,250697,93,88,193259,4/5/2010,-15.0000,False,False,1/1/1900,,,4/5/2010,System.Byte[],Waived current late fee 1.
,1528,86254,1495,25852,418740,1735,251354,91,88,193593,4/7/2010,15.0000,False,False,1/1/1900,,,4/7/2010,System.Byte[],Waived current late fee 1.
,1528,86255,1495,25852,418740,1735,251354,91,88,193593,4/7/2010,-15.0000,False,False,1/1/1900,,,4/7/2010,System.Byte[],Waived current late fee 1.
,1519,86367,1495,25864,419213,1725,251659,91,88,193697,4/8/2010,15.0000,False,False,1/1/1900,,,4/8/2010,System.Byte[],Waived current late fee 1.
,1519,86368,1495,25864,419213,1725,251659,91,88,193697,4/8/2010,-15.0000,False,False,1/1/1900,,,4/8/2010,System.Byte[],Waived current late fee 1.
,1481,86370,1495,25864,419233,1687,251668,91,88,193698,4/8/2010,15.0000,False,False,1/1/1900,,,4/8/2010,System.Byte[],Waived current late fee 1.
,1481,86371,1495,25864,419233,1687,251668,91,88,193698,4/8/2010,-15.0000,False,False,1/1/1900,,,4/8/2010,System.Byte[],Waived current late fee 1.
,1577,86397,1495,25865,419330,1787,251730,91,88,193722,4/8/2010,15.0000,False,False,1/1/1900,,,4/8/2010,System.Byte[],Waived current late fee 1.
,1577,86398,1495,25865,419330,1787,251730,91,88,193722,4/8/2010,-15.0000,False,False,1/1/1900,,,4/8/2010,System.Byte[],Waived current late fee 1.
,1533,86469,1495,25876,419790,1740,252011,91,88,193781,4/10/2010,15.0000,False,False,1/1/1900,,,4/10/2010,System.Byte[],Waived current late fee 1.
,1533,86470,1495,25876,419790,1740,252011,91,88,193781,4/10/2010,-15.0000,False,False,1/1/1900,,,4/10/2010,System.Byte[],Waived current late fee 1.
,1425,86475,1495,25876,419819,1631,252028,91,88,193786,4/10/2010,15.0000,False,False,1/1/1900,,,4/10/2010,System.Byte[],Waived current late fee 1.
,1425,86476,1495,25876,419819,1631,252028,91,88,193786,4/10/2010,-15.0000,False,False,1/1/1900,,,4/10/2010,System.Byte[],Waived current late fee 1.
,1489,86617,1495,25889,420322,1695,252352,94,88,193868,4/12/2010,15.0000,False,False,1/1/1900,,,4/12/2010,System.Byte[],Waived current late fee 1.
,1489,86618,1495,25889,420322,1695,252352,94,88,193868,4/12/2010,-15.0000,False,False,1/1/1900,,,4/12/2010,System.Byte[],Waived current late fee 1.
,1435,86764,1495,25904,420889,1641,252660,91,88,193995,4/13/2010,15.0000,False,False,1/1/1900,,,4/13/2010,System.Byte[],Waived current late fee 1.
,1435,86765,1495,25904,420889,1641,252660,91,88,193995,4/13/2010,-15.0000,False,False,1/1/1900,,,4/13/2010,System.Byte[],Waived current late fee 1.
,1331,86770,1495,25904,420925,1534,252679,91,88,194005,4/13/2010,5.0000,False,False,1/1/1900,,,4/13/2010,System.Byte[],Waived current late fee 1.
,1331,86771,1495,25904,420925,1534,252679,91,88,194005,4/13/2010,-5.0000,False,False,1/1/1900,,,4/13/2010,System.Byte[],Waived current late fee 1.
,1507,86856,1495,25915,421059,1713,252784,91,88,194038,4/14/2010,15.0000,False,False,1/1/1900,,,4/14/2010,System.Byte[],Waived current late fee 1.
,1507,86857,1495,25915,421059,1713,252784,91,88,194038,4/14/2010,-15.0000,False,False,1/1/1900,,,4/14/2010,System.Byte[],Waived current late fee 1.
,1578,102090,1495,25928,533755,1788,321871,91,88,273818,4/15/2010,15.0000,False,False,1/1/1900,,,4/15/2010,System.Byte[],Waived current late fee 1.
,1578,102091,1495,25928,533755,1788,321871,91,88,273818,4/15/2010,-15.0000,False,False,1/1/1900,,,4/15/2010,System.Byte[],Waived current late fee 1.
,1434,102092,1495,25928,533781,1640,321889,91,88,273836,4/15/2010,15.0000,False,False,1/1/1900,,,4/15/2010,System.Byte[],Waived current late fee 1.
,1434,102093,1495,25928,533781,1640,321889,91,88,273836,4/15/2010,-15.0000,False,False,1/1/1900,,,4/15/2010,System.Byte[],Waived current late fee 1.
,1563,102172,1495,31519,534196,1772,322136,93,88,273925,4/16/2010,15.0000,False,False,1/1/1900,,,4/16/2010,System.Byte[],Waived current late fee 1.
,1563,102173,1495,31519,534196,1772,322136,93,88,273925,4/16/2010,-15.0000,False,False,1/1/1900,,,4/16/2010,System.Byte[],Waived current late fee 1.
,1599,102176,1495,31519,534239,1811,322163,93,88,273934,4/16/2010,15.0000,False,False,1/1/1900,,,4/16/2010,System.Byte[],Waived current late fee 1.
,1599,102177,1495,31519,534239,1811,322163,93,88,273934,4/16/2010,-15.0000,False,False,1/1/1900,,,4/16/2010,System.Byte[],Waived current late fee 1.
,7681,102252,1495,31550,534641,1749,322379,93,88,273991,4/17/2010,15.0000,False,False,1/1/1900,,,4/17/2010,System.Byte[],Waived current late fee 1.
,7681,102253,1495,31550,534641,1749,322379,93,88,273991,4/17/2010,-15.0000,False,False,1/1/1900,,,4/17/2010,System.Byte[],Waived current late fee 1.
,1509,102474,1495,31563,535437,1715,322805,93,88,274112,4/20/2010,15.0000,False,False,1/1/1900,,,4/20/2010,System.Byte[],Waived current late fee 1.
,1509,102475,1495,31563,535437,1715,322805,93,88,274112,4/20/2010,-15.0000,False,False,1/1/1900,,,4/20/2010,System.Byte[],Waived current late fee 1.
,122852,103170,1495,31698,539156,1827,324870,91,88,274667,5/1/2010,15.0000,False,False,1/1/1900,,,5/1/2010,System.Byte[],Waived current late fee 1.
,122852,103171,1495,31698,539156,1827,324870,91,88,274667,5/1/2010,-15.0000,False,False,1/1/1900,,,5/1/2010,System.Byte[],Waived current late fee 1.
,1478,103178,1495,31698,539481,1684,325125,91,88,274699,5/1/2010,15.0000,False,False,1/1/1900,,,5/1/2010,System.Byte[],Waived current late fee 1.
,1478,103179,1495,31698,539481,1684,325125,91,88,274699,5/1/2010,-15.0000,False,False,1/1/1900,,,5/1/2010,System.Byte[],Waived current late fee 1.
,1535,103594,1495,31774,542752,1742,327250,93,88,275234,5/7/2010,15.0000,False,False,1/1/1900,,,5/7/2010,System.Byte[],Waived current late fee 1.
,1535,103595,1495,31774,542752,1742,327250,93,88,275234,5/7/2010,-15.0000,False,False,1/1/1900,,,5/7/2010,System.Byte[],Waived current late fee 1.
,1314,103614,1495,31774,542846,1517,327313,93,88,275254,5/7/2010,15.0000,False,False,1/1/1900,,,5/7/2010,System.Byte[],Waived current late fee 1.
,1314,103615,1495,31774,542846,1517,327313,93,88,275254,5/7/2010,-15.0000,False,False,1/1/1900,,,5/7/2010,System.Byte[],Waived current late fee 1.
,1387,103785,1495,31804,543965,1591,328004,93,88,275408,5/10/2010,15.0000,False,False,1/1/1900,,,5/10/2010,System.Byte[],Waived current late fee 1.
,1387,103786,1495,31804,543965,1591,328004,93,88,275408,5/10/2010,-15.0000,False,False,1/1/1900,,,5/10/2010,System.Byte[],Waived current late fee 1.
,1305,103844,1495,31831,544225,1508,328165,93,88,275444,5/11/2010,15.0000,False,False,1/1/1900,,,5/11/2010,System.Byte[],Waived current late fee 1.
,1305,103845,1495,31831,544225,1508,328165,93,88,275444,5/11/2010,-15.0000,False,False,1/1/1900,,,5/11/2010,System.Byte[],Waived current late fee 1.
,1575,103931,1495,31832,544459,1785,328313,91,88,275471,5/12/2010,15.0000,False,False,1/1/1900,,,5/12/2010,System.Byte[],Waived current late fee 1.
,1575,103932,1495,31832,544459,1785,328313,91,88,275471,5/12/2010,-15.0000,False,False,1/1/1900,,,5/12/2010,System.Byte[],Waived current late fee 1.
,1507,104057,1495,31846,544730,1713,328465,91,88,275516,5/13/2010,15.0000,False,False,1/1/1900,,,5/13/2010,System.Byte[],Waived current late fee 1.
,1507,104058,1495,31846,544730,1713,328465,91,88,275516,5/13/2010,-15.0000,False,False,1/1/1900,,,5/13/2010,System.Byte[],Waived current late fee 1.
,122852,104115,1495,31860,544978,1589,328605,91,88,275551,5/13/2010,15.0000,False,False,1/1/1900,,,5/13/2010,System.Byte[],Waived current late fee 1.
,122852,104116,1495,31860,544978,1589,328605,91,88,275551,5/13/2010,-15.0000,False,False,1/1/1900,,,5/13/2010,System.Byte[],Waived current late fee 1.
,1340,104234,1495,31888,545866,8217,329043,91,88,275609,5/17/2010,15.0000,False,False,1/1/1900,,,5/17/2010,System.Byte[],Waived current late fee 1.
,1340,104235,1495,31888,545866,8217,329043,91,88,275609,5/17/2010,-15.0000,False,False,1/1/1900,,,5/17/2010,System.Byte[],Waived current late fee 1.
,1340,104236,1495,31888,545867,8218,329043,91,88,275610,5/17/2010,15.0000,False,False,1/1/1900,,,5/17/2010,System.Byte[],Waived current late fee 1.
,1340,104237,1495,31888,545867,8218,329043,91,88,275610,5/17/2010,-15.0000,False,False,1/1/1900,,,5/17/2010,System.Byte[],Waived current late fee 1.
,1464,109887,1495,34075,582961,1670,351360,93,88,295115,6/3/2010,15.0000,False,False,1/1/1900,,,6/3/2010,System.Byte[],Waived current late fee 1.
,1464,109888,1495,34075,582961,1670,351360,93,88,295115,6/3/2010,-15.0000,False,False,1/1/1900,,,6/3/2010,System.Byte[],Waived current late fee 1.
,1533,110021,1495,34106,584023,1740,352065,95,88,295335,6/5/2010,15.0000,False,False,1/1/1900,,,6/5/2010,System.Byte[],Waived current late fee 1.
,1533,110022,1495,34106,584023,1740,352065,95,88,295335,6/5/2010,-15.0000,False,False,1/1/1900,,,6/5/2010,System.Byte[],Waived current late fee 1.
,1440,110267,1495,34136,584949,1646,352623,93,88,295495,6/7/2010,15.0000,False,False,1/1/1900,,,6/7/2010,System.Byte[],Waived current late fee 1.
,1440,110268,1495,34136,584949,1646,352623,93,88,295495,6/7/2010,-15.0000,False,False,1/1/1900,,,6/7/2010,System.Byte[],Waived current late fee 1.
,1337,110309,1495,34136,585170,1540,352741,93,88,295521,6/8/2010,15.0000,False,False,1/1/1900,,,6/8/2010,System.Byte[],Waived current late fee 1.
,1337,110310,1495,34136,585170,1540,352741,93,88,295521,6/8/2010,-15.0000,False,False,1/1/1900,,,6/8/2010,System.Byte[],Waived current late fee 1.
,1307,110343,1495,34136,585287,1510,352816,93,88,295539,6/8/2010,15.0000,False,False,1/1/1900,,,6/8/2010,System.Byte[],Waived current late fee 1.
,1307,110344,1495,34136,585287,1510,352816,93,88,295539,6/8/2010,-15.0000,False,False,1/1/1900,,,6/8/2010,System.Byte[],Waived current late fee 1.
,1401,110395,1495,34151,585658,1606,353042,93,88,295595,6/9/2010,15.0000,False,False,1/1/1900,,,6/9/2010,System.Byte[],Waived current late fee 1.
,1401,110396,1495,34151,585658,1606,353042,93,88,295595,6/9/2010,-15.0000,False,False,1/1/1900,,,6/9/2010,System.Byte[],Waived current late fee 1.
,1558,110401,1495,34151,585674,1767,353049,93,88,295598,6/9/2010,15.0000,False,False,1/1/1900,,,6/9/2010,System.Byte[],Waived current late fee 2.
,1558,110402,1495,34151,585674,1767,353049,93,88,295598,6/9/2010,-15.0000,False,False,1/1/1900,,,6/9/2010,System.Byte[],Waived current late fee 2.
,27505,110687,1495,34182,586969,31867,353779,91,88,295782,6/11/2010,15.0000,False,False,1/1/1900,,,6/11/2010,System.Byte[],Waived current late fee 1.
,27505,110688,1495,34182,586969,31867,353779,91,88,295782,6/11/2010,-15.0000,False,False,1/1/1900,,,6/11/2010,System.Byte[],Waived current late fee 1.
,122852,110918,1495,34231,588066,1589,354403,93,88,295976,6/15/2010,15.0000,False,False,1/1/1900,,,6/15/2010,System.Byte[],Waived current late fee 1.
,122852,110919,1495,34231,588066,1589,354403,93,88,295976,6/15/2010,-15.0000,False,False,1/1/1900,,,6/15/2010,System.Byte[],Waived current late fee 1.
,1578,110944,1495,34231,588197,1788,354506,93,88,295995,6/15/2010,15.0000,False,False,1/1/1900,,,6/15/2010,System.Byte[],Waived current late fee 1.
,1578,110945,1495,34231,588197,1788,354506,93,88,295995,6/15/2010,-15.0000,False,False,1/1/1900,,,6/15/2010,System.Byte[],Waived current late fee 1.
,1320,111072,1495,34244,588384,1523,354609,93,88,296014,6/16/2010,15.0000,False,False,1/1/1900,,,6/16/2010,System.Byte[],Waived current late fee 1.
,1320,111073,1495,34244,588384,1523,354609,93,88,296014,6/16/2010,-15.0000,False,False,1/1/1900,,,6/16/2010,System.Byte[],Waived current late fee 1.
,19380,111404,1495,34272,589871,21987,355415,91,88,296185,6/18/2010,15.0000,False,False,1/1/1900,,,6/18/2010,System.Byte[],Waived current late fee 1.
,19380,111405,1495,34272,589871,21987,355415,91,88,296185,6/18/2010,-15.0000,False,False,1/1/1900,,,6/18/2010,System.Byte[],Waived current late fee 1.
,1306,111520,1495,34287,590219,1509,355588,91,88,296230,6/19/2010,15.0000,False,False,1/1/1900,,,6/19/2010,System.Byte[],Waived current late fee 1.
,1306,111521,1495,34287,590219,1509,355588,91,88,296230,6/19/2010,-15.0000,False,False,1/1/1900,,,6/19/2010,System.Byte[],Waived current late fee 1.
,1430,111528,1495,34287,590294,1636,355616,91,88,296240,6/19/2010,15.0000,False,False,1/1/1900,,,6/19/2010,System.Byte[],Waived current late fee 2.
,1430,111529,1495,34287,590294,1636,355616,91,88,296240,6/19/2010,-15.0000,False,False,1/1/1900,,,6/19/2010,System.Byte[],Waived current late fee 2.
,1454,111824,1495,34348,591846,1660,356503,91,88,296467,6/24/2010,15.0000,False,False,1/1/1900,,,6/24/2010,System.Byte[],Waived current late fee 1.
,1454,111825,1495,34348,591846,1660,356503,91,88,296467,6/24/2010,-15.0000,False,False,1/1/1900,,,6/24/2010,System.Byte[],Waived current late fee 1.
,1389,111920,1495,34364,592148,1593,356704,91,88,296538,6/24/2010,15.0000,False,False,1/1/1900,,,6/24/2010,System.Byte[],Waived current late fee 1.
,1389,111921,1495,34364,592148,1593,356704,91,88,296538,6/24/2010,-15.0000,False,False,1/1/1900,,,6/24/2010,System.Byte[],Waived current late fee 1.
,28711,114649,1495,35525,614535,33143,373463,91,88,302905,7/2/2010,15.0000,False,False,1/1/1900,,7/2/2010,7/2/2010,System.Byte[],Waived current late fee 1.
,28711,114650,1495,35525,614535,33143,373463,91,88,302905,7/2/2010,-15.0000,False,False,1/1/1900,,7/2/2010,7/2/2010,System.Byte[],Waived current late fee 1.
,1544,114755,1495,35525,615096,1752,373833,91,88,303048,7/2/2010,15.0000,False,False,1/1/1900,,,7/2/2010,System.Byte[],Waived current late fee 2.
,1544,114756,1495,35525,615096,1752,373833,91,88,303048,7/2/2010,-15.0000,False,False,1/1/1900,,,7/2/2010,System.Byte[],Waived current late fee 2.
,1494,115082,1495,35572,616595,8225,374812,91,88,303344,7/6/2010,15.0000,False,False,1/1/1900,,,7/6/2010,System.Byte[],Waived current late fee 1.
,1494,115083,1495,35572,616595,8225,374812,91,88,303344,7/6/2010,-15.0000,False,False,1/1/1900,,,7/6/2010,System.Byte[],Waived current late fee 1.
,1484,115114,1495,35572,616711,1690,374881,91,88,303374,7/6/2010,15.0000,False,False,1/1/1900,,,7/6/2010,System.Byte[],Waived current late fee 1.
,1484,115115,1495,35572,616711,1690,374881,91,88,303374,7/6/2010,-15.0000,False,False,1/1/1900,,,7/6/2010,System.Byte[],Waived current late fee 1.
,1299,115341,1495,35586,617549,1502,375403,93,88,303522,7/7/2010,15.0000,False,False,1/1/1900,,,7/7/2010,System.Byte[],Waived current late fee 1.
,1299,115342,1495,35586,617549,1502,375403,93,88,303522,7/7/2010,-15.0000,False,False,1/1/1900,,,7/7/2010,System.Byte[],Waived current late fee 1.
,1504,115525,1495,35601,618178,1710,375782,95,88,303633,7/8/2010,15.0000,False,False,1/1/1900,,,7/8/2010,System.Byte[],Waived current late fee 1.
,1504,115526,1495,35601,618178,1710,375782,95,88,303633,7/8/2010,-15.0000,False,False,1/1/1900,,,7/8/2010,System.Byte[],Waived current late fee 1.
,27285,115840,1495,35652,619531,31594,376587,91,88,303867,7/12/2010,15.0000,False,False,1/1/1900,,,7/12/2010,System.Byte[],Waived current late fee 2.
,27285,115841,1495,35652,619531,31594,376587,91,88,303867,7/12/2010,-15.0000,False,False,1/1/1900,,,7/12/2010,System.Byte[],Waived current late fee 2.
,27285,115842,1495,35652,619532,31594,376587,91,88,303868,7/12/2010,15.0000,False,False,1/1/1900,,,7/12/2010,System.Byte[],Waived current late fee 2.
,27285,115843,1495,35652,619532,31594,376587,91,88,303868,7/12/2010,-15.0000,False,False,1/1/1900,,,7/12/2010,System.Byte[],Waived current late fee 2.
,29838,116032,1495,35670,620148,34545,376946,91,88,303987,7/12/2010,15.0000,False,False,1/1/1900,,,7/12/2010,System.Byte[],Waived current late fee 1.
,29838,116033,1495,35670,620148,34545,376946,91,88,303987,7/12/2010,-15.0000,False,False,1/1/1900,,,7/12/2010,System.Byte[],Waived current late fee 1.
,1321,116345,1495,35718,622066,1524,377800,93,88,304252,7/16/2010,15.0000,False,False,1/1/1900,,,7/16/2010,System.Byte[],Waived current late fee 1.
,1321,116346,1495,35718,622066,1524,377800,93,88,304252,7/16/2010,-15.0000,False,False,1/1/1900,,,7/16/2010,System.Byte[],Waived current late fee 1.
,28609,123642,1495,38103,657928,33023,402474,91,88,318665,7/21/2010,15.0000,False,False,1/1/1900,,,7/21/2010,System.Byte[],Waived current late fee 1.
,28609,123643,1495,38103,657928,33023,402474,91,88,318665,7/21/2010,-15.0000,False,False,1/1/1900,,,7/21/2010,System.Byte[],Waived current late fee 1.
,1364,123644,1495,38103,657943,8214,402491,91,88,318666,7/21/2010,15.0000,False,False,1/1/1900,,,7/21/2010,System.Byte[],Waived current late fee 2.
,1364,123645,1495,38103,657943,8214,402491,91,88,318666,7/21/2010,-15.0000,False,False,1/1/1900,,,7/21/2010,System.Byte[],Waived current late fee 2.
,1516,136106,1495,38358,729649,1722,443405,91,88,335741,7/22/2010,15.0000,False,False,1/1/1900,,,7/22/2010,System.Byte[],Waived current late fee 2.
,1516,136107,1495,38358,729649,1722,443405,91,88,335741,7/22/2010,-15.0000,False,False,1/1/1900,,,7/22/2010,System.Byte[],Waived current late fee 2.
,1516,136108,1495,38358,729650,1722,443405,91,88,335742,7/22/2010,15.0000,False,False,1/1/1900,,,7/22/2010,System.Byte[],Waived current late fee 2.
,1516,136109,1495,38358,729650,1722,443405,91,88,335742,7/22/2010,-15.0000,False,False,1/1/1900,,,7/22/2010,System.Byte[],Waived current late fee 2.
,1558,138445,1495,42106,737624,1767,448121,91,88,337418,7/30/2010,15.0000,False,False,1/1/1900,,,7/30/2010,System.Byte[],Waived current late fee 1.
,1558,138446,1495,42106,737624,1767,448121,91,88,337418,7/30/2010,-15.0000,False,False,1/1/1900,,,7/30/2010,System.Byte[],Waived current late fee 1.
,1559,138554,1495,42106,738204,1768,448452,91,88,337514,7/30/2010,15.0000,False,False,1/1/1900,,,7/30/2010,System.Byte[],Waived current late fee 1.
,1559,138555,1495,42106,738204,1768,448452,91,88,337514,7/30/2010,-15.0000,False,False,1/1/1900,,,7/30/2010,System.Byte[],Waived current late fee 1.
,31000,138745,1495,42151,739331,35770,449179,91,88,337708,8/2/2010,15.0000,False,False,1/1/1900,,,8/2/2010,System.Byte[],Waived current late fee 1.
,31000,138746,1495,42151,739331,35770,449179,91,88,337708,8/2/2010,-15.0000,False,False,1/1/1900,,,8/2/2010,System.Byte[],Waived current late fee 1.
,1523,139730,1495,42224,743670,1729,452163,95,88,338294,8/5/2010,15.0000,False,False,1/1/1900,,,8/5/2010,System.Byte[],Waived current late fee 1.
,1523,139731,1495,42224,743670,1729,452163,95,88,338294,8/5/2010,-15.0000,False,False,1/1/1900,,,8/5/2010,System.Byte[],Waived current late fee 1.
,1384,139818,1495,42266,744457,1587,452721,91,88,338432,8/6/2010,15.0000,False,False,1/1/1900,,,8/6/2010,System.Byte[],Waived current late fee 1.
,1384,139819,1495,42266,744457,1587,452721,91,88,338432,8/6/2010,-15.0000,False,False,1/1/1900,,,8/6/2010,System.Byte[],Waived current late fee 1.
,1521,139980,1495,42266,744965,1727,452989,91,88,338534,8/6/2010,15.0000,False,False,1/1/1900,,,8/6/2010,System.Byte[],Waived current late fee 1.
,1521,139981,1495,42266,744965,1727,452989,91,88,338534,8/6/2010,-15.0000,False,False,1/1/1900,,,8/6/2010,System.Byte[],Waived current late fee 1.
,1465,140478,1495,42315,746537,1671,453964,91,88,338772,8/9/2010,15.0000,False,False,1/1/1900,,,8/9/2010,System.Byte[],Waived current late fee 2.
,1465,140479,1495,42315,746537,1671,453964,91,88,338772,8/9/2010,-15.0000,False,False,1/1/1900,,,8/9/2010,System.Byte[],Waived current late fee 2.
,1330,140608,1495,42340,747073,1533,454290,91,88,338847,8/10/2010,15.0000,False,False,1/1/1900,,,8/10/2010,System.Byte[],Waived current late fee 1.
,1330,140609,1495,42340,747073,1533,454290,91,88,338847,8/10/2010,-15.0000,False,False,1/1/1900,,,8/10/2010,System.Byte[],Waived current late fee 1.
,1514,141212,1495,42453,749667,1720,455773,91,88,339258,8/14/2010,15.0000,False,False,1/1/1900,,,8/14/2010,System.Byte[],Waived current late fee 2.
,1514,141213,1495,42453,749667,1720,455773,91,88,339258,8/14/2010,-15.0000,False,False,1/1/1900,,,8/14/2010,System.Byte[],Waived current late fee 2.
,1544,142243,1495,42585,752645,1752,457486,93,88,339750,8/20/2010,15.0000,False,False,1/1/1900,,,8/20/2010,System.Byte[],Waived current late fee 1.
,1544,142244,1495,42585,752645,1752,457486,93,88,339750,8/20/2010,-15.0000,False,False,1/1/1900,,,8/20/2010,System.Byte[],Waived current late fee 1.
,19394,145359,1495,42685,766173,22003,467093,93,88,348250,8/24/2010,15.0000,False,False,1/1/1900,,,8/24/2010,System.Byte[],Waived current late fee 2.
,19394,145360,1495,42685,766173,22003,467093,93,88,348250,8/24/2010,-15.0000,False,False,1/1/1900,,,8/24/2010,System.Byte[],Waived current late fee 2.
,19394,145361,1495,42685,766174,22003,467093,93,88,348251,8/24/2010,15.0000,False,False,1/1/1900,,,8/24/2010,System.Byte[],Waived current late fee 2.
,19394,145362,1495,42685,766174,22003,467093,93,88,348251,8/24/2010,-15.0000,False,False,1/1/1900,,,8/24/2010,System.Byte[],Waived current late fee 2.
,1499,145383,1495,45243,766297,1705,467180,93,88,348265,8/25/2010,15.0000,False,False,1/1/1900,,,8/25/2010,System.Byte[],Waived current late fee 1.
,1499,145384,1495,45243,766297,1705,467180,93,88,348265,8/25/2010,-15.0000,False,False,1/1/1900,,,8/25/2010,System.Byte[],Waived current late fee 1.
,1581,145629,1495,45292,767436,1791,467867,91,88,348451,8/27/2010,15.0000,False,False,1/1/1900,,,8/27/2010,System.Byte[],Waived current late fee 2.
,1581,145630,1495,45292,767436,1791,467867,91,88,348451,8/27/2010,-15.0000,False,False,1/1/1900,,,8/27/2010,System.Byte[],Waived current late fee 2.
,1581,145631,1495,45292,767437,1791,467867,91,88,348452,8/27/2010,15.0000,False,False,1/1/1900,,,8/27/2010,System.Byte[],Waived current late fee 2.
,1581,145632,1495,45292,767437,1791,467867,91,88,348452,8/27/2010,-15.0000,False,False,1/1/1900,,,8/27/2010,System.Byte[],Waived current late fee 2.
,29986,145655,1495,45292,767598,34717,467957,91,88,348475,8/27/2010,15.0000,False,False,1/1/1900,,,8/27/2010,System.Byte[],Waived current late fee 2.
,29986,145656,1495,45292,767598,34717,467957,91,88,348475,8/27/2010,-15.0000,False,False,1/1/1900,,,8/27/2010,System.Byte[],Waived current late fee 2.
,31000,146192,1495,45414,770736,35770,470089,93,88,348888,9/1/2010,15.0000,False,False,1/1/1900,,,9/1/2010,System.Byte[],Waived current late fee 1.
,31000,146193,1495,45414,770736,35770,470089,93,88,348888,9/1/2010,-15.0000,False,False,1/1/1900,,,9/1/2010,System.Byte[],Waived current late fee 1.
,1575,147347,1495,45579,776994,1785,474275,91,88,349765,9/9/2010,15.0000,False,False,1/1/1900,,,9/9/2010,System.Byte[],Waived current late fee 1.
,1575,147348,1495,45579,776994,1785,474275,91,88,349765,9/9/2010,-15.0000,False,False,1/1/1900,,,9/9/2010,System.Byte[],Waived current late fee 1.
,1564,147383,1495,45579,777123,1629,474350,91,88,349789,9/9/2010,15.0000,False,False,1/1/1900,,,9/9/2010,System.Byte[],Waived current late fee 1.
,1564,147384,1495,45579,777123,1629,474350,91,88,349789,9/9/2010,-15.0000,False,False,1/1/1900,,,9/9/2010,System.Byte[],Waived current late fee 1.
,1576,147545,1495,45624,778059,1786,474942,93,88,349922,9/10/2010,15.0000,False,False,1/1/1900,,,9/10/2010,System.Byte[],Waived current late fee 1.
,1576,147546,1495,45624,778059,1786,474942,93,88,349922,9/10/2010,-15.0000,False,False,1/1/1900,,,9/10/2010,System.Byte[],Waived current late fee 1.
,1306,151793,1495,45683,808646,1509,494484,93,88,362949,9/13/2010,15.0000,False,False,1/1/1900,,,9/13/2010,System.Byte[],Waived current late fee 1.
,1306,151794,1495,45683,808646,1509,494484,93,88,362949,9/13/2010,-15.0000,False,False,1/1/1900,,,9/13/2010,System.Byte[],Waived current late fee 1.
,1435,151939,1495,45683,809007,1641,494664,93,88,363012,9/13/2010,15.0000,False,False,1/1/1900,,,9/13/2010,System.Byte[],Waived current late fee 1.
,1435,151940,1495,45683,809007,1641,494664,93,88,363012,9/13/2010,-15.0000,False,False,1/1/1900,,,9/13/2010,System.Byte[],Waived current late fee 1.
,1466,152003,1495,45683,809108,1672,494715,93,88,363052,9/13/2010,15.0000,False,False,1/1/1900,,,9/13/2010,System.Byte[],Waived current late fee 1.
,1466,152004,1495,45683,809108,1672,494715,93,88,363052,9/13/2010,-15.0000,False,False,1/1/1900,,,9/13/2010,System.Byte[],Waived current late fee 1.
,1578,152093,1495,48342,809447,1788,494915,93,88,363107,9/14/2010,15.0000,False,False,1/1/1900,,9/14/2010,9/14/2010,System.Byte[],Waived current late fee 1.
,1578,152094,1495,48342,809447,1788,494915,93,88,363107,9/14/2010,-15.0000,False,False,1/1/1900,,9/14/2010,9/14/2010,System.Byte[],Waived current late fee 1.
,38224,152239,1495,48342,809758,43182,495082,93,88,363152,9/14/2010,15.0000,False,False,1/1/1900,,,9/14/2010,System.Byte[],Waived current late fee 1.
,38224,152240,1495,48342,809758,43182,495082,93,88,363152,9/14/2010,-15.0000,False,False,1/1/1900,,,9/14/2010,System.Byte[],Waived current late fee 1.
,1578,152293,1495,48342,809843,1788,495125,93,88,363181,9/14/2010,15.0000,False,False,1/1/1900,,,9/14/2010,System.Byte[],Waived current late fee 1.
,1578,152294,1495,48342,809843,1788,495125,93,88,363181,9/14/2010,-15.0000,False,False,1/1/1900,,,9/14/2010,System.Byte[],Waived current late fee 1.
,1354,152773,1495,48437,811346,1557,495958,93,88,363401,9/17/2010,15.0000,False,False,1/1/1900,,,9/17/2010,System.Byte[],Waived current late fee 2.
,1354,152774,1495,48437,811346,1557,495958,93,88,363401,9/17/2010,-15.0000,False,False,1/1/1900,,,9/17/2010,System.Byte[],Waived current late fee 2.
,1538,152889,1495,48467,812027,8227,496301,91,88,363475,9/18/2010,14.0000,False,False,1/1/1900,,,9/18/2010,System.Byte[],Waived current late fee 1.
,1538,152890,1495,48467,812027,8227,496301,91,88,363475,9/18/2010,-14.0000,False,False,1/1/1900,,,9/18/2010,System.Byte[],Waived current late fee 1.
,1538,152891,1495,48467,812028,1745,496301,91,88,363476,9/18/2010,15.0000,False,False,1/1/1900,,,9/18/2010,System.Byte[],Waived current late fee 1.
,1538,152892,1495,48467,812028,1745,496301,91,88,363476,9/18/2010,-15.0000,False,False,1/1/1900,,,9/18/2010,System.Byte[],Waived current late fee 1.
,1454,152905,1495,48467,812082,1660,496336,91,88,363481,9/18/2010,15.0000,False,False,1/1/1900,,,9/18/2010,System.Byte[],Waived current late fee 1.
,1454,152906,1495,48467,812082,1660,496336,91,88,363481,9/18/2010,-15.0000,False,False,1/1/1900,,,9/18/2010,System.Byte[],Waived current late fee 1.
,38399,153069,1495,48497,812746,43386,496714,93,88,363576,9/20/2010,15.0000,False,False,1/1/1900,,,9/20/2010,System.Byte[],Waived current late fee 1.
,38399,153070,1495,48497,812746,43386,496714,93,88,363576,9/20/2010,-15.0000,False,False,1/1/1900,,,9/20/2010,System.Byte[],Waived current late fee 1.
,1417,153157,1495,48497,813001,1623,496859,93,88,363624,9/20/2010,15.0000,False,False,1/1/1900,,,9/20/2010,System.Byte[],Waived current late fee 1.
,1417,153158,1495,48497,813001,1623,496859,93,88,363624,9/20/2010,-15.0000,False,False,1/1/1900,,,9/20/2010,System.Byte[],Waived current late fee 1.
,30861,153270,1495,48528,813362,35603,497072,91,88,363678,9/21/2010,15.0000,False,False,1/1/1900,,,9/21/2010,System.Byte[],Waived current late fee 1.
,30861,153271,1495,48528,813362,35603,497072,91,88,363678,9/21/2010,-15.0000,False,False,1/1/1900,,,9/21/2010,System.Byte[],Waived current late fee 1.
,1577,153476,1495,48557,814194,1787,497499,91,88,363794,9/22/2010,15.0000,False,False,1/1/1900,,,9/22/2010,System.Byte[],Waived current late fee 2.
,1577,153477,1495,48557,814194,1787,497499,91,88,363794,9/22/2010,-15.0000,False,False,1/1/1900,,,9/22/2010,System.Byte[],Waived current late fee 2.
,1564,156728,1495,50933,837783,1629,514879,91,88,371918,10/4/2010,15.0000,False,False,1/1/1900,,,10/4/2010,System.Byte[],Waived current late fee 1.
,1564,156729,1495,50933,837783,1629,514879,91,88,371918,10/4/2010,-15.0000,False,False,1/1/1900,,,10/4/2010,System.Byte[],Waived current late fee 1.
,28786,156768,1495,50933,837950,33222,515008,91,88,371938,10/4/2010,15.0000,False,False,1/1/1900,,,10/4/2010,System.Byte[],Waived current late fee 1.
,28786,156769,1495,50933,837950,33222,515008,91,88,371938,10/4/2010,-15.0000,False,False,1/1/1900,,,10/4/2010,System.Byte[],Waived current late fee 1.
,1528,157058,1495,50968,839921,1735,516162,91,88,372192,10/5/2010,15.0000,False,False,1/1/1900,,,10/5/2010,System.Byte[],Waived current late fee 1.
,1528,157059,1495,50968,839921,1735,516162,91,88,372192,10/5/2010,-15.0000,False,False,1/1/1900,,,10/5/2010,System.Byte[],Waived current late fee 1.
,1581,157364,1495,51025,841344,1791,517057,91,88,372456,10/7/2010,15.0000,False,False,1/1/1900,,,10/7/2010,System.Byte[],Waived current late fee 1.
,1581,157365,1495,51025,841344,1791,517057,91,88,372456,10/7/2010,-15.0000,False,False,1/1/1900,,,10/7/2010,System.Byte[],Waived current late fee 1.
,39205,157492,1495,51055,842043,44332,517503,91,88,372556,10/8/2010,15.0000,False,False,1/1/1900,,,10/8/2010,System.Byte[],Waived current late fee 1.
,39205,157493,1495,51055,842043,44332,517503,91,88,372556,10/8/2010,-15.0000,False,False,1/1/1900,,,10/8/2010,System.Byte[],Waived current late fee 1.
,1465,157922,1495,51146,844088,1671,518768,91,88,372846,10/11/2010,15.0000,False,False,1/1/1900,,,10/11/2010,System.Byte[],Waived current late fee 2.
,1465,157923,1495,51146,844088,1671,518768,91,88,372846,10/11/2010,-15.0000,False,False,1/1/1900,,,10/11/2010,System.Byte[],Waived current late fee 2.
,1465,157924,1495,51146,844089,1671,518768,91,88,372847,10/11/2010,15.0000,False,False,1/1/1900,,,10/11/2010,System.Byte[],Waived current late fee 2.
,1465,157925,1495,51146,844089,1671,518768,91,88,372847,10/11/2010,-15.0000,False,False,1/1/1900,,,10/11/2010,System.Byte[],Waived current late fee 2.
,1507,158150,1495,51173,844760,1713,519143,91,88,372960,10/13/2010,15.0000,False,False,1/1/1900,,,10/13/2010,System.Byte[],Waived current late fee 1.
,1507,158151,1495,51173,844760,1713,519143,91,88,372960,10/13/2010,-15.0000,False,False,1/1/1900,,,10/13/2010,System.Byte[],Waived current late fee 1.
,19382,158295,1495,51201,845334,34536,519497,93,88,373026,10/14/2010,15.0000,False,False,1/1/1900,,,10/14/2010,System.Byte[],Waived current late fee 1.
,19382,158296,1495,51201,845334,34536,519497,93,88,373026,10/14/2010,-15.0000,False,False,1/1/1900,,,10/14/2010,System.Byte[],Waived current late fee 1.
,33451,158451,1495,51229,845816,37122,519790,93,88,373107,10/15/2010,15.0000,False,False,1/1/1900,,,10/15/2010,System.Byte[],Waived current late fee 1.
,33451,158452,1495,51229,845816,37122,519790,93,88,373107,10/15/2010,-15.0000,False,False,1/1/1900,,,10/15/2010,System.Byte[],Waived current late fee 1.
,19443,158782,1495,51292,847929,22377,521061,93,88,373727,10/18/2010,15.0000,False,False,1/1/1900,,,10/18/2010,System.Byte[],Waived current late fee 1.
,19443,158783,1495,51292,847929,22377,521061,93,88,373727,10/18/2010,-15.0000,False,False,1/1/1900,,,10/18/2010,System.Byte[],Waived current late fee 1.
,1403,158970,1495,51349,848846,1604,521531,91,88,373839,10/20/2010,15.0000,False,False,1/1/1900,,,10/20/2010,System.Byte[],Waived current late fee 2.
,1403,158971,1495,51349,848846,1604,521531,91,88,373839,10/20/2010,-15.0000,False,False,1/1/1900,,,10/20/2010,System.Byte[],Waived current late fee 2.
,1403,158972,1495,51349,848847,1608,521531,91,88,373840,10/20/2010,15.0000,False,False,1/1/1900,,,10/20/2010,System.Byte[],Waived current late fee 2.
,1403,158973,1495,51349,848847,1608,521531,91,88,373840,10/20/2010,-15.0000,False,False,1/1/1900,,,10/20/2010,System.Byte[],Waived current late fee 2.
,28616,159344,1495,51432,850596,33032,522471,93,88,374125,10/23/2010,15.0000,False,False,1/1/1900,,,10/23/2010,System.Byte[],Waived current late fee 1.
,28616,159345,1495,51432,850596,33032,522471,93,88,374125,10/23/2010,-15.0000,False,False,1/1/1900,,,10/23/2010,System.Byte[],Waived current late fee 1.
,1564,166122,1495,51522,860571,1773,528695,91,88,377141,10/27/2010,15.0000,False,False,1/1/1900,,,10/27/2010,System.Byte[],Waived current late fee 1.
,1564,166123,1495,51522,860571,1773,528695,91,88,377141,10/27/2010,-15.0000,False,False,1/1/1900,,,10/27/2010,System.Byte[],Waived current late fee 1.
,40323,166368,1495,52298,861137,45715,529005,91,88,377279,10/28/2010,15.0000,False,False,1/1/1900,,,10/28/2010,System.Byte[],Waived current late fee 1.
,40323,166369,1495,52298,861137,45715,529005,91,88,377279,10/28/2010,-15.0000,False,False,1/1/1900,,,10/28/2010,System.Byte[],Waived current late fee 1.
,19394,166392,1495,52298,861425,22003,529122,91,88,377312,10/28/2010,15.0000,False,False,1/1/1900,,,10/28/2010,System.Byte[],Waived current late fee 2.
,19394,166393,1495,52298,861425,22003,529122,91,88,377312,10/28/2010,-15.0000,False,False,1/1/1900,,,10/28/2010,System.Byte[],Waived current late fee 2.
,19394,166394,1495,52298,861426,22003,529122,91,88,377313,10/28/2010,15.0000,False,False,1/1/1900,,,10/28/2010,System.Byte[],Waived current late fee 2.
,19394,166395,1495,52298,861426,22003,529122,91,88,377313,10/28/2010,-15.0000,False,False,1/1/1900,,,10/28/2010,System.Byte[],Waived current late fee 2.
,1456,167075,1495,52458,867054,1662,533117,91,88,377920,11/3/2010,15.0000,False,False,1/1/1900,,,11/3/2010,System.Byte[],Waived current late fee 2.
,1456,167076,1495,52458,867054,1662,533117,91,88,377920,11/3/2010,-15.0000,False,False,1/1/1900,,,11/3/2010,System.Byte[],Waived current late fee 2.
,1456,167077,1495,52458,867055,1662,533117,91,88,377921,11/3/2010,15.0000,False,False,1/1/1900,,,11/3/2010,System.Byte[],Waived current late fee 2.
,1456,167078,1495,52458,867055,1662,533117,91,88,377921,11/3/2010,-15.0000,False,False,1/1/1900,,,11/3/2010,System.Byte[],Waived current late fee 2.
,40342,167195,1495,52492,868105,45746,533853,91,88,378065,11/4/2010,15.0000,False,False,1/1/1900,,,11/4/2010,System.Byte[],Waived current late fee 2.
,40342,167196,1495,52492,868105,45746,533853,91,88,378065,11/4/2010,-15.0000,False,False,1/1/1900,,,11/4/2010,System.Byte[],Waived current late fee 2.
,1513,167229,1495,52492,868245,1719,533939,91,88,378094,11/4/2010,15.0000,False,False,1/1/1900,,,11/4/2010,System.Byte[],Waived current late fee 1.
,1513,167230,1495,52492,868245,1719,533939,91,88,378094,11/4/2010,-15.0000,False,False,1/1/1900,,,11/4/2010,System.Byte[],Waived current late fee 1.
,39113,167299,1495,52530,868811,44219,534299,93,88,378172,11/5/2010,15.0000,False,False,1/1/1900,,,11/5/2010,System.Byte[],Waived current late fee 1.
,39113,167300,1495,52530,868811,44219,534299,93,88,378172,11/5/2010,-15.0000,False,False,1/1/1900,,,11/5/2010,System.Byte[],Waived current late fee 1.
,1435,167668,1495,52595,870946,1641,535683,93,88,378475,11/8/2010,15.0000,False,False,1/1/1900,,,11/8/2010,System.Byte[],Waived current late fee 1.
,1435,167669,1495,52595,870946,1641,535683,93,88,378475,11/8/2010,-15.0000,False,False,1/1/1900,,,11/8/2010,System.Byte[],Waived current late fee 1.
,1419,167672,1495,52595,870962,1625,535694,93,88,378477,11/8/2010,15.0000,False,False,1/1/1900,,,11/8/2010,System.Byte[],Waived current late fee 2.
,1419,167673,1495,52595,870962,1625,535694,93,88,378477,11/8/2010,-15.0000,False,False,1/1/1900,,,11/8/2010,System.Byte[],Waived current late fee 2.
,1418,168356,1495,52717,873528,1624,537239,93,88,378866,11/12/2010,15.0000,False,False,1/1/1900,,,11/12/2010,System.Byte[],Waived current late fee 2.
,1418,168357,1495,52717,873528,1624,537239,93,88,378866,11/12/2010,-15.0000,False,False,1/1/1900,,,11/12/2010,System.Byte[],Waived current late fee 2.
,1507,168486,1495,52753,873908,1713,537430,95,88,378929,11/13/2010,15.0000,False,False,1/1/1900,,,11/13/2010,System.Byte[],Waived current late fee 1.
,1507,168487,1495,52753,873908,1713,537430,95,88,378929,11/13/2010,-15.0000,False,False,1/1/1900,,,11/13/2010,System.Byte[],Waived current late fee 1.
,1306,168670,1495,52753,874345,1509,537603,95,88,378957,11/13/2010,15.0000,False,False,1/1/1900,,,11/13/2010,System.Byte[],Waived current late fee 1.
,1306,168671,1495,52753,874345,1509,537603,95,88,378957,11/13/2010,-15.0000,False,False,1/1/1900,,,11/13/2010,System.Byte[],Waived current late fee 1.
,1593,169372,1495,52852,876579,1804,538749,91,88,379376,11/17/2010,15.0000,False,False,1/1/1900,,,11/17/2010,System.Byte[],Waived current late fee 1.
,1593,169373,1495,52852,876579,1804,538749,91,88,379376,11/17/2010,-15.0000,False,False,1/1/1900,,,11/17/2010,System.Byte[],Waived current late fee 1.
,1304,169935,1495,52983,878930,1507,540020,93,88,379832,11/22/2010,15.0000,False,False,1/1/1900,,,11/22/2010,System.Byte[],Waived current late fee 2.
,1304,169936,1495,52983,878930,1507,540020,93,88,379832,11/22/2010,-15.0000,False,False,1/1/1900,,,11/22/2010,System.Byte[],Waived current late fee 2.
,40323,170833,1495,53078,881867,45715,541658,95,88,380476,11/27/2010,15.0000,False,False,1/1/1900,,,11/27/2010,System.Byte[],Waived current late fee 1.
,40323,170834,1495,53078,881867,45715,541658,95,88,380476,11/27/2010,-15.0000,False,False,1/1/1900,,,11/27/2010,System.Byte[],Waived current late fee 1.
,1425,171314,1495,53159,884198,47798,543033,93,88,380857,11/30/2010,15.0000,False,False,1/1/1900,,,11/30/2010,System.Byte[],Waived current late fee 1.
,1425,171315,1495,53159,884198,47798,543033,93,88,380857,11/30/2010,-15.0000,False,False,1/1/1900,,,11/30/2010,System.Byte[],Waived current late fee 1.
,1368,171917,1495,53297,889937,8213,547195,91,88,381521,12/4/2010,15.0000,False,False,1/1/1900,,,12/4/2010,System.Byte[],Waived current late fee 1.
,1368,171918,1495,53297,889937,8213,547195,91,88,381521,12/4/2010,-15.0000,False,False,1/1/1900,,,12/4/2010,System.Byte[],Waived current late fee 1.
,1427,172237,1495,53326,891334,1633,548148,93,88,381774,12/6/2010,15.0000,False,False,1/1/1900,,,12/6/2010,System.Byte[],Waived current late fee 1.
,1427,172238,1495,53326,891334,1633,548148,93,88,381774,12/6/2010,-15.0000,False,False,1/1/1900,,,12/6/2010,System.Byte[],Waived current late fee 1.
,1602,174212,1495,53680,899231,1814,552720,91,88,383079,12/18/2010,15.0000,False,False,1/1/1900,,,12/18/2010,System.Byte[],Waived current late fee 1.
,1602,174213,1495,53680,899231,1814,552720,91,88,383079,12/18/2010,-15.0000,False,False,1/1/1900,,,12/18/2010,System.Byte[],Waived current late fee 1.
,1445,174656,1495,53816,901678,1651,554146,93,88,383407,12/23/2010,15.0000,False,False,1/1/1900,,,12/23/2010,System.Byte[],Waived current late fee 1.
,1445,174657,1495,53816,901678,1651,554146,93,88,383407,12/23/2010,-15.0000,False,False,1/1/1900,,,12/23/2010,System.Byte[],Waived current late fee 1.
,1478,174818,1495,53849,902789,1684,554753,91,88,383544,12/27/2010,15.0000,False,False,1/1/1900,,,12/27/2010,System.Byte[],Waived current late fee 1.
,1478,174819,1495,53849,902789,1684,554753,91,88,383544,12/27/2010,-15.0000,False,False,1/1/1900,,,12/27/2010,System.Byte[],Waived current late fee 1.
,1590,175462,1495,54000,907663,1801,557949,93,88,384196,1/3/2011,15.0000,False,False,1/1/1900,,,1/3/2011,System.Byte[],Waived current late fee 1.
,1590,175463,1495,54000,907663,1801,557949,93,88,384196,1/3/2011,-15.0000,False,False,1/1/1900,,,1/3/2011,System.Byte[],Waived current late fee 1.
,1335,175945,1495,54148,913282,1538,561895,91,88,385058,1/6/2011,15.0000,False,False,1/1/1900,,,1/6/2011,System.Byte[],Waived current late fee 1.
,1335,175946,1495,54148,913282,1538,561895,91,88,385058,1/6/2011,-15.0000,False,False,1/1/1900,,,1/6/2011,System.Byte[],Waived current late fee 1.
,1575,176156,1495,54183,914072,1785,562361,91,88,385179,1/7/2011,15.0000,False,False,1/1/1900,,,1/7/2011,System.Byte[],Waived current late fee 1.
,1575,176157,1495,54183,914072,1785,562361,91,88,385179,1/7/2011,-15.0000,False,False,1/1/1900,,,1/7/2011,System.Byte[],Waived current late fee 1.
,1456,177566,1495,54380,919781,1662,565710,91,88,386276,1/14/2011,15.0000,False,False,1/1/1900,,,1/14/2011,System.Byte[],Waived current late fee 1.
,1456,177567,1495,54380,919781,1662,565710,91,88,386276,1/14/2011,-15.0000,False,False,1/1/1900,,,1/14/2011,System.Byte[],Waived current late fee 1.
,1367,178074,1495,54485,921858,1570,566893,93,88,386617,1/18/2011,15.0000,False,False,1/1/1900,,,1/18/2011,System.Byte[],Waived current late fee 2.
,1367,178075,1495,54485,921858,1570,566893,93,88,386617,1/18/2011,-15.0000,False,False,1/1/1900,,,1/18/2011,System.Byte[],Waived current late fee 2.
,1306,178648,1495,54587,923811,1509,567931,91,88,386929,1/21/2011,15.0000,False,False,1/1/1900,,,1/21/2011,System.Byte[],Waived current late fee 2.
,1306,178649,1495,54587,923811,1509,567931,91,88,386929,1/21/2011,-15.0000,False,False,1/1/1900,,,1/21/2011,System.Byte[],Waived current late fee 2.
,1517,178861,1495,54663,924926,22379,568517,93,88,387074,1/24/2011,15.0000,False,False,1/1/1900,,,1/24/2011,System.Byte[],Waived current late fee 1.
,1517,178862,1495,54663,924926,22379,568517,93,88,387074,1/24/2011,-15.0000,False,False,1/1/1900,,,1/24/2011,System.Byte[],Waived current late fee 1.
,1478,179101,1495,54698,925839,1684,568982,93,88,387232,1/25/2011,15.0000,False,False,1/1/1900,,,1/25/2011,System.Byte[],Waived current late fee 1.
,1478,179102,1495,54698,925839,1684,568982,93,88,387232,1/25/2011,-15.0000,False,False,1/1/1900,,,1/25/2011,System.Byte[],Waived current late fee 1.
,1456,179251,1495,54732,926530,1662,569339,91,88,387320,1/26/2011,15.0000,False,False,1/1/1900,,,1/26/2011,System.Byte[],Waived current late fee 2.
,1456,179252,1495,54732,926530,1662,569339,91,88,387320,1/26/2011,-15.0000,False,False,1/1/1900,,,1/26/2011,System.Byte[],Waived current late fee 2.
,1480,179399,1495,54765,927106,1686,569660,91,88,387382,1/27/2011,15.0000,False,False,1/1/1900,,,1/27/2011,System.Byte[],Waived current late fee 1.
,1480,179400,1495,54765,927106,1686,569660,91,88,387382,1/27/2011,-15.0000,False,False,1/1/1900,,,1/27/2011,System.Byte[],Waived current late fee 1.
,41989,179841,1495,54874,929356,47770,570934,91,88,387718,1/31/2011,15.0000,False,False,1/1/1900,,,1/31/2011,System.Byte[],Waived current late fee 1.
,41989,179842,1495,54874,929356,47770,570934,91,88,387718,1/31/2011,-15.0000,False,False,1/1/1900,,,1/31/2011,System.Byte[],Waived current late fee 1.
,1498,180498,1495,55020,935803,1704,575524,93,88,388215,2/4/2011,15.0000,False,False,1/1/1900,,,2/4/2011,System.Byte[],Waived current late fee 1.
,1498,180499,1495,55020,935803,1704,575524,93,88,388215,2/4/2011,-15.0000,False,False,1/1/1900,,,2/4/2011,System.Byte[],Waived current late fee 1.
,1347,180653,1495,55057,937256,1550,576467,93,88,388358,2/5/2011,1.0000,False,False,1/1/1900,,,2/5/2011,System.Byte[],Waived current late fee 2.
,1347,180654,1495,55057,937256,1550,576467,93,88,388358,2/5/2011,-1.0000,False,False,1/1/1900,,,2/5/2011,System.Byte[],Waived current late fee 2.
,29809,181165,1495,55139,939646,34518,577953,93,88,388760,2/8/2011,15.0000,False,False,1/1/1900,,,2/8/2011,System.Byte[],Waived current late fee 1.
,29809,181166,1495,55139,939646,34518,577953,93,88,388760,2/8/2011,-15.0000,False,False,1/1/1900,,,2/8/2011,System.Byte[],Waived current late fee 1.
,1367,181209,1495,55139,939743,1570,577999,93,88,388782,2/8/2011,15.0000,False,False,1/1/1900,,,2/8/2011,System.Byte[],Waived current late fee 1.
,1367,181210,1495,55139,939743,1570,577999,93,88,388782,2/8/2011,-15.0000,False,False,1/1/1900,,,2/8/2011,System.Byte[],Waived current late fee 1.
,39092,181461,1495,55179,940609,44197,578477,91,88,388982,2/9/2011,15.0000,False,False,1/1/1900,,,2/9/2011,System.Byte[],Waived current late fee 1.
,39092,181462,1495,55179,940609,44197,578477,91,88,388982,2/9/2011,-15.0000,False,False,1/1/1900,,,2/9/2011,System.Byte[],Waived current late fee 1.
,1538,181954,1495,55247,942548,8227,579587,93,88,389289,2/11/2011,15.0000,False,False,1/1/1900,,,2/11/2011,System.Byte[],Waived current late fee 1.
,1538,181955,1495,55247,942548,8227,579587,93,88,389289,2/11/2011,-15.0000,False,False,1/1/1900,,,2/11/2011,System.Byte[],Waived current late fee 1.
,1417,182086,1495,55287,943045,1623,579879,91,88,389381,2/12/2011,1.0000,False,False,1/1/1900,,,2/12/2011,System.Byte[],Waived current late fee 1.
,1417,182087,1495,55287,943045,1623,579879,91,88,389381,2/12/2011,-1.0000,False,False,1/1/1900,,,2/12/2011,System.Byte[],Waived current late fee 1.
,1501,182096,1495,55287,943078,1707,579892,91,88,389397,2/12/2011,15.0000,False,False,1/1/1900,,,2/12/2011,System.Byte[],Waived current late fee 1.
,1501,182097,1495,55287,943078,1707,579892,91,88,389397,2/12/2011,-15.0000,False,False,1/1/1900,,,2/12/2011,System.Byte[],Waived current late fee 1.
,1506,182869,1495,55394,945588,1712,581240,91,88,389747,2/16/2011,15.0000,False,False,1/1/1900,,,2/16/2011,System.Byte[],Waived current late fee 1.
,1506,182870,1495,55394,945588,1712,581240,91,88,389747,2/16/2011,-15.0000,False,False,1/1/1900,,,2/16/2011,System.Byte[],Waived current late fee 1.
,19281,183337,1495,55536,947707,21889,582279,93,88,390035,2/19/2011,15.0000,False,False,1/1/1900,,,2/19/2011,System.Byte[],Waived current late fee 2.
,19281,183338,1495,55536,947707,21889,582279,93,88,390035,2/19/2011,-15.0000,False,False,1/1/1900,,,2/19/2011,System.Byte[],Waived current late fee 2.
,19394,184904,1495,55828,956866,22003,588224,93,88,391032,3/1/2011,15.0000,False,False,1/1/1900,,,3/1/2011,System.Byte[],Waived current late fee 2.
,19394,184905,1495,55828,956866,22003,588224,93,88,391032,3/1/2011,-15.0000,False,False,1/1/1900,,,3/1/2011,System.Byte[],Waived current late fee 2.
,44336,186557,1495,56123,965328,50170,593638,93,88,392212,3/10/2011,15.0000,False,False,1/1/1900,,,3/10/2011,System.Byte[],Waived current late fee 2.
,44336,186558,1495,56123,965328,50170,593638,93,88,392212,3/10/2011,-15.0000,False,False,1/1/1900,,,3/10/2011,System.Byte[],Waived current late fee 2.
,44336,186559,1495,56123,965329,50170,593638,93,88,392213,3/10/2011,15.0000,False,False,1/1/1900,,,3/10/2011,System.Byte[],Waived current late fee 2.
,44336,186560,1495,56123,965329,50170,593638,93,88,392213,3/10/2011,-15.0000,False,False,1/1/1900,,,3/10/2011,System.Byte[],Waived current late fee 2.
,1507,187052,1495,56195,967176,1713,594645,93,88,392466,3/14/2011,15.0000,False,False,1/1/1900,,,3/14/2011,System.Byte[],Waived current late fee 1.
,1507,187053,1495,56195,967176,1713,594645,93,88,392466,3/14/2011,-15.0000,False,False,1/1/1900,,,3/14/2011,System.Byte[],Waived current late fee 1.
,1506,187080,1495,56195,967228,1712,594677,93,88,392476,3/14/2011,15.0000,False,False,1/1/1900,,,3/14/2011,System.Byte[],Waived current late fee 1.
,1506,187081,1495,56195,967228,1712,594677,93,88,392476,3/14/2011,-15.0000,False,False,1/1/1900,,,3/14/2011,System.Byte[],Waived current late fee 1.
,1445,188594,1495,56418,971656,1651,597108,93,88,393310,3/21/2011,15.0000,False,False,1/1/1900,,,3/21/2011,System.Byte[],Waived current late fee 1.
,1445,188595,1495,56418,971656,1651,597108,93,88,393310,3/21/2011,-15.0000,False,False,1/1/1900,,,3/21/2011,System.Byte[],Waived current late fee 1.
,1397,189206,1495,56564,973875,1601,598215,91,88,393636,3/24/2011,15.0000,False,False,1/1/1900,,,3/24/2011,System.Byte[],Waived current late fee 1.
,1397,189207,1495,56564,973875,1601,598215,91,88,393636,3/24/2011,-15.0000,False,False,1/1/1900,,,3/24/2011,System.Byte[],Waived current late fee 1.
,1427,189367,1495,56564,974401,1633,598508,93,88,393739,3/25/2011,15.0000,False,False,1/1/1900,,,3/25/2011,System.Byte[],Waived current late fee 1.
,1427,189368,1495,56564,974401,1633,598508,93,88,393739,3/25/2011,-15.0000,False,False,1/1/1900,,,3/25/2011,System.Byte[],Waived current late fee 1.
,1341,189551,1495,56595,974949,1544,598771,91,88,393845,3/26/2011,15.0000,False,False,1/1/1900,,,3/26/2011,System.Byte[],Waived current late fee 1.
,1341,189552,1495,56595,974949,1544,598771,91,88,393845,3/26/2011,-15.0000,False,False,1/1/1900,,,3/26/2011,System.Byte[],Waived current late fee 1.
,1495,191044,1495,56860,983725,8222,604775,91,88,394986,4/4/2011,15.0000,False,False,1/1/1900,,,4/4/2011,System.Byte[],Waived current late fee 1.
,1495,191045,1495,56860,983725,8222,604775,91,88,394986,4/4/2011,-15.0000,False,False,1/1/1900,,,4/4/2011,System.Byte[],Waived current late fee 1.
,1303,191064,1495,56860,984062,1506,605021,91,88,395013,4/4/2011,15.0000,False,False,1/1/1900,,,4/4/2011,System.Byte[],Waived current late fee 1.
,1303,191065,1495,56860,984062,1506,605021,91,88,395013,4/4/2011,-15.0000,False,False,1/1/1900,,,4/4/2011,System.Byte[],Waived current late fee 1.
,1592,191795,1495,57010,988018,1803,607655,95,88,395592,4/8/2011,15.0000,False,False,1/1/1900,,,4/8/2011,System.Byte[],Waived current late fee 1.
,1592,191796,1495,57010,988018,1803,607655,95,88,395592,4/8/2011,-15.0000,False,False,1/1/1900,,,4/8/2011,System.Byte[],Waived current late fee 1.
,1563,192021,1495,57086,989329,1772,608454,93,88,395780,4/11/2011,15.0000,False,False,1/1/1900,,,4/11/2011,System.Byte[],Waived current late fee 1.
,1563,192022,1495,57086,989329,1772,608454,93,88,395780,4/11/2011,-15.0000,False,False,1/1/1900,,,4/11/2011,System.Byte[],Waived current late fee 1.
,1400,192175,1495,57086,989780,1605,608730,93,88,395879,4/11/2011,15.0000,False,False,1/1/1900,,,4/11/2011,System.Byte[],Waived current late fee 1.
,1400,192176,1495,57086,989780,1605,608730,93,88,395879,4/11/2011,-15.0000,False,False,1/1/1900,,,4/11/2011,System.Byte[],Waived current late fee 1.
,1575,192865,1495,57130,990618,1785,609104,93,88,395940,4/12/2011,15.0000,False,False,1/1/1900,,,4/12/2011,System.Byte[],Waived current late fee 1.
,1575,192866,1495,57130,990618,1785,609104,93,88,395940,4/12/2011,-15.0000,False,False,1/1/1900,,,4/12/2011,System.Byte[],Waived current late fee 1.
,42583,192873,1495,57130,990655,48488,609121,93,88,395948,4/12/2011,15.0000,False,False,1/1/1900,,,4/12/2011,System.Byte[],Waived current late fee 2.
,42583,192874,1495,57130,990655,48488,609121,93,88,395948,4/12/2011,-15.0000,False,False,1/1/1900,,,4/12/2011,System.Byte[],Waived current late fee 2.
,1291,193459,1495,57234,992313,1819,610076,91,88,396296,4/15/2011,10.0000,False,False,1/1/1900,,,4/15/2011,System.Byte[],Waived current late fee 1.
,1291,193460,1495,57234,992313,1819,610076,91,88,396296,4/15/2011,-10.0000,False,False,1/1/1900,,,4/15/2011,System.Byte[],Waived current late fee 1.
,1518,194988,1495,57455,997192,1724,612832,93,88,397065,4/23/2011,15.0000,False,False,1/1/1900,,,4/23/2011,System.Byte[],Waived current late fee 1.
,1518,194989,1495,57455,997192,1724,612832,93,88,397065,4/23/2011,-15.0000,False,False,1/1/1900,,,4/23/2011,System.Byte[],Waived current late fee 1.
,30861,196043,1495,57695,1001971,35603,615580,95,88,397698,4/30/2011,15.0000,False,False,1/1/1900,,,4/30/2011,System.Byte[],Waived current late fee 1.
,30861,196044,1495,57695,1001971,35603,615580,95,88,397698,4/30/2011,-15.0000,False,False,1/1/1900,,,4/30/2011,System.Byte[],Waived current late fee 1.
,40293,196619,1495,57811,1006885,33237,619312,93,88,398081,5/3/2011,15.0000,False,False,1/1/1900,,,5/3/2011,System.Byte[],Waived current late fee 1.
,40293,196620,1495,57811,1006885,33237,619312,93,88,398081,5/3/2011,-15.0000,False,False,1/1/1900,,,5/3/2011,System.Byte[],Waived current late fee 1.
,1547,197223,1495,57923,1010640,54406,621721,93,88,398609,5/7/2011,15.0000,False,False,1/1/1900,,,5/7/2011,System.Byte[],Waived current late fee 2.
,1547,197224,1495,57923,1010640,54406,621721,93,88,398609,5/7/2011,-15.0000,False,False,1/1/1900,,,5/7/2011,System.Byte[],Waived current late fee 2.
,1566,197355,1495,57962,1011542,44381,622298,93,88,398705,5/9/2011,15.0000,False,False,1/1/1900,,,5/9/2011,System.Byte[],Waived current late fee 1.
,1566,197356,1495,57962,1011542,44381,622298,93,88,398705,5/9/2011,-15.0000,False,False,1/1/1900,,,5/9/2011,System.Byte[],Waived current late fee 1.
,1303,197423,1495,57962,1011927,1506,622542,93,88,398768,5/9/2011,15.0000,False,False,1/1/1900,,,5/9/2011,System.Byte[],Waived current late fee 2.
,1303,197424,1495,57962,1011927,1506,622542,93,88,398768,5/9/2011,-15.0000,False,False,1/1/1900,,,5/9/2011,System.Byte[],Waived current late fee 2.
,1574,197467,1495,58002,1012296,8212,622780,93,88,398816,5/10/2011,15.0000,False,False,1/1/1900,,,5/10/2011,System.Byte[],Waived current late fee 1.
,1574,197468,1495,58002,1012296,8212,622780,93,88,398816,5/10/2011,-15.0000,False,False,1/1/1900,,,5/10/2011,System.Byte[],Waived current late fee 1.
,1574,197469,1495,58002,1012297,1784,622780,93,88,398817,5/10/2011,15.0000,False,False,1/1/1900,,,5/10/2011,System.Byte[],Waived current late fee 1.
,1574,197470,1495,58002,1012297,1784,622780,93,88,398817,5/10/2011,-15.0000,False,False,1/1/1900,,,5/10/2011,System.Byte[],Waived current late fee 1.
,47214,197475,1495,58002,1012309,53565,622787,93,88,398821,5/10/2011,15.0000,False,False,1/1/1900,,,5/10/2011,System.Byte[],Waived current late fee 2.
,47214,197476,1495,58002,1012309,53565,622787,93,88,398821,5/10/2011,-15.0000,False,False,1/1/1900,,,5/10/2011,System.Byte[],Waived current late fee 2.
,47214,197477,1495,58002,1012310,53565,622787,93,88,398822,5/10/2011,15.0000,False,False,1/1/1900,,,5/10/2011,System.Byte[],Waived current late fee 2.
,47214,197478,1495,58002,1012310,53565,622787,93,88,398822,5/10/2011,-15.0000,False,False,1/1/1900,,,5/10/2011,System.Byte[],Waived current late fee 2.
,19424,199391,1495,58178,1017068,22314,625310,93,88,399720,5/16/2011,15.0000,False,False,1/1/1900,,,5/16/2011,System.Byte[],Waived current late fee 1.
,19424,199392,1495,58178,1017068,22314,625310,93,88,399720,5/16/2011,-15.0000,False,False,1/1/1900,,,5/16/2011,System.Byte[],Waived current late fee 1.
,48605,199467,1495,58178,1017294,54988,625441,93,88,399767,5/16/2011,15.0000,False,False,1/1/1900,,,5/16/2011,System.Byte[],Waived current late fee 1.
,48605,199468,1495,58178,1017294,54988,625441,93,88,399767,5/16/2011,-15.0000,False,False,1/1/1900,,,5/16/2011,System.Byte[],Waived current late fee 1.
,1293,199477,1495,58178,1017400,48619,625495,93,88,399772,5/16/2011,15.0000,False,False,1/1/1900,,,5/16/2011,System.Byte[],Waived current late fee 1.
,1293,199478,1495,58178,1017400,48619,625495,93,88,399772,5/16/2011,-15.0000,False,False,1/1/1900,,,5/16/2011,System.Byte[],Waived current late fee 1.
,46839,199507,1495,58222,1017517,53181,625558,93,88,399788,5/16/2011,15.0000,False,False,1/1/1900,,,5/16/2011,System.Byte[],Waived current late fee 1.
,46839,199508,1495,58222,1017517,53181,625558,93,88,399788,5/16/2011,-15.0000,False,False,1/1/1900,,,5/16/2011,System.Byte[],Waived current late fee 1.
,1427,200678,1495,58469,1022406,1633,628238,91,88,400522,5/25/2011,15.0000,False,False,5/25/2011,,,5/25/2011,System.Byte[],Waived current late fee 1.
,1427,200679,1495,58469,1022406,1633,628238,91,88,400522,5/25/2011,-15.0000,False,False,5/25/2011,,,5/25/2011,System.Byte[],Waived current late fee 1.
,47823,200700,1495,58469,1022501,54266,628305,91,88,400536,5/25/2011,15.0000,False,False,5/25/2011,,,5/25/2011,System.Byte[],Waived current late fee 1.
,47823,200701,1495,58469,1022501,54266,628305,91,88,400536,5/25/2011,-15.0000,False,False,5/25/2011,,,5/25/2011,System.Byte[],Waived current late fee 1.
,1520,201568,1495,58653,1028179,1726,632273,91,88,401127,6/1/2011,15.0000,False,False,6/1/2011,,,6/1/2011,System.Byte[],Waived current late fee 1.
,1520,201569,1495,58653,1028179,1726,632273,91,88,401127,6/1/2011,-15.0000,False,False,6/1/2011,,,6/1/2011,System.Byte[],Waived current late fee 1.
,1397,201600,1495,58653,1028423,1601,632440,91,88,401146,6/1/2011,15.0000,False,False,6/1/2011,,,6/1/2011,System.Byte[],Waived current late fee 1.
,1397,201601,1495,58653,1028423,1601,632440,91,88,401146,6/1/2011,-15.0000,False,False,6/1/2011,,,6/1/2011,System.Byte[],Waived current late fee 1.
,48168,201901,1495,58726,1030773,54562,634145,93,88,401334,6/3/2011,15.0000,False,False,6/3/2011,,,6/3/2011,System.Byte[],Waived current late fee 1.
,48168,201902,1495,58726,1030773,54562,634145,93,88,401334,6/3/2011,-15.0000,False,False,6/3/2011,,,6/3/2011,System.Byte[],Waived current late fee 1.
,48605,202051,1495,58726,1031555,54988,634666,93,88,401395,6/3/2011,15.0000,False,False,6/3/2011,,,6/3/2011,System.Byte[],Waived current late fee 2.
,48605,202052,1495,58726,1031555,54988,634666,93,88,401395,6/3/2011,-15.0000,False,False,6/3/2011,,,6/3/2011,System.Byte[],Waived current late fee 2.
,1478,202409,1495,58802,1033249,1684,635755,93,88,401583,6/6/2011,15.0000,False,False,6/6/2011,,,6/6/2011,System.Byte[],Waived current late fee 2.
,1478,202410,1495,58802,1033249,1684,635755,93,88,401583,6/6/2011,-15.0000,False,False,6/6/2011,,,6/6/2011,System.Byte[],Waived current late fee 2.
,1478,202411,1495,58802,1033250,1684,635755,93,88,401584,6/6/2011,15.0000,False,False,6/6/2011,,,6/6/2011,System.Byte[],Waived current late fee 2.
,1478,202412,1495,58802,1033250,1684,635755,93,88,401584,6/6/2011,-15.0000,False,False,6/6/2011,,,6/6/2011,System.Byte[],Waived current late fee 2.
,1367,202684,1495,58850,1034641,1570,636694,93,88,401757,6/7/2011,15.0000,False,False,6/7/2011,,,6/7/2011,System.Byte[],Waived current late fee 1.
,1367,202685,1495,58850,1034641,1570,636694,93,88,401757,6/7/2011,-15.0000,False,False,6/7/2011,,,6/7/2011,System.Byte[],Waived current late fee 1.
,1520,202818,1495,58881,1035254,1726,637060,91,88,401855,6/8/2011,15.0000,False,False,6/8/2011,,,6/8/2011,System.Byte[],Waived current late fee 2.
,1520,202819,1495,58881,1035254,1726,637060,91,88,401855,6/8/2011,-15.0000,False,False,6/8/2011,,,6/8/2011,System.Byte[],Waived current late fee 2.
,1581,202964,1495,58913,1035952,8223,637513,91,88,401934,6/9/2011,15.0000,False,False,6/9/2011,,,6/9/2011,System.Byte[],Waived current late fee 1.
,1581,202965,1495,58913,1035952,8223,637513,91,88,401934,6/9/2011,-15.0000,False,False,6/9/2011,,,6/9/2011,System.Byte[],Waived current late fee 1.
,1581,202966,1495,58913,1035953,53566,637513,91,88,401935,6/9/2011,15.0000,False,False,6/9/2011,,,6/9/2011,System.Byte[],Waived current late fee 1.
,1581,202967,1495,58913,1035953,53566,637513,91,88,401935,6/9/2011,-15.0000,False,False,6/9/2011,,,6/9/2011,System.Byte[],Waived current late fee 1.
,1581,202968,1495,58913,1035954,1791,637513,91,88,401936,6/9/2011,15.0000,False,False,6/9/2011,,,6/9/2011,System.Byte[],Waived current late fee 1.
,1581,202969,1495,58913,1035954,1791,637513,91,88,401936,6/9/2011,-15.0000,False,False,6/9/2011,,,6/9/2011,System.Byte[],Waived current late fee 1.
,1319,203128,1495,58947,1036676,1522,637922,91,88,402020,6/10/2011,15.0000,False,False,6/10/2011,,,6/10/2011,System.Byte[],Waived current late fee 1.
,1319,203129,1495,58947,1036676,1522,637922,91,88,402020,6/10/2011,-15.0000,False,False,6/10/2011,,,6/10/2011,System.Byte[],Waived current late fee 1.
,1380,203148,1495,58947,1036769,1583,637977,91,88,402028,6/10/2011,15.0000,False,False,6/10/2011,,,6/10/2011,System.Byte[],Waived current late fee 1.
,1380,203149,1495,58947,1036769,1583,637977,91,88,402028,6/10/2011,-15.0000,False,False,6/10/2011,,,6/10/2011,System.Byte[],Waived current late fee 1.
,19424,204497,1495,59166,1041627,22314,640710,91,88,402843,6/17/2011,15.0000,False,False,6/17/2011,,,6/17/2011,System.Byte[],Waived current late fee 1.
,19424,204498,1495,59166,1041627,22314,640710,91,88,402843,6/17/2011,-15.0000,False,False,6/17/2011,,,6/17/2011,System.Byte[],Waived current late fee 1.
,48905,205920,1495,59514,1049153,55281,644408,93,88,405735,6/28/2011,15.0000,False,False,6/28/2011,,,6/28/2011,System.Byte[],Waived current late fee 1.
,48905,205921,1495,59514,1049153,55281,644408,93,88,405735,6/28/2011,-15.0000,False,False,6/28/2011,,,6/28/2011,System.Byte[],Waived current late fee 1.
,47255,206270,1495,59582,1051164,53628,645538,91,88,406024,6/30/2011,15.0000,False,False,6/30/2011,,,6/30/2011,System.Byte[],Waived current late fee 1.
,47255,206271,1495,59582,1051164,53628,645538,91,88,406024,6/30/2011,-15.0000,False,False,6/30/2011,,,6/30/2011,System.Byte[],Waived current late fee 1.
,48934,206329,1495,59621,1051536,55305,645777,91,88,406077,6/30/2011,15.0000,False,False,6/30/2011,,,6/30/2011,System.Byte[],Waived current late fee 1.
,48934,206330,1495,59621,1051536,55305,645777,91,88,406077,6/30/2011,-15.0000,False,False,6/30/2011,,,6/30/2011,System.Byte[],Waived current late fee 1.
,48934,206331,1495,59621,1051537,55656,645777,91,88,406078,6/30/2011,15.0000,False,False,6/30/2011,,,6/30/2011,System.Byte[],Waived current late fee 1.
,48934,206332,1495,59621,1051537,55656,645777,91,88,406078,6/30/2011,-15.0000,False,False,6/30/2011,,,6/30/2011,System.Byte[],Waived current late fee 1.
,49118,206637,1495,59661,1055443,55496,648801,91,88,406298,7/2/2011,15.0000,False,False,7/2/2011,,,7/2/2011,System.Byte[],Waived current late fee 1.
,49118,206638,1495,59661,1055443,55496,648801,91,88,406298,7/2/2011,-15.0000,False,False,7/2/2011,,,7/2/2011,System.Byte[],Waived current late fee 1.
,49193,206839,1495,59730,1056675,55588,649679,91,88,406428,7/5/2011,15.0000,False,False,7/5/2011,,,7/5/2011,System.Byte[],Waived current late fee 1.
,49193,206840,1495,59730,1056675,55588,649679,91,88,406428,7/5/2011,-15.0000,False,False,7/5/2011,,,7/5/2011,System.Byte[],Waived current late fee 1.
,1495,206849,1495,59730,1056785,8222,649766,91,88,406432,7/5/2011,15.0000,False,False,7/5/2011,,,7/5/2011,System.Byte[],Waived current late fee 1.
,1495,206850,1495,59730,1056785,8222,649766,91,88,406432,7/5/2011,-15.0000,False,False,7/5/2011,,,7/5/2011,System.Byte[],Waived current late fee 1.
,49182,207059,1495,59754,1058242,55568,650796,95,88,406586,7/6/2011,15.0000,False,False,7/6/2011,,,7/6/2011,System.Byte[],Waived current late fee 1.
,49182,207060,1495,59754,1058242,55568,650796,95,88,406586,7/6/2011,-15.0000,False,False,7/6/2011,,,7/6/2011,System.Byte[],Waived current late fee 1.
,1576,207995,1495,59948,1062790,1786,653718,93,88,407178,7/12/2011,15.0000,False,False,7/12/2011,,,7/12/2011,System.Byte[],Waived current late fee 1.
,1576,207996,1495,59948,1062790,1786,653718,93,88,407178,7/12/2011,-15.0000,False,False,7/12/2011,,,7/12/2011,System.Byte[],Waived current late fee 1.
,1563,208059,1495,59948,1062934,1772,653790,93,88,407208,7/12/2011,15.0000,False,False,7/12/2011,,,7/12/2011,System.Byte[],Waived current late fee 1.
,1563,208060,1495,59948,1062934,1772,653790,93,88,407208,7/12/2011,-15.0000,False,False,7/12/2011,,,7/12/2011,System.Byte[],Waived current late fee 1.
,1564,208105,1495,59948,1063137,1773,653911,93,88,407234,7/12/2011,15.0000,False,False,7/12/2011,,,7/12/2011,System.Byte[],Waived current late fee 2.
,1564,208106,1495,59948,1063137,1773,653911,93,88,407234,7/12/2011,-15.0000,False,False,7/12/2011,,,7/12/2011,System.Byte[],Waived current late fee 2.
,1564,208107,1495,59948,1063138,1773,653911,93,88,407235,7/12/2011,15.0000,False,False,7/12/2011,,,7/12/2011,System.Byte[],Waived current late fee 2.
,1564,208108,1495,59948,1063138,1773,653911,93,88,407235,7/12/2011,-15.0000,False,False,7/12/2011,,,7/12/2011,System.Byte[],Waived current late fee 2.
,50774,208865,1495,60022,1066593,57104,655055,91,88,409454,7/14/2011,15.0000,False,False,7/14/2011,,,7/14/2011,System.Byte[],Waived current late fee 1.
,50774,208866,1495,60022,1066593,57104,655055,91,88,409454,7/14/2011,-15.0000,False,False,7/14/2011,,,7/14/2011,System.Byte[],Waived current late fee 1.
,1516,210177,1495,60139,1068866,58784,656386,93,88,409704,7/18/2011,15.0000,False,False,7/18/2011,,,7/18/2011,System.Byte[],Waived current late fee 1.
,1516,210178,1495,60139,1068866,58784,656386,93,88,409704,7/18/2011,-15.0000,False,False,7/18/2011,,,7/18/2011,System.Byte[],Waived current late fee 1.
,46455,210259,1495,60139,1069263,52764,656602,93,88,409756,7/18/2011,15.0000,False,False,7/18/2011,,,7/18/2011,System.Byte[],Waived current late fee 2.
,46455,210260,1495,60139,1069263,52764,656602,93,88,409756,7/18/2011,-15.0000,False,False,7/18/2011,,,7/18/2011,System.Byte[],Waived current late fee 2.
,39206,210707,1495,60178,1070100,44333,656973,93,88,409977,7/19/2011,15.0000,False,False,7/19/2011,,,7/19/2011,System.Byte[],Waived current late fee 2.
,39206,210708,1495,60178,1070100,44333,656973,93,88,409977,7/19/2011,-15.0000,False,False,7/19/2011,,,7/19/2011,System.Byte[],Waived current late fee 2.
,19424,211383,1495,60369,1074189,22314,658772,93,88,410438,7/25/2011,15.0000,False,False,7/25/2011,,,7/25/2011,System.Byte[],Waived current late fee 2.
,19424,211384,1495,60369,1074189,22314,658772,93,88,410438,7/25/2011,-15.0000,False,False,7/25/2011,,,7/25/2011,System.Byte[],Waived current late fee 2.
,19380,211471,1495,60369,1074563,21987,659006,93,88,410507,7/25/2011,15.0000,False,False,7/25/2011,,,7/25/2011,System.Byte[],Waived current late fee 1.
,19380,211472,1495,60369,1074563,21987,659006,93,88,410507,7/25/2011,-15.0000,False,False,7/25/2011,,,7/25/2011,System.Byte[],Waived current late fee 1.
,19394,245973,1495,62359,1140620,22003,678959,91,88,437698,7/30/2011,15.0000,False,False,7/30/2011,,,7/30/2011,System.Byte[],Waived current late fee 2.
,19394,245974,1495,62359,1140620,22003,678959,91,88,437698,7/30/2011,-15.0000,False,False,7/30/2011,,,7/30/2011,System.Byte[],Waived current late fee 2.
,1419,247141,1495,62603,1149452,1625,685320,93,88,438468,8/5/2011,15.0000,False,False,8/5/2011,,,8/5/2011,System.Byte[],Waived current late fee 2.
,1419,247142,1495,62603,1149452,1625,685320,93,88,438468,8/5/2011,-15.0000,False,False,8/5/2011,,,8/5/2011,System.Byte[],Waived current late fee 2.
,1480,248298,1495,62728,1153387,1686,687820,95,88,438989,8/11/2011,15.0000,False,False,8/11/2011,,,8/11/2011,System.Byte[],Waived current late fee 1.
,1480,248299,1495,62728,1153387,1686,687820,95,88,438989,8/11/2011,-15.0000,False,False,8/11/2011,,,8/11/2011,System.Byte[],Waived current late fee 1.
,50975,255755,1495,66010,1183993,57300,706000,93,88,446675,8/19/2011,15.0000,False,False,8/19/2011,,,8/19/2011,System.Byte[],Waived current late fee 1.
,50975,255756,1495,66010,1183993,57300,706000,93,88,446675,8/19/2011,-15.0000,False,False,8/19/2011,,,8/19/2011,System.Byte[],Waived current late fee 1.
,1293,255902,1495,66089,1184850,48619,706478,93,88,446817,8/20/2011,15.0000,False,False,8/20/2011,,,8/20/2011,System.Byte[],Waived current late fee 1.
,1293,255903,1495,66089,1184850,48619,706478,93,88,446817,8/20/2011,-15.0000,False,False,8/20/2011,,,8/20/2011,System.Byte[],Waived current late fee 1.
,1419,256903,1495,66260,1188533,1625,708551,93,88,447397,8/26/2011,15.0000,False,False,8/26/2011,,,8/26/2011,System.Byte[],Waived current late fee 1.
,1419,256904,1495,66260,1188533,1625,708551,93,88,447397,8/26/2011,-15.0000,False,False,8/26/2011,,,8/26/2011,System.Byte[],Waived current late fee 1.
,1551,257129,1495,66327,1189602,1759,709174,93,88,447567,8/29/2011,15.0000,False,False,8/29/2011,,,8/29/2011,System.Byte[],Waived current late fee 1.
,1551,257130,1495,66327,1189602,1759,709174,93,88,447567,8/29/2011,-15.0000,False,False,8/29/2011,,,8/29/2011,System.Byte[],Waived current late fee 1.
,49182,258358,1495,66546,1197835,55568,715034,93,88,448262,9/3/2011,15.0000,False,False,9/3/2011,,,9/3/2011,System.Byte[],Waived current late fee 1.
,49182,258359,1495,66546,1197835,55568,715034,93,88,448262,9/3/2011,-15.0000,False,False,9/3/2011,,,9/3/2011,System.Byte[],Waived current late fee 1.
,1427,258364,1495,66546,1197842,1633,715037,93,88,448265,9/3/2011,15.0000,False,False,9/3/2011,,,9/3/2011,System.Byte[],Waived current late fee 2.
,1427,258365,1495,66546,1197842,1633,715037,93,88,448265,9/3/2011,-15.0000,False,False,9/3/2011,,,9/3/2011,System.Byte[],Waived current late fee 2.
,1520,259562,1495,66682,1201934,1726,717683,91,88,448803,9/8/2011,15.0000,False,False,9/8/2011,,,9/8/2011,System.Byte[],Waived current late fee 2.
,1520,259563,1495,66682,1201934,1726,717683,91,88,448803,9/8/2011,-15.0000,False,False,9/8/2011,,,9/8/2011,System.Byte[],Waived current late fee 2.
,1520,259564,1495,66682,1201935,1726,717683,91,88,448804,9/8/2011,15.0000,False,False,9/8/2011,,,9/8/2011,System.Byte[],Waived current late fee 2.
,1520,259565,1495,66682,1201935,1726,717683,91,88,448804,9/8/2011,-15.0000,False,False,9/8/2011,,,9/8/2011,System.Byte[],Waived current late fee 2.
,1415,259774,1495,66717,1202691,1620,718152,93,88,448921,9/9/2011,15.0000,False,False,9/9/2011,,,9/9/2011,System.Byte[],Waived current late fee 1.
,1415,259775,1495,66717,1202691,1620,718152,93,88,448921,9/9/2011,-15.0000,False,False,9/9/2011,,,9/9/2011,System.Byte[],Waived current late fee 1.
,1349,259780,1495,66717,1202718,1552,718169,93,88,448923,9/9/2011,15.0000,False,False,9/9/2011,,,9/9/2011,System.Byte[],Waived current late fee 1.
,1349,259781,1495,66717,1202718,1552,718169,93,88,448923,9/9/2011,-15.0000,False,False,9/9/2011,,,9/9/2011,System.Byte[],Waived current late fee 1.
,1534,261338,1495,67074,1212687,1741,723403,95,88,452891,9/21/2011,15.0000,False,False,9/21/2011,,,9/21/2011,System.Byte[],Waived current late fee 1.
,1534,261339,1495,67074,1212687,1741,723403,95,88,452891,9/21/2011,-15.0000,False,False,9/21/2011,,,9/21/2011,System.Byte[],Waived current late fee 1.
,19424,262101,1495,67255,1216004,22314,725159,91,88,453444,9/26/2011,15.0000,False,False,9/26/2011,,,9/26/2011,System.Byte[],Waived current late fee 2.
,19424,262102,1495,67255,1216004,22314,725159,91,88,453444,9/26/2011,-15.0000,False,False,9/26/2011,,,9/26/2011,System.Byte[],Waived current late fee 2.
,19424,262103,1495,67255,1216006,22314,725159,91,88,453445,9/26/2011,15.0000,False,False,9/26/2011,,,9/26/2011,System.Byte[],Waived current late fee 2.
,19424,262104,1495,67255,1216006,22314,725159,91,88,453445,9/26/2011,-15.0000,False,False,9/26/2011,,,9/26/2011,System.Byte[],Waived current late fee 2.
,49646,266227,1495,70185,1231398,56049,735892,93,88,461379,9/30/2011,15.0000,False,False,9/30/2011,,,9/30/2011,System.Byte[],Waived current late fee 2.
,49646,266228,1495,70185,1231398,56049,735892,93,88,461379,9/30/2011,-15.0000,False,False,9/30/2011,,,9/30/2011,System.Byte[],Waived current late fee 2.
,53223,266511,1495,70213,1234519,59663,738236,95,88,461612,10/1/2011,15.0000,False,False,10/1/2011,,,10/1/2011,System.Byte[],Waived current late fee 1.
,53223,266512,1495,70213,1234519,59663,738236,95,88,461612,10/1/2011,-15.0000,False,False,10/1/2011,,,10/1/2011,System.Byte[],Waived current late fee 1.
,56037,266747,1495,70258,1236109,63528,739312,93,88,461775,10/3/2011,15.0000,False,False,10/3/2011,,,10/3/2011,System.Byte[],Waived current late fee 1.
,56037,266748,1495,70258,1236109,63528,739312,93,88,461775,10/3/2011,-15.0000,False,False,10/3/2011,,,10/3/2011,System.Byte[],Waived current late fee 1.
,47255,267009,1495,70315,1238474,53628,741058,95,88,462200,10/4/2011,15.0000,False,False,10/4/2011,,,10/4/2011,System.Byte[],Waived current late fee 1.
,47255,267010,1495,70315,1238474,53628,741058,95,88,462200,10/4/2011,-15.0000,False,False,10/4/2011,,,10/4/2011,System.Byte[],Waived current late fee 1.
,28802,267716,1495,70398,1241812,63275,743329,93,88,462621,10/6/2011,15.0000,False,False,10/6/2011,,,10/6/2011,System.Byte[],Waived current late fee 1.
,28802,267717,1495,70398,1241812,63275,743329,93,88,462621,10/6/2011,-15.0000,False,False,10/6/2011,,,10/6/2011,System.Byte[],Waived current late fee 1.
,1592,267936,1495,70438,1242671,1803,743875,93,88,462744,10/7/2011,15.0000,False,False,10/7/2011,,,10/7/2011,System.Byte[],Waived current late fee 1.
,1592,267937,1495,70438,1242671,1803,743875,93,88,462744,10/7/2011,-15.0000,False,False,10/7/2011,,,10/7/2011,System.Byte[],Waived current late fee 1.
,46636,268000,1495,70481,1243920,52962,744683,93,88,463579,10/7/2011,15.0000,False,False,10/7/2011,,,10/7/2011,System.Byte[],Waived current late fee 1.
,46636,268001,1495,70481,1243920,52962,744683,93,88,463579,10/7/2011,-15.0000,False,False,10/7/2011,,,10/7/2011,System.Byte[],Waived current late fee 1.
,54494,268150,1495,70526,1244637,61331,745127,95,88,463705,10/8/2011,15.0000,False,False,10/8/2011,,,10/8/2011,System.Byte[],Waived current late fee 1.
,54494,268151,1495,70526,1244637,61331,745127,95,88,463705,10/8/2011,-15.0000,False,False,10/8/2011,,,10/8/2011,System.Byte[],Waived current late fee 1.
,56415,269127,1495,70652,1248546,63730,747336,91,88,465598,10/13/2011,15.0000,False,False,10/13/2011,,,10/13/2011,System.Byte[],Waived current late fee 1.
,56415,269128,1495,70652,1248546,63730,747336,91,88,465598,10/13/2011,-15.0000,False,False,10/13/2011,,,10/13/2011,System.Byte[],Waived current late fee 1.
,1425,269325,1495,70687,1249377,1631,747768,93,88,465752,10/14/2011,15.0000,False,False,10/14/2011,,,10/14/2011,System.Byte[],Waived current late fee 1.
,1425,269326,1495,70687,1249377,1631,747768,93,88,465752,10/14/2011,-15.0000,False,False,10/14/2011,,,10/14/2011,System.Byte[],Waived current late fee 1.
,1444,269961,1495,70809,1251361,1650,749029,93,88,465974,10/18/2011,15.0000,False,False,10/18/2011,,,10/18/2011,System.Byte[],Waived current late fee 2.
,1444,269962,1495,70809,1251361,1650,749029,93,88,465974,10/18/2011,-15.0000,False,False,10/18/2011,,,10/18/2011,System.Byte[],Waived current late fee 2.
,1572,269965,1495,70809,1251382,1782,749043,93,88,465977,10/18/2011,15.0000,False,False,10/18/2011,,,10/18/2011,System.Byte[],Waived current late fee 1.
,1572,269966,1495,70809,1251382,1782,749043,93,88,465977,10/18/2011,-15.0000,False,False,10/18/2011,,,10/18/2011,System.Byte[],Waived current late fee 1.
,39292,269967,1495,70809,1251391,44429,749050,93,88,465978,10/18/2011,15.0000,False,False,10/18/2011,,,10/18/2011,System.Byte[],Waived current late fee 1.
,39292,269968,1495,70809,1251391,44429,749050,93,88,465978,10/18/2011,-15.0000,False,False,10/18/2011,,,10/18/2011,System.Byte[],Waived current late fee 1.
,1531,270101,1495,70809,1251724,1738,749222,93,88,466041,10/18/2011,15.0000,False,False,10/18/2011,,,10/18/2011,System.Byte[],Waived current late fee 2.
,1531,270102,1495,70809,1251724,1738,749222,93,88,466041,10/18/2011,-15.0000,False,False,10/18/2011,,,10/18/2011,System.Byte[],Waived current late fee 2.
,56534,270577,1495,70972,1253887,63888,750426,91,88,466335,10/22/2011,15.0000,False,False,10/22/2011,,,10/22/2011,System.Byte[],Waived current late fee 1.
,56534,270578,1495,70972,1253887,63888,750426,91,88,466335,10/22/2011,-15.0000,False,False,10/22/2011,,,10/22/2011,System.Byte[],Waived current late fee 1.
,56534,270579,1495,70972,1253888,63888,750426,91,88,466336,10/22/2011,15.0000,False,False,10/22/2011,,,10/22/2011,System.Byte[],Waived current late fee 2.
,56534,270580,1495,70972,1253888,63888,750426,91,88,466336,10/22/2011,-15.0000,False,False,10/22/2011,,,10/22/2011,System.Byte[],Waived current late fee 2.
,56085,270963,1495,71016,1254740,56026,750902,91,88,466427,10/24/2011,15.0000,False,False,10/24/2011,,,10/24/2011,System.Byte[],Waived current late fee 1.
,56085,270964,1495,71016,1254740,56026,750902,91,88,466427,10/24/2011,-15.0000,False,False,10/24/2011,,,10/24/2011,System.Byte[],Waived current late fee 1.
,122852,271940,1495,71144,1257218,1827,752177,93,88,466718,10/27/2011,15.0000,False,False,10/27/2011,,,10/27/2011,System.Byte[],Waived current late fee 1.
,122852,271941,1495,71144,1257218,1827,752177,93,88,466718,10/27/2011,-15.0000,False,False,10/27/2011,,,10/27/2011,System.Byte[],Waived current late fee 1.
,43401,272042,1495,71185,1257656,49359,752436,93,88,466775,10/27/2011,15.0000,False,False,10/27/2011,,,10/27/2011,System.Byte[],Waived current late fee 1.
,43401,272043,1495,71185,1257656,49359,752436,93,88,466775,10/27/2011,-15.0000,False,False,10/27/2011,,,10/27/2011,System.Byte[],Waived current late fee 1.
,56461,272066,1495,71185,1257836,63785,752549,93,88,466802,10/28/2011,15.0000,False,False,10/28/2011,,,10/28/2011,System.Byte[],Waived current late fee 2.
,56461,272067,1495,71185,1257836,63785,752549,93,88,466802,10/28/2011,-15.0000,False,False,10/28/2011,,,10/28/2011,System.Byte[],Waived current late fee 2.
,55947,272080,1495,71185,1257894,63199,752592,93,88,466812,10/28/2011,15.0000,False,False,10/28/2011,,,10/28/2011,System.Byte[],Waived current late fee 1.
,55947,272081,1495,71185,1257894,63199,752592,93,88,466812,10/28/2011,-15.0000,False,False,10/28/2011,,,10/28/2011,System.Byte[],Waived current late fee 1.
,1445,272580,1495,71185,1258699,1651,753098,93,88,467074,10/28/2011,15.0000,False,False,10/28/2011,,,10/28/2011,System.Byte[],Waived current late fee 1.
,1445,272581,1495,71185,1258699,1651,753098,93,88,467074,10/28/2011,-15.0000,False,False,10/28/2011,,,10/28/2011,System.Byte[],Waived current late fee 1.
,1578,272864,1495,71270,1259902,1788,753895,93,88,467277,10/31/2011,15.0000,False,False,10/31/2011,,,10/31/2011,System.Byte[],Waived current late fee 2.
,1578,272865,1495,71270,1259902,1788,753895,93,88,467277,10/31/2011,-15.0000,False,False,10/31/2011,,,10/31/2011,System.Byte[],Waived current late fee 2.
,1498,273086,1495,71319,1260730,1704,754522,93,88,467403,10/31/2011,15.0000,False,False,10/31/2011,,,10/31/2011,System.Byte[],Waived current late fee 1.
,1498,273087,1495,71319,1260730,1704,754522,93,88,467403,10/31/2011,-15.0000,False,False,10/31/2011,,,10/31/2011,System.Byte[],Waived current late fee 1.
,28802,273714,1495,71398,1267169,56419,759348,95,88,467801,11/3/2011,15.0000,False,False,11/3/2011,,,11/3/2011,System.Byte[],Waived current late fee 1.
,28802,273715,1495,71398,1267169,56419,759348,95,88,467801,11/3/2011,-15.0000,False,False,11/3/2011,,,11/3/2011,System.Byte[],Waived current late fee 1.
,28802,273716,1495,71398,1267170,63275,759348,95,88,467802,11/3/2011,15.0000,False,False,11/3/2011,,,11/3/2011,System.Byte[],Waived current late fee 1.
,28802,273717,1495,71398,1267170,63275,759348,95,88,467802,11/3/2011,-15.0000,False,False,11/3/2011,,,11/3/2011,System.Byte[],Waived current late fee 1.
,54451,273844,1495,71439,1267721,61291,759705,93,88,467867,11/4/2011,15.0000,False,False,11/4/2011,,,11/4/2011,System.Byte[],Waived current late fee 1.
,54451,273845,1495,71439,1267721,61291,759705,93,88,467867,11/4/2011,-15.0000,False,False,11/4/2011,,,11/4/2011,System.Byte[],Waived current late fee 1.
,54528,273846,1495,71439,1267724,61365,759707,93,88,467868,11/4/2011,15.0000,False,False,11/4/2011,,,11/4/2011,System.Byte[],Waived current late fee 1.
,54528,273847,1495,71439,1267724,61365,759707,93,88,467868,11/4/2011,-15.0000,False,False,11/4/2011,,,11/4/2011,System.Byte[],Waived current late fee 1.
,56213,273852,1495,71439,1267763,63510,759741,93,88,467872,11/4/2011,15.0000,False,False,11/4/2011,,,11/4/2011,System.Byte[],Waived current late fee 1.
,56213,273853,1495,71439,1267763,63510,759741,93,88,467872,11/4/2011,-15.0000,False,False,11/4/2011,,,11/4/2011,System.Byte[],Waived current late fee 1.
,56213,273854,1495,71439,1267764,63507,759741,93,88,467873,11/4/2011,15.0000,False,False,11/4/2011,,,11/4/2011,System.Byte[],Waived current late fee 1.
,56213,273855,1495,71439,1267764,63507,759741,93,88,467873,11/4/2011,-15.0000,False,False,11/4/2011,,,11/4/2011,System.Byte[],Waived current late fee 1.
,59633,273952,1495,71439,1268467,66508,760199,93,88,467941,11/4/2011,15.0000,False,False,11/4/2011,,,11/4/2011,System.Byte[],Waived current late fee 1.
,59633,273953,1495,71439,1268467,66508,760199,93,88,467941,11/4/2011,-15.0000,False,False,11/4/2011,,,11/4/2011,System.Byte[],Waived current late fee 1.
,59633,273954,1495,71439,1268468,66512,760199,93,88,467942,11/4/2011,15.0000,False,False,11/4/2011,,,11/4/2011,System.Byte[],Waived current late fee 1.
,59633,273955,1495,71439,1268468,66512,760199,93,88,467942,11/4/2011,-15.0000,False,False,11/4/2011,,,11/4/2011,System.Byte[],Waived current late fee 1.
,59633,273956,1495,71439,1268469,66509,760199,93,88,467943,11/4/2011,15.0000,False,False,11/4/2011,,,11/4/2011,System.Byte[],Waived current late fee 1.
,59633,273957,1495,71439,1268469,66509,760199,93,88,467943,11/4/2011,-15.0000,False,False,11/4/2011,,,11/4/2011,System.Byte[],Waived current late fee 1.
,1531,274232,1495,71532,1270371,1738,761508,93,88,468144,11/7/2011,15.0000,False,False,11/7/2011,,,11/7/2011,System.Byte[],Waived current late fee 1.
,1531,274233,1495,71532,1270371,1738,761508,93,88,468144,11/7/2011,-15.0000,False,False,11/7/2011,,,11/7/2011,System.Byte[],Waived current late fee 1.
,1297,274248,1495,71532,1270518,57011,761615,93,88,468161,11/7/2011,15.0000,False,False,11/7/2011,,,11/7/2011,System.Byte[],Waived current late fee 1.
,1297,274249,1495,71532,1270518,57011,761615,93,88,468161,11/7/2011,-15.0000,False,False,11/7/2011,,,11/7/2011,System.Byte[],Waived current late fee 1.
,46636,274326,1495,71532,1270837,52962,761852,93,88,468204,11/7/2011,15.0000,False,False,11/7/2011,,,11/7/2011,System.Byte[],Waived current late fee 1.
,46636,274327,1495,71532,1270837,52962,761852,93,88,468204,11/7/2011,-15.0000,False,False,11/7/2011,,,11/7/2011,System.Byte[],Waived current late fee 1.
,57534,274344,1495,71532,1270926,64939,761915,93,88,468217,11/7/2011,15.0000,False,False,11/7/2011,,,11/7/2011,System.Byte[],Waived current late fee 1.
,57534,274345,1495,71532,1270926,64939,761915,93,88,468217,11/7/2011,-15.0000,False,False,11/7/2011,,,11/7/2011,System.Byte[],Waived current late fee 1.
,19278,274514,1495,71593,1271861,21887,762516,93,88,468406,11/8/2011,15.0000,False,False,11/8/2011,,,11/8/2011,System.Byte[],Waived current late fee 1.
,19278,274515,1495,71593,1271861,21887,762516,93,88,468406,11/8/2011,-15.0000,False,False,11/8/2011,,,11/8/2011,System.Byte[],Waived current late fee 1.
,1325,275542,1495,71803,1276312,1528,765227,93,88,469048,11/14/2011,15.0000,False,False,11/14/2011,,,11/14/2011,System.Byte[],Waived current late fee 1.
,1325,275543,1495,71803,1276312,1528,765227,93,88,469048,11/14/2011,-15.0000,False,False,11/14/2011,,,11/14/2011,System.Byte[],Waived current late fee 1.
,41035,276070,1495,71894,1277983,46711,766175,93,88,469633,11/16/2011,15.0000,False,False,11/16/2011,,,11/16/2011,System.Byte[],Waived current late fee 2.
,41035,276071,1495,71894,1277983,46711,766175,93,88,469633,11/16/2011,-15.0000,False,False,11/16/2011,,,11/16/2011,System.Byte[],Waived current late fee 2.
,1305,276478,1495,72020,1279805,1508,767181,93,88,469903,11/19/2011,15.0000,False,False,11/19/2011,,,11/19/2011,System.Byte[],Waived current late fee 1.
,1305,276479,1495,72020,1279805,1508,767181,93,88,469903,11/19/2011,-15.0000,False,False,11/19/2011,,,11/19/2011,System.Byte[],Waived current late fee 1.
,1305,276480,1495,72020,1279806,1508,767181,93,88,469904,11/19/2011,15.0000,False,False,11/19/2011,,,11/19/2011,System.Byte[],Waived current late fee 2.
,1305,276481,1495,72020,1279806,1508,767181,93,88,469904,11/19/2011,-15.0000,False,False,11/19/2011,,,11/19/2011,System.Byte[],Waived current late fee 2.
,1402,276833,1495,72116,1281335,1607,768148,93,88,470111,11/22/2011,15.0000,False,False,11/22/2011,,,11/22/2011,System.Byte[],Waived current late fee 1.
,1402,276834,1495,72116,1281335,1607,768148,93,88,470111,11/22/2011,-15.0000,False,False,11/22/2011,,,11/22/2011,System.Byte[],Waived current late fee 1.
,1402,276835,1495,72116,1281336,1607,768148,93,88,470112,11/22/2011,15.0000,False,False,11/22/2011,,,11/22/2011,System.Byte[],Waived current late fee 2.
,1402,276836,1495,72116,1281336,1607,768148,93,88,470112,11/22/2011,-15.0000,False,False,11/22/2011,,,11/22/2011,System.Byte[],Waived current late fee 2.
,54494,280535,1495,75513,1302316,61331,781254,91,88,476802,11/27/2011,15.0000,False,False,11/27/2011,,,11/27/2011,System.Byte[],Waived current late fee 1.
,54494,280536,1495,75513,1302316,61331,781254,91,88,476802,11/27/2011,-15.0000,False,False,11/27/2011,,,11/27/2011,System.Byte[],Waived current late fee 1.
,54494,280537,1495,75513,1302317,61331,781254,91,88,476803,11/27/2011,15.0000,False,False,11/27/2011,,,11/27/2011,System.Byte[],Waived current late fee 2.
,54494,280538,1495,75513,1302317,61331,781254,91,88,476803,11/27/2011,-15.0000,False,False,11/27/2011,,,11/27/2011,System.Byte[],Waived current late fee 2.
,1359,280621,1495,75513,1302809,1562,781594,95,88,476853,11/28/2011,15.0000,False,False,11/28/2011,,,11/28/2011,System.Byte[],Waived current late fee 1.
,1359,280622,1495,75513,1302809,1562,781594,95,88,476853,11/28/2011,-15.0000,False,False,11/28/2011,,,11/28/2011,System.Byte[],Waived current late fee 1.
,56534,281209,1495,75653,1308214,63888,785426,91,88,477272,12/1/2011,15.0000,False,False,12/1/2011,,,12/1/2011,System.Byte[],Waived current late fee 2.
,56534,281210,1495,75653,1308214,63888,785426,91,88,477272,12/1/2011,-15.0000,False,False,12/1/2011,,,12/1/2011,System.Byte[],Waived current late fee 2.
,1299,282431,1495,75894,1315991,1502,790694,91,88,478004,12/7/2011,15.0000,False,False,12/7/2011,,,12/7/2011,System.Byte[],Waived current late fee 1.
,1299,282432,1495,75894,1315991,1502,790694,91,88,478004,12/7/2011,-15.0000,False,False,12/7/2011,,,12/7/2011,System.Byte[],Waived current late fee 1.
,59899,284179,1495,76132,1321564,66807,793937,91,88,478698,12/13/2011,15.0000,False,False,12/13/2011,,,12/13/2011,System.Byte[],Waived current late fee 1.
,59899,284180,1495,76132,1321564,66807,793937,91,88,478698,12/13/2011,-15.0000,False,False,12/13/2011,,,12/13/2011,System.Byte[],Waived current late fee 1.
,1321,284525,1495,76223,1323052,1524,794791,93,88,478888,12/15/2011,15.0000,False,False,12/15/2011,,,12/15/2011,System.Byte[],Waived current late fee 1.
,1321,284526,1495,76223,1323052,1524,794791,93,88,478888,12/15/2011,-15.0000,False,False,12/15/2011,,,12/15/2011,System.Byte[],Waived current late fee 1.
,59874,284993,1495,76411,1325429,66786,796178,93,88,479143,12/20/2011,15.0000,False,False,12/20/2011,,,12/20/2011,System.Byte[],Waived current late fee 1.
,59874,284994,1495,76411,1325429,66786,796178,93,88,479143,12/20/2011,-15.0000,False,False,12/20/2011,,,12/20/2011,System.Byte[],Waived current late fee 1.
,54736,285947,1495,76689,1329821,61587,798705,91,88,479671,12/28/2011,15.0000,False,False,12/28/2011,,,12/28/2011,System.Byte[],Waived current late fee 1.
,54736,285948,1495,76689,1329821,61587,798705,91,88,479671,12/28/2011,-15.0000,False,False,12/28/2011,,,12/28/2011,System.Byte[],Waived current late fee 1.
,54736,285949,1495,76689,1329822,61587,798705,91,88,479672,12/28/2011,15.0000,False,False,12/28/2011,,,12/28/2011,System.Byte[],Waived current late fee 2.
,54736,285950,1495,76689,1329822,61587,798705,91,88,479672,12/28/2011,-15.0000,False,False,12/28/2011,,,12/28/2011,System.Byte[],Waived current late fee 2.
,47201,286139,1495,76729,1330637,56592,799223,91,88,479790,12/29/2011,15.0000,False,False,12/29/2011,,,12/29/2011,System.Byte[],Waived current late fee 1.
,47201,286140,1495,76729,1330637,56592,799223,91,88,479790,12/29/2011,-15.0000,False,False,12/29/2011,,,12/29/2011,System.Byte[],Waived current late fee 1.
,62882,287284,1495,76952,1339708,70320,805635,93,88,480473,1/4/2012,15.0000,False,False,1/4/2012,,,1/4/2012,System.Byte[],Waived current late fee 1.
,62882,287285,1495,76952,1339708,70320,805635,93,88,480473,1/4/2012,-15.0000,False,False,1/4/2012,,,1/4/2012,System.Byte[],Waived current late fee 1.
,39092,287357,1495,76952,1340080,44197,805855,93,88,480513,1/4/2012,15.0000,False,False,1/4/2012,,,1/4/2012,System.Byte[],Waived current late fee 1.
,39092,287358,1495,76952,1340080,44197,805855,93,88,480513,1/4/2012,-15.0000,False,False,1/4/2012,,,1/4/2012,System.Byte[],Waived current late fee 1.
,1480,288525,1495,77245,1346716,1686,810153,91,88,481234,1/11/2012,15.0000,False,False,1/11/2012,,,1/11/2012,System.Byte[],Waived current late fee 1.
,1480,288526,1495,77245,1346716,1686,810153,91,88,481234,1/11/2012,-15.0000,False,False,1/11/2012,,,1/11/2012,System.Byte[],Waived current late fee 1.
,122852,288767,1495,77289,1347529,1589,810574,91,88,481380,1/12/2012,15.0000,False,False,1/12/2012,,,1/12/2012,System.Byte[],Waived current late fee 1.
,122852,288768,1495,77289,1347529,1589,810574,91,88,481380,1/12/2012,-15.0000,False,False,1/12/2012,,,1/12/2012,System.Byte[],Waived current late fee 1.
,54451,289013,1495,77333,1348302,61291,810918,91,88,481475,1/13/2012,15.0000,False,False,1/13/2012,,,1/13/2012,System.Byte[],Waived current late fee 2.
,54451,289014,1495,77333,1348302,61291,810918,91,88,481475,1/13/2012,-15.0000,False,False,1/13/2012,,,1/13/2012,System.Byte[],Waived current late fee 2.
,1578,289165,1495,77333,1348790,1788,811177,91,88,481538,1/13/2012,15.0000,False,False,1/13/2012,,,1/13/2012,System.Byte[],Waived current late fee 1.
,1578,289166,1495,77333,1348790,1788,811177,91,88,481538,1/13/2012,-15.0000,False,False,1/13/2012,,,1/13/2012,System.Byte[],Waived current late fee 1.
,50975,291860,1495,78031,1359950,57300,817413,93,88,483090,1/31/2012,15.0000,False,False,1/31/2012,,,1/31/2012,System.Byte[],Waived current late fee 2.
,50975,291861,1495,78031,1359950,57300,817413,93,88,483090,1/31/2012,-15.0000,False,False,1/31/2012,,,1/31/2012,System.Byte[],Waived current late fee 2.
,1346,292020,1495,78031,1360629,1549,817858,93,88,483184,1/31/2012,15.0000,False,False,1/31/2012,,,1/31/2012,System.Byte[],Waived current late fee 1.
,1346,292021,1495,78031,1360629,1549,817858,93,88,483184,1/31/2012,-15.0000,False,False,1/31/2012,,,1/31/2012,System.Byte[],Waived current late fee 1.
,1346,292022,1495,78031,1360630,49741,817858,93,88,483185,1/31/2012,15.0000,False,False,1/31/2012,,,1/31/2012,System.Byte[],Waived current late fee 1.
,1346,292023,1495,78031,1360630,49741,817858,93,88,483185,1/31/2012,-15.0000,False,False,1/31/2012,,,1/31/2012,System.Byte[],Waived current late fee 1.
,1600,292048,1495,78076,1360750,1812,817939,93,88,483197,1/31/2012,15.0000,False,False,1/31/2012,,,1/31/2012,System.Byte[],Waived current late fee 1.
,1600,292049,1495,78076,1360750,1812,817939,93,88,483197,1/31/2012,-15.0000,False,False,1/31/2012,,,1/31/2012,System.Byte[],Waived current late fee 1.
,62312,292755,1495,78180,1367526,69421,822888,93,88,483499,2/3/2012,15.0000,False,False,2/3/2012,,,2/3/2012,System.Byte[],Waived current late fee 2.
,62312,292756,1495,78180,1367526,69421,822888,93,88,483499,2/3/2012,-15.0000,False,False,2/3/2012,,,2/3/2012,System.Byte[],Waived current late fee 2.
,63625,292923,1495,78282,1369081,70958,823920,93,88,483651,2/4/2012,15.0000,False,False,2/4/2012,,,2/4/2012,System.Byte[],Waived current late fee 1.
,63625,292924,1495,78282,1369081,70958,823920,93,88,483651,2/4/2012,-15.0000,False,False,2/4/2012,,,2/4/2012,System.Byte[],Waived current late fee 1.
,63625,292925,1495,78282,1369082,70958,823920,93,88,483652,2/4/2012,15.0000,False,False,2/4/2012,,,2/4/2012,System.Byte[],Waived current late fee 2.
,63625,292926,1495,78282,1369082,70958,823920,93,88,483652,2/4/2012,-15.0000,False,False,2/4/2012,,,2/4/2012,System.Byte[],Waived current late fee 2.
,54510,293113,1495,78282,1369970,61346,824497,93,88,483737,2/6/2012,15.0000,False,False,2/6/2012,,,2/6/2012,System.Byte[],Waived current late fee 1.
,54510,293114,1495,78282,1369970,61346,824497,93,88,483737,2/6/2012,-15.0000,False,False,2/6/2012,,,2/6/2012,System.Byte[],Waived current late fee 1.
,1494,293636,1495,78398,1373384,8225,826740,91,88,485044,2/8/2012,15.0000,False,False,2/8/2012,,,2/8/2012,System.Byte[],Waived current late fee 1.
,1494,293637,1495,78398,1373384,8225,826740,91,88,485044,2/8/2012,-15.0000,False,False,2/8/2012,,,2/8/2012,System.Byte[],Waived current late fee 1.
,1494,293638,1495,78398,1373385,1700,826740,91,88,485045,2/8/2012,15.0000,False,False,2/8/2012,,,2/8/2012,System.Byte[],Waived current late fee 1.
,1494,293639,1495,78398,1373385,1700,826740,91,88,485045,2/8/2012,-15.0000,False,False,2/8/2012,,,2/8/2012,System.Byte[],Waived current late fee 1.
,1597,293798,1495,78398,1373858,1809,826989,91,88,485159,2/8/2012,15.0000,False,False,2/8/2012,,,2/8/2012,System.Byte[],Waived current late fee 1.
,1597,293799,1495,78398,1373858,1809,826989,91,88,485159,2/8/2012,-15.0000,False,False,2/8/2012,,,2/8/2012,System.Byte[],Waived current late fee 1.
,1325,294907,1495,78599,1377441,1528,829094,93,88,485601,2/13/2012,15.0000,False,False,2/13/2012,,,2/13/2012,System.Byte[],Waived current late fee 1.
,1325,294908,1495,78599,1377441,1528,829094,93,88,485601,2/13/2012,-15.0000,False,False,2/13/2012,,,2/13/2012,System.Byte[],Waived current late fee 1.
,59874,294937,1495,78599,1377525,66786,829139,93,88,485613,2/13/2012,15.0000,False,False,2/13/2012,,,2/13/2012,System.Byte[],Waived current late fee 1.
,59874,294938,1495,78599,1377525,66786,829139,93,88,485613,2/13/2012,-15.0000,False,False,2/13/2012,,,2/13/2012,System.Byte[],Waived current late fee 1.
,61874,294983,1495,78599,1377766,68989,829279,93,88,485646,2/13/2012,15.0000,False,False,2/13/2012,,,2/13/2012,System.Byte[],Waived current late fee 1.
,61874,294984,1495,78599,1377766,68989,829279,93,88,485646,2/13/2012,-15.0000,False,False,2/13/2012,,,2/13/2012,System.Byte[],Waived current late fee 1.
,1310,304972,1495,81095,1429516,1789,859668,93,88,494898,3/13/2012,15.0000,False,False,3/13/2012,,,3/13/2012,System.Byte[],Waived current late fee 1.
,1310,304973,1495,81095,1429516,1789,859668,93,88,494898,3/13/2012,-15.0000,False,False,3/13/2012,,,3/13/2012,System.Byte[],Waived current late fee 1.
,1321,305572,1495,81190,1431151,1524,860480,91,88,495124,3/15/2012,15.0000,False,False,3/15/2012,,,3/15/2012,System.Byte[],Waived current late fee 1.
,1321,305573,1495,81190,1431151,1524,860480,91,88,495124,3/15/2012,-15.0000,False,False,3/15/2012,,,3/15/2012,System.Byte[],Waived current late fee 1.
,1509,306458,1495,81445,1436068,1715,863000,93,88,496597,3/20/2012,15.0000,False,False,3/20/2012,,,3/20/2012,System.Byte[],Waived current late fee 1.
,1509,306459,1495,81445,1436068,1715,863000,93,88,496597,3/20/2012,-15.0000,False,False,3/20/2012,,,3/20/2012,System.Byte[],Waived current late fee 1.
,1310,307509,1495,81588,1438865,1806,864395,91,88,497078,3/24/2012,15.0000,False,False,3/24/2012,,,3/24/2012,System.Byte[],Waived current late fee 1.
,1310,307510,1495,81588,1438865,1806,864395,91,88,497078,3/24/2012,-15.0000,False,False,3/24/2012,,,3/24/2012,System.Byte[],Waived current late fee 1.
,1543,309624,1495,82070,1452691,51976,873779,1038,88,498189,4/3/2012,15.0000,False,False,4/3/2012,,,4/3/2012,System.Byte[],Waived current late fee 1.
,1543,309625,1495,82070,1452691,51976,873779,1038,88,498189,4/3/2012,-15.0000,False,False,4/3/2012,,,4/3/2012,System.Byte[],Waived current late fee 1.
,1543,309626,1495,82070,1452692,1751,873779,1038,88,498190,4/3/2012,15.0000,False,False,4/3/2012,,,4/3/2012,System.Byte[],Waived current late fee 1.
,1543,309627,1495,82070,1452692,1751,873779,1038,88,498190,4/3/2012,-15.0000,False,False,4/3/2012,,,4/3/2012,System.Byte[],Waived current late fee 1.
,62183,310660,1495,82186,1458026,69294,877404,1179,88,498784,4/7/2012,15.0000,False,False,4/7/2012,,,4/7/2012,System.Byte[],Waived current late fee 1.
,62183,310661,1495,82186,1458026,69294,877404,1179,88,498784,4/7/2012,-15.0000,False,False,4/7/2012,,,4/7/2012,System.Byte[],Waived current late fee 1.
,62183,310662,1495,82186,1458027,69294,877404,1179,88,498785,4/7/2012,15.0000,False,False,4/7/2012,,,4/7/2012,System.Byte[],Waived current late fee 2.
,62183,310663,1495,82186,1458027,69294,877404,1179,88,498785,4/7/2012,-15.0000,False,False,4/7/2012,,,4/7/2012,System.Byte[],Waived current late fee 2.
,1439,311020,1495,82337,1460282,1645,878911,93,88,499025,4/10/2012,15.0000,False,False,4/10/2012,,,4/10/2012,System.Byte[],Waived current late fee 1.
,1439,311021,1495,82337,1460282,1645,878911,93,88,499025,4/10/2012,-15.0000,False,False,4/10/2012,,,4/10/2012,System.Byte[],Waived current late fee 1.
,61516,311703,1495,82435,1462485,68588,880117,93,88,499325,4/12/2012,15.0000,False,False,4/12/2012,,,4/12/2012,System.Byte[],Waived current late fee 2.
,61516,311704,1495,82435,1462485,68588,880117,93,88,499325,4/12/2012,-15.0000,False,False,4/12/2012,,,4/12/2012,System.Byte[],Waived current late fee 2.
,67168,311781,1495,82435,1462676,72701,880217,1179,88,499356,4/12/2012,15.0000,False,False,4/12/2012,,,4/12/2012,System.Byte[],Waived current late fee 1.
,67168,311782,1495,82435,1462676,72701,880217,1179,88,499356,4/12/2012,-15.0000,False,False,4/12/2012,,,4/12/2012,System.Byte[],Waived current late fee 1.
,1367,312032,1495,82482,1463537,1570,880714,93,88,499485,4/13/2012,15.0000,False,False,4/13/2012,,,4/13/2012,System.Byte[],Waived current late fee 1.
,1367,312033,1495,82482,1463537,1570,880714,93,88,499485,4/13/2012,-15.0000,False,False,4/13/2012,,,4/13/2012,System.Byte[],Waived current late fee 1.
,63379,312230,1495,82579,1464777,70679,881436,93,88,499615,4/16/2012,15.0000,False,False,4/16/2012,,,4/16/2012,System.Byte[],Waived current late fee 1.
,63379,312231,1495,82579,1464777,70679,881436,93,88,499615,4/16/2012,-15.0000,False,False,4/16/2012,,,4/16/2012,System.Byte[],Waived current late fee 1.
,19394,312446,1495,82647,1465683,22003,881981,93,88,499721,4/17/2012,15.0000,False,False,4/17/2012,,,4/17/2012,System.Byte[],Waived current late fee 1.
,19394,312447,1495,82647,1465683,22003,881981,93,88,499721,4/17/2012,-15.0000,False,False,4/17/2012,,,4/17/2012,System.Byte[],Waived current late fee 1.
,67173,312508,1495,82647,1465945,72708,882126,93,88,499761,4/17/2012,15.0000,False,False,4/17/2012,,,4/17/2012,System.Byte[],Waived current late fee 1.
,67173,312509,1495,82647,1465945,72708,882126,93,88,499761,4/17/2012,-15.0000,False,False,4/17/2012,,,4/17/2012,System.Byte[],Waived current late fee 1.
,64143,312990,1495,82786,1467332,71525,882872,1179,88,499997,4/19/2012,15.0000,False,False,4/19/2012,,,4/19/2012,System.Byte[],Waived current late fee 1.
,64143,312991,1495,82786,1467332,71525,882872,1179,88,499997,4/19/2012,-15.0000,False,False,4/19/2012,,,4/19/2012,System.Byte[],Waived current late fee 1.
,19424,1071716,1495,248986,5592391,50682,3130526,1179,88,896534,4/28/2017,15.0000,False,False,4/28/2017,,,4/28/2017,System.Byte[],Waived current late fee 1.
,19424,1071717,1495,248986,5592391,50682,3130526,1179,88,896534,4/28/2017,-15.0000,False,False,4/28/2017,,,4/28/2017,System.Byte[],Waived current late fee 1.
,253898,1072397,1495,249192,5598848,240606,3134338,1179,88,897037,5/1/2017,15.0000,False,False,5/1/2017,,,5/1/2017,System.Byte[],Waived current late fee 1.
,253898,1072398,1495,249192,5598848,240606,3134338,1179,88,897037,5/1/2017,-15.0000,False,False,5/1/2017,,,5/1/2017,System.Byte[],Waived current late fee 1.
,150919,1074918,1495,249847,5624299,152543,3149655,1179,88,898481,5/6/2017,15.0000,False,False,5/6/2017,,,5/6/2017,System.Byte[],Waived current late fee 1.
,150919,1074919,1495,249847,5624299,152543,3149655,1179,88,898481,5/6/2017,-15.0000,False,False,5/6/2017,,,5/6/2017,System.Byte[],Waived current late fee 1.
,228119,1076978,1495,250495,5637706,221559,3156960,93,88,899589,5/12/2017,25.0000,False,False,5/12/2017,,,5/12/2017,System.Byte[],Waived current late fee 2.
,228119,1076979,1495,250495,5637706,221559,3156960,93,88,899589,5/12/2017,-25.0000,False,False,5/12/2017,,,5/12/2017,System.Byte[],Waived current late fee 2.
,78083,1077460,1495,250594,5640163,84383,3158032,1179,88,899825,5/13/2017,15.0000,False,False,5/13/2017,,,5/13/2017,System.Byte[],Waived current late fee 1.
,78083,1077461,1495,250594,5640163,84383,3158032,1179,88,899825,5/13/2017,-15.0000,False,False,5/13/2017,,,5/13/2017,System.Byte[],Waived current late fee 1.
,1538,1078600,1495,250930,5645988,1745,3160677,1212,88,900454,5/17/2017,15.0000,False,False,5/17/2017,,,5/17/2017,System.Byte[],Waived current late fee 1.
,1538,1078601,1495,250930,5645988,1745,3160677,1212,88,900454,5/17/2017,-15.0000,False,False,5/17/2017,,,5/17/2017,System.Byte[],Waived current late fee 1.
,144905,1079412,1495,251306,5651394,146366,3163283,93,88,900995,5/22/2017,15.0000,False,False,5/22/2017,,,5/22/2017,System.Byte[],Waived current late fee 1.
,144905,1079413,1495,251306,5651394,146366,3163283,93,88,900995,5/22/2017,-15.0000,False,False,5/22/2017,,,5/22/2017,System.Byte[],Waived current late fee 1.
,1568,1079626,1495,251447,5652788,1777,3163972,93,88,901183,5/23/2017,15.0000,False,False,5/23/2017,,,5/23/2017,System.Byte[],Waived current late fee 1.
,1568,1079627,1495,251447,5652788,1777,3163972,93,88,901183,5/23/2017,-15.0000,False,False,5/23/2017,,,5/23/2017,System.Byte[],Waived current late fee 1.
,19424,1081234,1495,251919,5661591,50682,3168319,2082,88,902230,5/30/2017,15.0000,False,False,5/30/2017,,,5/30/2017,System.Byte[],Waived current late fee 1.
,19424,1081235,1495,251919,5661591,50682,3168319,2082,88,902230,5/30/2017,-15.0000,False,False,5/30/2017,,,5/30/2017,System.Byte[],Waived current late fee 1.
,249181,1082566,1495,252359,5681238,239630,3180583,1179,88,903400,6/2/2017,15.0000,False,False,6/2/2017,,,6/2/2017,System.Byte[],Waived current late fee 1.
,249181,1082567,1495,252359,5681238,239630,3180583,1179,88,903400,6/2/2017,-15.0000,False,False,6/2/2017,,,6/2/2017,System.Byte[],Waived current late fee 1.
,249181,1082568,1495,252359,5681243,236339,3180587,1179,88,903401,6/2/2017,15.0000,False,False,6/2/2017,,,6/2/2017,System.Byte[],Waived current late fee 1.
,249181,1082569,1495,252359,5681243,236339,3180587,1179,88,903401,6/2/2017,-15.0000,False,False,6/2/2017,,,6/2/2017,System.Byte[],Waived current late fee 1.
,150919,1082885,1495,252483,5684309,152543,3182297,1179,88,903628,6/3/2017,15.0000,False,False,6/3/2017,,,6/3/2017,System.Byte[],Waived current late fee 1.
,150919,1082886,1495,252483,5684309,152543,3182297,1179,88,903628,6/3/2017,-15.0000,False,False,6/3/2017,,,6/3/2017,System.Byte[],Waived current late fee 1.
,148161,1084948,1495,253133,5700170,228606,3191367,1179,88,904895,6/9/2017,15.0000,False,False,6/9/2017,,,6/9/2017,System.Byte[],Waived current late fee 1.
,148161,1084949,1495,253133,5700170,228606,3191367,1179,88,904895,6/9/2017,-15.0000,False,False,6/9/2017,,,6/9/2017,System.Byte[],Waived current late fee 1.
,260313,1085222,1495,253246,5702626,246299,3192676,1179,88,905076,6/10/2017,15.0000,False,False,6/10/2017,,,6/10/2017,System.Byte[],Waived current late fee 1.
,260313,1085223,1495,253246,5702626,246299,3192676,1179,88,905076,6/10/2017,-15.0000,False,False,6/10/2017,,,6/10/2017,System.Byte[],Waived current late fee 1.
,267513,1088768,1495,254023,5717636,253377,3199667,1179,88,906462,6/19/2017,15.0000,False,False,6/19/2017,,,6/19/2017,System.Byte[],Waived current late fee 1.
,267513,1088769,1495,254023,5717636,253377,3199667,1179,88,906462,6/19/2017,-15.0000,False,False,6/19/2017,,,6/19/2017,System.Byte[],Waived current late fee 1.
,117792,1088772,1495,254023,5717668,147446,3199681,1179,88,906466,6/19/2017,15.0000,False,False,6/19/2017,,,6/19/2017,System.Byte[],Waived current late fee 1.
,117792,1088773,1495,254023,5717668,147446,3199681,1179,88,906466,6/19/2017,-15.0000,False,False,6/19/2017,,,6/19/2017,System.Byte[],Waived current late fee 1.
,157576,1089046,1495,254163,5718866,1698,3200240,2082,88,906603,6/20/2017,15.0000,False,False,6/20/2017,,,6/20/2017,System.Byte[],Waived current late fee 1.
,157576,1089047,1495,254163,5718866,1698,3200240,2082,88,906603,6/20/2017,-15.0000,False,False,6/20/2017,,,6/20/2017,System.Byte[],Waived current late fee 1.
,268408,1091816,1495,254770,5728408,253037,3204547,93,88,907535,6/27/2017,15.0000,False,False,6/27/2017,,,6/27/2017,System.Byte[],Waived current late fee 1.
,268408,1091817,1495,254770,5728408,253037,3204547,93,88,907535,6/27/2017,-15.0000,False,False,6/27/2017,,,6/27/2017,System.Byte[],Waived current late fee 1.
,52407,1091934,1495,254770,5729168,58795,3204940,93,88,907636,6/27/2017,15.0000,False,False,6/27/2017,,,6/27/2017,System.Byte[],Waived current late fee 1.
,52407,1091935,1495,254770,5729168,58795,3204940,93,88,907636,6/27/2017,-15.0000,False,False,6/27/2017,,,6/27/2017,System.Byte[],Waived current late fee 1.
,248988,1092428,1495,254960,5732534,236152,3206666,93,88,908048,6/29/2017,15.0000,False,False,6/29/2017,,,6/29/2017,System.Byte[],Waived current late fee 1.
,248988,1092429,1495,254960,5732534,236152,3206666,93,88,908048,6/29/2017,-15.0000,False,False,6/29/2017,,,6/29/2017,System.Byte[],Waived current late fee 1.
,248988,1092430,1495,254960,5732537,237589,3206668,93,88,908049,6/29/2017,15.0000,False,False,6/29/2017,,,6/29/2017,System.Byte[],Waived current late fee 1.
,248988,1092431,1495,254960,5732537,237589,3206668,93,88,908049,6/29/2017,-15.0000,False,False,6/29/2017,,,6/29/2017,System.Byte[],Waived current late fee 1.
,122852,1094318,1495,255493,5755236,1589,3220575,3240,88,909273,7/3/2017,15.0000,False,False,7/3/2017,,,7/3/2017,System.Byte[],Waived current late fee 1.
,122852,1094319,1495,255493,5755236,1589,3220575,3240,88,909273,7/3/2017,-15.0000,False,False,7/3/2017,,,7/3/2017,System.Byte[],Waived current late fee 1.
,122852,1094320,1495,255493,5755237,1827,3220575,3240,88,909274,7/3/2017,15.0000,False,False,7/3/2017,,,7/3/2017,System.Byte[],Waived current late fee 1.
,122852,1094321,1495,255493,5755237,1827,3220575,3240,88,909274,7/3/2017,-15.0000,False,False,7/3/2017,,,7/3/2017,System.Byte[],Waived current late fee 1.
,122852,1094322,1495,255493,5755238,154199,3220575,3240,88,909275,7/3/2017,15.0000,False,False,7/3/2017,,,7/3/2017,System.Byte[],Waived current late fee 1.
,122852,1094323,1495,255493,5755238,154199,3220575,3240,88,909275,7/3/2017,-15.0000,False,False,7/3/2017,,,7/3/2017,System.Byte[],Waived current late fee 1.
,361730,1094494,1495,255493,5757259,156862,3221768,2082,88,909403,7/5/2017,15.0000,False,False,7/5/2017,,,7/5/2017,System.Byte[],Waived current late fee 1.
,361730,1094495,1495,255493,5757259,156862,3221768,2082,88,909403,7/5/2017,-15.0000,False,False,7/5/2017,,,7/5/2017,System.Byte[],Waived current late fee 1.
,257099,1094570,1495,255493,5758164,243485,3222298,2082,88,909485,7/5/2017,15.0000,False,False,7/5/2017,,,7/5/2017,System.Byte[],Waived current late fee 1.
,257099,1094571,1495,255493,5758164,243485,3222298,2082,88,909485,7/5/2017,-15.0000,False,False,7/5/2017,,,7/5/2017,System.Byte[],Waived current late fee 1.
,1293,1094806,1495,255666,5760789,249399,3223774,93,88,909656,7/6/2017,15.0000,False,False,7/6/2017,,,7/6/2017,System.Byte[],Waived current late fee 1.
,1293,1094807,1495,255666,5760789,249399,3223774,93,88,909656,7/6/2017,-15.0000,False,False,7/6/2017,,,7/6/2017,System.Byte[],Waived current late fee 1.
,1293,1094808,1495,255666,5760790,249399,3223774,93,88,909657,7/6/2017,25.0000,False,False,7/6/2017,,,7/6/2017,System.Byte[],Waived current late fee 2.
,1293,1094809,1495,255666,5760790,249399,3223774,93,88,909657,7/6/2017,-25.0000,False,False,7/6/2017,,,7/6/2017,System.Byte[],Waived current late fee 2.
,1293,1094810,1495,255666,5760791,129211,3223775,93,88,909658,7/6/2017,25.0000,False,False,7/6/2017,,,7/6/2017,System.Byte[],Waived current late fee 2.
,1293,1094811,1495,255666,5760791,129211,3223775,93,88,909658,7/6/2017,-25.0000,False,False,7/6/2017,,,7/6/2017,System.Byte[],Waived current late fee 2.
,150919,1096344,1495,255994,5770780,152543,3229190,93,88,910453,7/10/2017,15.0000,False,False,7/10/2017,,,7/10/2017,System.Byte[],Waived current late fee 1.
,150919,1096345,1495,255994,5770780,152543,3229190,93,88,910453,7/10/2017,-15.0000,False,False,7/10/2017,,,7/10/2017,System.Byte[],Waived current late fee 1.
,269832,1097220,1495,256298,5776744,254256,3232307,93,88,910931,7/12/2017,15.0000,False,False,7/12/2017,,,7/12/2017,System.Byte[],Waived current late fee 1.
,269832,1097221,1495,256298,5776744,254256,3232307,93,88,910931,7/12/2017,-15.0000,False,False,7/12/2017,,,7/12/2017,System.Byte[],Waived current late fee 1.
,1444,1097408,1495,256298,5777614,1650,3232683,1212,88,911046,7/12/2017,15.0000,False,False,7/12/2017,,,7/12/2017,System.Byte[],Waived current late fee 1.
,1444,1097409,1495,256298,5777614,1650,3232683,1212,88,911046,7/12/2017,-15.0000,False,False,7/12/2017,,,7/12/2017,System.Byte[],Waived current late fee 1.
,270404,1107290,1495,258600,5834462,254737,3274801,93,88,915364,7/13/2017,15.0000,False,False,7/13/2017,,,7/13/2017,System.Byte[],Waived current late fee 1.
,270404,1107291,1495,258600,5834462,254737,3274801,93,88,915364,7/13/2017,-15.0000,False,False,7/13/2017,,,7/13/2017,System.Byte[],Waived current late fee 1.
,122083,1108929,1495,258892,5839726,120450,3277069,93,88,915834,7/17/2017,15.0000,False,False,7/17/2017,,,7/17/2017,System.Byte[],Waived current late fee 1.
,122083,1108930,1495,258892,5839726,120450,3277069,93,88,915834,7/17/2017,-15.0000,False,False,7/17/2017,,,7/17/2017,System.Byte[],Waived current late fee 1.
,180280,1109065,1495,258892,5840559,178878,3277427,1179,88,915905,7/17/2017,15.0000,False,False,7/17/2017,,,7/17/2017,System.Byte[],Waived current late fee 1.
,180280,1109066,1495,258892,5840559,178878,3277427,1179,88,915905,7/17/2017,-15.0000,False,False,7/17/2017,,,7/17/2017,System.Byte[],Waived current late fee 1.
,264382,1110686,1495,259219,5844078,257171,3278847,1212,88,916264,7/19/2017,25.0000,False,False,7/19/2017,,,7/19/2017,System.Byte[],Waived current late fee 2.
,264382,1110687,1495,259219,5844078,257171,3278847,1212,88,916264,7/19/2017,-25.0000,False,False,7/19/2017,,,7/19/2017,System.Byte[],Waived current late fee 2.
,169009,1114096,1495,260131,5860526,167948,3286893,3240,88,918109,7/31/2017,25.0000,False,False,7/31/2017,,,7/31/2017,System.Byte[],Waived current late fee 2.
,169009,1114097,1495,260131,5860526,167948,3286893,3240,88,918109,7/31/2017,-25.0000,False,False,7/31/2017,,,7/31/2017,System.Byte[],Waived current late fee 2.
,249181,1114400,1495,260307,5864302,239630,3289376,3240,88,918385,8/1/2017,15.0000,False,False,8/1/2017,,,8/1/2017,System.Byte[],Waived current late fee 1.
,249181,1114401,1495,260307,5864302,239630,3289376,3240,88,918385,8/1/2017,-15.0000,False,False,8/1/2017,,,8/1/2017,System.Byte[],Waived current late fee 1.
,249181,1114402,1495,260307,5864303,236339,3289376,3240,88,918386,8/1/2017,15.0000,False,False,8/1/2017,,,8/1/2017,System.Byte[],Waived current late fee 1.
,249181,1114403,1495,260307,5864303,236339,3289376,3240,88,918386,8/1/2017,-15.0000,False,False,8/1/2017,,,8/1/2017,System.Byte[],Waived current late fee 1.
,150919,1118629,1495,261512,5902960,152543,3311802,1179,88,920943,8/12/2017,15.0000,False,False,8/12/2017,,,8/12/2017,System.Byte[],Waived current late fee 1.
,150919,1118630,1495,261512,5902960,152543,3311802,1179,88,920943,8/12/2017,-15.0000,False,False,8/12/2017,,,8/12/2017,System.Byte[],Waived current late fee 1.
,150919,1118631,1495,261512,5902961,152543,3311802,1179,88,920944,8/12/2017,25.0000,False,False,8/12/2017,,,8/12/2017,System.Byte[],Waived current late fee 2.
,150919,1118632,1495,261512,5902961,152543,3311802,1179,88,920944,8/12/2017,-25.0000,False,False,8/12/2017,,,8/12/2017,System.Byte[],Waived current late fee 2.
,206663,1120427,1495,261949,5910067,207443,3315009,93,88,921635,8/17/2017,15.0000,False,False,8/17/2017,,,8/17/2017,System.Byte[],Waived current late fee 1.
,206663,1120428,1495,261949,5910067,207443,3315009,93,88,921635,8/17/2017,-15.0000,False,False,8/17/2017,,,8/17/2017,System.Byte[],Waived current late fee 1.
,238231,1124913,1495,263170,5929832,250820,3324669,93,88,923764,8/31/2017,25.0000,False,False,8/31/2017,,,8/31/2017,System.Byte[],Waived current late fee 2.
,238231,1124914,1495,263170,5929832,250820,3324669,93,88,923764,8/31/2017,-25.0000,False,False,8/31/2017,,,8/31/2017,System.Byte[],Waived current late fee 2.
,238231,1124915,1495,263170,5929833,229090,3324669,93,88,923765,8/31/2017,25.0000,False,False,8/31/2017,,,8/31/2017,System.Byte[],Waived current late fee 2.
,238231,1124916,1495,263170,5929833,229090,3324669,93,88,923765,8/31/2017,-25.0000,False,False,8/31/2017,,,8/31/2017,System.Byte[],Waived current late fee 2.
,1293,1126922,1495,263507,5952910,249399,3338780,2082,88,924962,9/5/2017,15.0000,False,False,9/5/2017,,,9/5/2017,System.Byte[],Waived current late fee 1.
,1293,1126923,1495,263507,5952910,249399,3338780,2082,88,924962,9/5/2017,-15.0000,False,False,9/5/2017,,,9/5/2017,System.Byte[],Waived current late fee 1.
,1293,1126924,1495,263507,5952911,249399,3338780,2082,88,924963,9/5/2017,25.0000,False,False,9/5/2017,,,9/5/2017,System.Byte[],Waived current late fee 2.
,1293,1126925,1495,263507,5952911,249399,3338780,2082,88,924963,9/5/2017,-25.0000,False,False,9/5/2017,,,9/5/2017,System.Byte[],Waived current late fee 2.
,1293,1126928,1495,263507,5952915,129211,3338784,2082,88,924964,9/5/2017,15.0000,False,False,9/5/2017,,,9/5/2017,System.Byte[],Waived current late fee 1.
,1293,1126929,1495,263507,5952915,129211,3338784,2082,88,924964,9/5/2017,-15.0000,False,False,9/5/2017,,,9/5/2017,System.Byte[],Waived current late fee 1.
,1293,1126930,1495,263507,5952916,129211,3338784,2082,88,924965,9/5/2017,25.0000,False,False,9/5/2017,,,9/5/2017,System.Byte[],Waived current late fee 2.
,1293,1126931,1495,263507,5952916,129211,3338784,2082,88,924965,9/5/2017,-25.0000,False,False,9/5/2017,,,9/5/2017,System.Byte[],Waived current late fee 2.
,1450,1130454,1495,264255,5968762,1656,3347417,93,88,926527,9/11/2017,15.0000,False,False,9/11/2017,,,9/11/2017,System.Byte[],Waived current late fee 1.
,1450,1130455,1495,264255,5968762,1656,3347417,93,88,926527,9/11/2017,-15.0000,False,False,9/11/2017,,,9/11/2017,System.Byte[],Waived current late fee 1.
,1444,1130896,1495,264255,5970586,1650,3348404,2082,88,926772,9/12/2017,15.0000,False,False,9/12/2017,,,9/12/2017,System.Byte[],Waived current late fee 1.
,1444,1130897,1495,264255,5970586,1650,3348404,2082,88,926772,9/12/2017,-15.0000,False,False,9/12/2017,,,9/12/2017,System.Byte[],Waived current late fee 1.
,102414,1130988,1495,264555,5970785,106145,3348502,2082,88,926814,9/12/2017,15.0000,False,False,9/12/2017,,,9/12/2017,System.Byte[],Waived current late fee 1.
,102414,1130989,1495,264555,5970785,106145,3348502,2082,88,926814,9/12/2017,-15.0000,False,False,9/12/2017,,,9/12/2017,System.Byte[],Waived current late fee 1.
,212670,1131420,1495,264555,5971887,255454,3348995,2082,88,927014,9/12/2017,15.0000,False,False,9/12/2017,,,9/12/2017,System.Byte[],Waived current late fee 1.
,212670,1131421,1495,264555,5971887,255454,3348995,2082,88,927014,9/12/2017,-15.0000,False,False,9/12/2017,,,9/12/2017,System.Byte[],Waived current late fee 1.
,94262,1132212,1495,264650,5974505,101412,3350142,93,88,927374,9/14/2017,15.0000,False,False,9/14/2017,,,9/14/2017,System.Byte[],Waived current late fee 1.
,94262,1132213,1495,264650,5974505,101412,3350142,93,88,927374,9/14/2017,-15.0000,False,False,9/14/2017,,,9/14/2017,System.Byte[],Waived current late fee 1.
,229011,1133094,1495,264748,5976382,222434,3350878,93,88,927670,9/15/2017,15.0000,False,False,9/15/2017,,,9/15/2017,System.Byte[],Waived current late fee 1.
,229011,1133095,1495,264748,5976382,222434,3350878,93,88,927670,9/15/2017,-15.0000,False,False,9/15/2017,,,9/15/2017,System.Byte[],Waived current late fee 1.
,279446,1133580,1495,264748,5977457,262965,3351311,93,88,927847,9/15/2017,15.0000,False,False,9/15/2017,,,9/15/2017,System.Byte[],Waived current late fee 1.
,279446,1133581,1495,264748,5977457,262965,3351311,93,88,927847,9/15/2017,-15.0000,False,False,9/15/2017,,,9/15/2017,System.Byte[],Waived current late fee 1.
,150919,1133630,1495,264748,5977649,152543,3351385,93,88,927862,9/15/2017,15.0000,False,False,9/15/2017,,,9/15/2017,System.Byte[],Waived current late fee 1.
,150919,1133631,1495,264748,5977649,152543,3351385,93,88,927862,9/15/2017,-15.0000,False,False,9/15/2017,,,9/15/2017,System.Byte[],Waived current late fee 1.
,150919,1133632,1495,264748,5977650,152543,3351385,93,88,927863,9/15/2017,25.0000,False,False,9/15/2017,,,9/15/2017,System.Byte[],Waived current late fee 2.
,150919,1133633,1495,264748,5977650,152543,3351385,93,88,927863,9/15/2017,-25.0000,False,False,9/15/2017,,,9/15/2017,System.Byte[],Waived current late fee 2.
,274024,1137077,1495,265359,5987470,257868,3355761,93,88,929121,9/22/2017,15.0000,False,False,9/22/2017,,,9/22/2017,System.Byte[],Waived current late fee 1.
,274024,1137078,1495,265359,5987470,257868,3355761,93,88,929121,9/22/2017,-15.0000,False,False,9/22/2017,,,9/22/2017,System.Byte[],Waived current late fee 1.
,52407,1138940,1495,265974,5996509,58795,3360108,93,88,930229,9/29/2017,15.0000,False,False,9/29/2017,,,9/29/2017,System.Byte[],Waived current late fee 1.
,52407,1138941,1495,265974,5996509,58795,3360108,93,88,930229,9/29/2017,-15.0000,False,False,9/29/2017,,,9/29/2017,System.Byte[],Waived current late fee 1.
,280970,1139154,1495,266074,5999173,265614,3361486,1179,88,930461,9/30/2017,15.0000,False,False,9/30/2017,,,9/30/2017,System.Byte[],Waived current late fee 1.
,280970,1139155,1495,266074,5999173,265614,3361486,1179,88,930461,9/30/2017,-15.0000,False,False,9/30/2017,,,9/30/2017,System.Byte[],Waived current late fee 1.
,211430,1141319,1495,266627,6024131,209565,3376816,93,88,931922,10/5/2017,25.0000,False,False,10/5/2017,,,10/5/2017,System.Byte[],Waived current late fee 2.
,211430,1141320,1495,266627,6024131,209565,3376816,93,88,931922,10/5/2017,-25.0000,False,False,10/5/2017,,,10/5/2017,System.Byte[],Waived current late fee 2.
,1513,1141631,1495,266733,6026796,1719,3378360,93,88,932118,10/6/2017,15.0000,False,False,10/6/2017,,,10/6/2017,System.Byte[],Waived current late fee 1.
,1513,1141632,1495,266733,6026796,1719,3378360,93,88,932118,10/6/2017,-15.0000,False,False,10/6/2017,,,10/6/2017,System.Byte[],Waived current late fee 1.
,150919,1142623,1495,266851,6029834,152543,3379811,1179,88,932345,10/7/2017,15.0000,False,False,10/7/2017,,,10/7/2017,System.Byte[],Waived current late fee 1.
,150919,1142624,1495,266851,6029834,152543,3379811,1179,88,932345,10/7/2017,-15.0000,False,False,10/7/2017,,,10/7/2017,System.Byte[],Waived current late fee 1.
,1304,1147501,1495,267795,6049488,1507,3389314,2082,88,934014,10/17/2017,25.0000,False,False,10/17/2017,,,10/17/2017,System.Byte[],Waived current late fee 2.
,1304,1147502,1495,267795,6049488,1507,3389314,2082,88,934014,10/17/2017,-25.0000,False,False,10/17/2017,,,10/17/2017,System.Byte[],Waived current late fee 2.
,270729,1147507,1495,267795,6049525,255046,3389333,2082,88,934019,10/17/2017,15.0000,False,False,10/17/2017,,,10/17/2017,System.Byte[],Waived current late fee 1.
,270729,1147508,1495,267795,6049525,255046,3389333,2082,88,934019,10/17/2017,-15.0000,False,False,10/17/2017,,,10/17/2017,System.Byte[],Waived current late fee 1.
,274024,1147905,1495,267973,6051859,257868,3390363,93,88,934244,10/19/2017,15.0000,False,False,10/19/2017,,,10/19/2017,System.Byte[],Waived current late fee 1.
,274024,1147906,1495,267973,6051859,257868,3390363,93,88,934244,10/19/2017,-15.0000,False,False,10/19/2017,,,10/19/2017,System.Byte[],Waived current late fee 1.
,270534,1150709,1495,268760,6063497,254845,3395722,1179,88,935400,10/27/2017,25.0000,False,False,10/27/2017,,,10/27/2017,System.Byte[],Waived current late fee 2.
,270534,1150710,1495,268760,6063497,254845,3395722,1179,88,935400,10/27/2017,-25.0000,False,False,10/27/2017,,,10/27/2017,System.Byte[],Waived current late fee 2.
,265225,1151309,1495,268852,6067283,250362,3397727,93,88,935775,10/30/2017,15.0000,False,False,10/30/2017,,,10/30/2017,System.Byte[],Waived current late fee 1.
,265225,1151310,1495,268852,6067283,250362,3397727,93,88,935775,10/30/2017,-15.0000,False,False,10/30/2017,,,10/30/2017,System.Byte[],Waived current late fee 1.
,262752,1152664,1495,269338,6086955,249967,3410071,3240,88,936889,11/3/2017,15.0000,False,False,11/3/2017,,,11/3/2017,System.Byte[],Waived current late fee 1.
,262752,1152665,1495,269338,6086955,249967,3410071,3240,88,936889,11/3/2017,-15.0000,False,False,11/3/2017,,,11/3/2017,System.Byte[],Waived current late fee 1.
,150919,1153084,1495,269454,6090756,152543,3412189,1179,88,937120,11/4/2017,15.0000,False,False,11/4/2017,,,11/4/2017,System.Byte[],Waived current late fee 1.
,150919,1153085,1495,269454,6090756,152543,3412189,1179,88,937120,11/4/2017,-15.0000,False,False,11/4/2017,,,11/4/2017,System.Byte[],Waived current late fee 1.
,283141,1154203,1495,269775,6098713,266036,3416633,2082,88,937725,11/7/2017,15.0000,False,False,11/7/2017,,,11/7/2017,System.Byte[],Waived current late fee 1.
,283141,1154204,1495,269775,6098713,266036,3416633,2082,88,937725,11/7/2017,-15.0000,False,False,11/7/2017,,,11/7/2017,System.Byte[],Waived current late fee 1.
,283141,1154205,1495,269775,6098714,266036,3416633,2082,88,937726,11/7/2017,25.0000,False,False,11/7/2017,,,11/7/2017,System.Byte[],Waived current late fee 2.
,283141,1154206,1495,269775,6098714,266036,3416633,2082,88,937726,11/7/2017,-25.0000,False,False,11/7/2017,,,11/7/2017,System.Byte[],Waived current late fee 2.
,229011,1155538,1495,269995,6104378,222434,3419406,93,88,938144,11/9/2017,15.0000,False,False,11/9/2017,,,11/9/2017,System.Byte[],Waived current late fee 1.
,229011,1155539,1495,269995,6104378,222434,3419406,93,88,938144,11/9/2017,-15.0000,False,False,11/9/2017,,,11/9/2017,System.Byte[],Waived current late fee 1.
,1307,1155550,1495,269995,6104510,1510,3419467,93,88,938151,11/9/2017,15.0000,False,False,11/9/2017,,,11/9/2017,System.Byte[],Waived current late fee 1.
,1307,1155551,1495,269995,6104510,1510,3419467,93,88,938151,11/9/2017,-15.0000,False,False,11/9/2017,,,11/9/2017,System.Byte[],Waived current late fee 1.
,144905,1157240,1495,270332,6112574,146366,3423501,93,88,938765,11/13/2017,25.0000,False,False,11/13/2017,,,11/13/2017,System.Byte[],Waived current late fee 2.
,144905,1157241,1495,270332,6112574,146366,3423501,93,88,938765,11/13/2017,-25.0000,False,False,11/13/2017,,,11/13/2017,System.Byte[],Waived current late fee 2.
,280837,1157764,1495,270479,6114313,265250,3424278,2082,88,938976,11/14/2017,15.0000,False,False,11/14/2017,,,11/14/2017,System.Byte[],Waived current late fee 1.
,280837,1157765,1495,270479,6114313,265250,3424278,2082,88,938976,11/14/2017,-15.0000,False,False,11/14/2017,,,11/14/2017,System.Byte[],Waived current late fee 1.
,267578,1162026,1495,271571,6132242,252344,3432782,3240,88,940721,11/24/2017,15.0000,False,False,11/24/2017,,,11/24/2017,System.Byte[],Waived current late fee 1.
,267578,1162027,1495,271571,6132242,252344,3432782,3240,88,940721,11/24/2017,-15.0000,False,False,11/24/2017,,,11/24/2017,System.Byte[],Waived current late fee 1.
,169512,1162496,1495,271782,6135799,168477,3434588,93,88,941091,11/27/2017,15.0000,False,False,11/27/2017,,,11/27/2017,System.Byte[],Waived current late fee 1.
,169512,1162497,1495,271782,6135799,168477,3434588,93,88,941091,11/27/2017,-15.0000,False,False,11/27/2017,,,11/27/2017,System.Byte[],Waived current late fee 1.
,280837,1162760,1495,271934,6137744,263959,3435547,93,88,941358,11/28/2017,15.0000,False,False,11/28/2017,,,11/28/2017,System.Byte[],Waived current late fee 1.
,280837,1162761,1495,271934,6137744,263959,3435547,93,88,941358,11/28/2017,-15.0000,False,False,11/28/2017,,,11/28/2017,System.Byte[],Waived current late fee 1.
,150919,1165458,1495,272477,6162984,152543,3450493,93,88,942690,12/4/2017,15.0000,False,False,12/4/2017,,,12/4/2017,System.Byte[],Waived current late fee 1.
,150919,1165459,1495,272477,6162984,152543,3450493,93,88,942690,12/4/2017,-15.0000,False,False,12/4/2017,,,12/4/2017,System.Byte[],Waived current late fee 1.
,229011,1166724,1495,273027,6173732,222434,3456640,93,88,943546,12/8/2017,15.0000,False,False,12/8/2017,,,12/8/2017,System.Byte[],Waived current late fee 1.
,229011,1166725,1495,273027,6173732,222434,3456640,93,88,943546,12/8/2017,-15.0000,False,False,12/8/2017,,,12/8/2017,System.Byte[],Waived current late fee 1.
,286522,1167500,1495,273247,6180167,269056,3460259,93,88,943996,12/11/2017,15.0000,False,False,12/11/2017,,,12/11/2017,System.Byte[],Waived current late fee 1.
,286522,1167501,1495,273247,6180167,269056,3460259,93,88,943996,12/11/2017,-15.0000,False,False,12/11/2017,,,12/11/2017,System.Byte[],Waived current late fee 1.
,1516,1170750,1495,273742,6189927,58784,3464361,1179,88,944920,12/15/2017,15.0000,False,False,12/15/2017,,,12/15/2017,System.Byte[],Waived current late fee 1.
,1516,1170751,1495,273742,6189927,58784,3464361,1179,88,944920,12/15/2017,-15.0000,False,False,12/15/2017,,,12/15/2017,System.Byte[],Waived current late fee 1.
,78083,1171488,1495,274080,6193481,84383,3466039,1212,88,945215,12/19/2017,25.0000,False,False,12/19/2017,,,12/19/2017,System.Byte[],Waived current late fee 2.
,78083,1171489,1495,274080,6193481,84383,3466039,1212,88,945215,12/19/2017,-25.0000,False,False,12/19/2017,,,12/19/2017,System.Byte[],Waived current late fee 2.
,282952,1172166,1495,274264,6196685,265841,3467540,93,88,945545,12/21/2017,15.0000,False,False,12/21/2017,,,12/21/2017,System.Byte[],Waived current late fee 1.
,282952,1172167,1495,274264,6196685,265841,3467540,93,88,945545,12/21/2017,-15.0000,False,False,12/21/2017,,,12/21/2017,System.Byte[],Waived current late fee 1.
,288313,1174330,1495,274920,6205594,270787,3471892,93,88,946450,12/29/2017,15.0000,False,False,12/29/2017,,,12/29/2017,System.Byte[],Waived current late fee 1.
,288313,1174331,1495,274920,6205594,270787,3471892,93,88,946450,12/29/2017,-15.0000,False,False,12/29/2017,,,12/29/2017,System.Byte[],Waived current late fee 1.
,1568,1175136,1495,275119,6212066,1777,3475474,2082,88,946942,1/2/2018,25.0000,False,False,1/2/2018,,,1/2/2018,System.Byte[],Waived current late fee 2.
,1568,1175137,1495,275119,6212066,1777,3475474,2082,88,946942,1/2/2018,-25.0000,False,False,1/2/2018,,,1/2/2018,System.Byte[],Waived current late fee 2.
,150919,1176717,1495,275475,6230730,152543,3486843,93,88,947868,1/4/2018,15.0000,False,False,1/4/2018,,,1/4/2018,System.Byte[],Waived current late fee 1.
,150919,1176718,1495,275475,6230730,152543,3486843,93,88,947868,1/4/2018,-15.0000,False,False,1/4/2018,,,1/4/2018,System.Byte[],Waived current late fee 1.
,1450,1178190,1495,275805,6241814,1656,3492954,1179,88,948705,1/8/2018,15.0000,False,False,1/8/2018,,,1/8/2018,System.Byte[],Waived current late fee 1.
,1450,1178191,1495,275805,6241814,1656,3492954,1179,88,948705,1/8/2018,-15.0000,False,False,1/8/2018,,,1/8/2018,System.Byte[],Waived current late fee 1.
,228669,1178282,1495,275993,6242831,222100,3493552,2082,88,948756,1/9/2018,15.0000,False,False,1/9/2018,,,1/9/2018,System.Byte[],Waived current late fee 1.
,228669,1178283,1495,275993,6242831,222100,3493552,2082,88,948756,1/9/2018,-15.0000,False,False,1/9/2018,,,1/9/2018,System.Byte[],Waived current late fee 1.
,285242,1181378,1495,277143,6263061,267972,3503298,93,88,950788,1/22/2018,15.0000,False,False,1/22/2018,,,1/22/2018,System.Byte[],Waived current late fee 1.
,285242,1181379,1495,277143,6263061,267972,3503298,93,88,950788,1/22/2018,-15.0000,False,False,1/22/2018,,,1/22/2018,System.Byte[],Waived current late fee 1.
,1444,1181706,1495,277294,6264638,1650,3504062,2082,88,950997,1/23/2018,25.0000,False,False,1/23/2018,,,1/23/2018,System.Byte[],Waived current late fee 2.
,1444,1181707,1495,277294,6264638,1650,3504062,2082,88,950997,1/23/2018,-25.0000,False,False,1/23/2018,,,1/23/2018,System.Byte[],Waived current late fee 2.
,280452,1181774,1495,277294,6264826,263615,3504145,2082,88,951028,1/23/2018,15.0000,False,False,1/23/2018,,,1/23/2018,System.Byte[],Waived current late fee 1.
,280452,1181775,1495,277294,6264826,263615,3504145,2082,88,951028,1/23/2018,-15.0000,False,False,1/23/2018,,,1/23/2018,System.Byte[],Waived current late fee 1.
,280452,1181776,1495,277294,6264840,264811,3504153,2082,88,951032,1/23/2018,15.0000,False,False,1/23/2018,,,1/23/2018,System.Byte[],Waived current late fee 1.
,280452,1181777,1495,277294,6264840,264811,3504153,2082,88,951032,1/23/2018,-15.0000,False,False,1/23/2018,,,1/23/2018,System.Byte[],Waived current late fee 1.
,291324,1187295,1495,279020,6311822,273625,3530558,93,88,954575,2/9/2018,15.0000,False,False,2/9/2018,,,2/9/2018,System.Byte[],Waived current late fee 1.
,291324,1187296,1495,279020,6311822,273625,3530558,93,88,954575,2/9/2018,-15.0000,False,False,2/9/2018,,,2/9/2018,System.Byte[],Waived current late fee 1.
,117792,1190466,1495,279926,6328376,147446,3538307,93,88,956062,2/19/2018,15.0000,False,False,2/19/2018,,,2/19/2018,System.Byte[],Waived current late fee 1.
,117792,1190467,1495,279926,6328376,147446,3538307,93,88,956062,2/19/2018,-15.0000,False,False,2/19/2018,,,2/19/2018,System.Byte[],Waived current late fee 1.
,267578,1192839,1495,280994,6353996,252344,3552522,93,88,957911,3/2/2018,25.0000,False,False,3/2/2018,,,3/2/2018,System.Byte[],Waived current late fee 2.
,267578,1192840,1495,280994,6353996,252344,3552522,93,88,957911,3/2/2018,-25.0000,False,False,3/2/2018,,,3/2/2018,System.Byte[],Waived current late fee 2.
,48348,1196029,1495,282135,6377190,54734,3565013,93,88,960126,3/16/2018,25.0000,False,False,3/16/2018,,,3/16/2018,System.Byte[],Waived current late fee 2.
,48348,1196030,1495,282135,6377190,54734,3565013,93,88,960126,3/16/2018,-25.0000,False,False,3/16/2018,,,3/16/2018,System.Byte[],Waived current late fee 2.
,294485,1196391,1495,282190,6378415,276381,3565545,2082,88,960277,3/17/2018,15.0000,False,False,3/17/2018,,,3/17/2018,System.Byte[],Waived current late fee 1.
,294485,1196392,1495,282190,6378415,276381,3565545,2082,88,960277,3/17/2018,-15.0000,False,False,3/17/2018,,,3/17/2018,System.Byte[],Waived current late fee 1.
,80049,1199829,1495,282884,6393690,86393,3574131,2082,88,961934,4/3/2018,15.0000,False,False,4/3/2018,,,4/3/2018,System.Byte[],Waived current late fee 1.
,80049,1199830,1495,282884,6393690,86393,3574131,2082,88,961934,4/3/2018,-15.0000,False,False,4/3/2018,,,4/3/2018,System.Byte[],Waived current late fee 1.
,291324,1200265,1495,282996,6396079,273625,3575603,93,88,962311,4/6/2018,15.0000,False,False,4/6/2018,,,4/6/2018,System.Byte[],Waived current late fee 1.
,291324,1200266,1495,282996,6396079,273625,3575603,93,88,962311,4/6/2018,-15.0000,False,False,4/6/2018,,,4/6/2018,System.Byte[],Waived current late fee 1.
,289574,1200547,1495,283065,6397699,272040,3576593,93,88,962548,4/9/2018,15.0000,False,False,4/9/2018,,,4/9/2018,System.Byte[],Waived current late fee 1.
,289574,1200548,1495,283065,6397699,272040,3576593,93,88,962548,4/9/2018,-15.0000,False,False,4/9/2018,,,4/9/2018,System.Byte[],Waived current late fee 1.
,1307,1203939,1495,284045,6419292,1510,3589514,2082,88,965721,5/8/2018,15.0000,False,False,5/8/2018,,,5/8/2018,System.Byte[],Waived current late fee 1.
,1307,1203940,1495,284045,6419292,1510,3589514,2082,88,965721,5/8/2018,-15.0000,False,False,5/8/2018,,,5/8/2018,System.Byte[],Waived current late fee 1.
,297856,1204141,1495,284072,6420145,278915,3589983,1212,88,965859,5/9/2018,15.0000,False,False,5/9/2018,,,5/9/2018,System.Byte[],Waived current late fee 1.
,297856,1204142,1495,284072,6420145,278915,3589983,1212,88,965859,5/9/2018,-15.0000,False,False,5/9/2018,,,5/9/2018,System.Byte[],Waived current late fee 1.
,297856,1401377,1495,284106,7514497,278915,4175279,2082,88,1049526,5/10/2018,15.0000,False,False,5/10/2018,,,5/10/2018,System.Byte[],Waived current late fee 1.
,297856,1401378,1495,284106,7514497,278915,4175279,2082,88,1049526,5/10/2018,-15.0000,False,False,5/10/2018,,,5/10/2018,System.Byte[],Waived current late fee 1.
,54621,1401581,1495,331658,7515469,217488,4175771,1212,88,1049754,5/11/2018,15.0000,False,False,5/11/2018,,,5/11/2018,System.Byte[],Waived current late fee 1.
,54621,1401582,1495,331658,7515469,217488,4175771,1212,88,1049754,5/11/2018,-15.0000,False,False,5/11/2018,,,5/11/2018,System.Byte[],Waived current late fee 1.
,117792,1401767,1495,331723,7516933,147446,4176635,1179,88,1049947,5/14/2018,15.0000,False,False,5/14/2018,,,5/14/2018,System.Byte[],Waived current late fee 1.
,117792,1401768,1495,331723,7516933,147446,4176635,1179,88,1049947,5/14/2018,-15.0000,False,False,5/14/2018,,,5/14/2018,System.Byte[],Waived current late fee 1.
,280452,1405965,1495,332315,7536040,264811,4187801,1179,88,1052239,6/1/2018,15.0000,False,False,6/1/2018,,,6/1/2018,System.Byte[],Waived current late fee 1.
,280452,1405966,1495,332315,7536040,264811,4187801,1179,88,1052239,6/1/2018,-15.0000,False,False,6/1/2018,,,6/1/2018,System.Byte[],Waived current late fee 1.
,280452,1405967,1495,332315,7536043,263615,4187803,1179,88,1052240,6/1/2018,15.0000,False,False,6/1/2018,,,6/1/2018,System.Byte[],Waived current late fee 1.
,280452,1405968,1495,332315,7536043,263615,4187803,1179,88,1052240,6/1/2018,-15.0000,False,False,6/1/2018,,,6/1/2018,System.Byte[],Waived current late fee 1.
,150919,1406105,1495,332742,7537847,152543,4188996,93,88,1052465,6/4/2018,15.0000,False,False,6/4/2018,,,6/4/2018,System.Byte[],Waived current late fee 1.
,150919,1406106,1495,332742,7537847,152543,4188996,93,88,1052465,6/4/2018,-15.0000,False,False,6/4/2018,,,6/4/2018,System.Byte[],Waived current late fee 1.
,284666,1407393,1495,333042,7544306,267428,4192743,2082,88,1053526,6/12/2018,15.0000,False,False,6/12/2018,,,6/12/2018,System.Byte[],Waived current late fee 1.
,284666,1407394,1495,333042,7544306,267428,4192743,2082,88,1053526,6/12/2018,-15.0000,False,False,6/12/2018,,,6/12/2018,System.Byte[],Waived current late fee 1.
,291324,1407895,1495,333140,7546767,273625,4194079,1179,88,1053883,6/15/2018,15.0000,False,False,6/15/2018,,,6/15/2018,System.Byte[],Waived current late fee 1.
,291324,1407896,1495,333140,7546767,273625,4194079,1179,88,1053883,6/15/2018,-15.0000,False,False,6/15/2018,,,6/15/2018,System.Byte[],Waived current late fee 1.
,298257,1408597,1495,333367,7550735,279297,4196300,2082,88,1054394,6/22/2018,15.0000,False,False,6/22/2018,,,6/22/2018,System.Byte[],Waived current late fee 1.
,298257,1408598,1495,333367,7550735,279297,4196300,2082,88,1054394,6/22/2018,-15.0000,False,False,6/22/2018,,,6/22/2018,System.Byte[],Waived current late fee 1.
,1568,1408641,1495,333404,7551081,1777,4196497,1179,88,1054432,6/23/2018,15.0000,False,False,6/23/2018,,,6/23/2018,System.Byte[],Waived current late fee 1.
,1568,1408642,1495,333404,7551081,1777,4196497,1179,88,1054432,6/23/2018,-15.0000,False,False,6/23/2018,,,6/23/2018,System.Byte[],Waived current late fee 1.
,282928,1408713,1495,333439,7551777,265825,4196937,93,88,1054512,6/25/2018,15.0000,False,False,6/25/2018,,,6/25/2018,System.Byte[],Waived current late fee 1.
,282928,1408714,1495,333439,7551777,265825,4196937,93,88,1054512,6/25/2018,-15.0000,False,False,6/25/2018,,,6/25/2018,System.Byte[],Waived current late fee 1.
,154969,1408909,1495,333532,7553410,156627,4197816,1212,88,1054768,6/27/2018,15.0000,False,False,6/27/2018,,,6/27/2018,System.Byte[],Waived current late fee 1.
,154969,1408910,1495,333532,7553410,156627,4197816,1212,88,1054768,6/27/2018,-15.0000,False,False,6/27/2018,,,6/27/2018,System.Byte[],Waived current late fee 1.
,135808,1409111,1495,333603,7555045,136884,4198760,93,88,1055052,6/29/2018,25.0000,False,False,6/29/2018,,,6/29/2018,System.Byte[],Waived current late fee 2.
,135808,1409112,1495,333603,7555045,136884,4198760,93,88,1055052,6/29/2018,-25.0000,False,False,6/29/2018,,,6/29/2018,System.Byte[],Waived current late fee 2.
,355640,1409367,1495,333669,7558280,327123,4200985,93,88,1055353,7/2/2018,15.0000,False,False,7/2/2018,,,7/2/2018,System.Byte[],Waived current late fee 1.
,355640,1409368,1495,333669,7558280,327123,4200985,93,88,1055353,7/2/2018,-15.0000,False,False,7/2/2018,,,7/2/2018,System.Byte[],Waived current late fee 1.
,150919,1409985,1495,333858,7564070,152543,4204797,1179,88,1056141,7/7/2018,15.0000,False,False,7/7/2018,,,7/7/2018,System.Byte[],Waived current late fee 1.
,150919,1409986,1495,333858,7564070,152543,4204797,1179,88,1056141,7/7/2018,-15.0000,False,False,7/7/2018,,,7/7/2018,System.Byte[],Waived current late fee 1.
,1307,1410089,1495,333892,7564990,1510,4205374,93,88,1056260,7/9/2018,15.0000,False,False,7/9/2018,,,7/9/2018,System.Byte[],Waived current late fee 1.
,1307,1410090,1495,333892,7564990,1510,4205374,93,88,1056260,7/9/2018,-15.0000,False,False,7/9/2018,,,7/9/2018,System.Byte[],Waived current late fee 1.
,260434,1410589,1495,333954,7566291,246405,4206027,2082,88,1056550,7/10/2018,15.0000,False,False,7/10/2018,,,7/10/2018,System.Byte[],Waived current late fee 1.
,260434,1410590,1495,333954,7566291,246405,4206027,2082,88,1056550,7/10/2018,-15.0000,False,False,7/10/2018,,,7/10/2018,System.Byte[],Waived current late fee 1.
,1433,1410631,1495,333986,7566692,1639,4206262,1212,88,1056606,7/11/2018,15.0000,False,False,7/11/2018,,,7/11/2018,System.Byte[],Waived current late fee 1.
,1433,1410632,1495,333986,7566692,1639,4206262,1212,88,1056606,7/11/2018,-15.0000,False,False,7/11/2018,,,7/11/2018,System.Byte[],Waived current late fee 1.
,267133,1412097,1495,334281,7572766,252010,4209571,93,88,1057357,7/20/2018,15.0000,False,False,7/20/2018,,,7/20/2018,System.Byte[],Waived current late fee 1.
,267133,1412098,1495,334281,7572766,252010,4209571,93,88,1057357,7/20/2018,-15.0000,False,False,7/20/2018,,,7/20/2018,System.Byte[],Waived current late fee 1.
,270542,1414223,1495,334701,7583591,271808,4216248,93,88,1058628,8/2/2018,15.0000,False,False,8/2/2018,,,8/2/2018,System.Byte[],Waived current late fee 1.
,270542,1414224,1495,334701,7583591,271808,4216248,93,88,1058628,8/2/2018,-15.0000,False,False,8/2/2018,,,8/2/2018,System.Byte[],Waived current late fee 1.
,43761,1414659,1495,334811,7586925,49648,4218332,93,88,1059102,8/6/2018,15.0000,False,False,8/6/2018,,,8/6/2018,System.Byte[],Waived current late fee 1.
,43761,1414660,1495,334811,7586925,49648,4218332,93,88,1059102,8/6/2018,-15.0000,False,False,8/6/2018,,,8/6/2018,System.Byte[],Waived current late fee 1.
,294146,1415483,1495,335136,7592715,328617,4221701,1212,88,1059851,8/15/2018,15.0000,False,False,8/15/2018,,,8/15/2018,System.Byte[],Waived current late fee 1.
,294146,1415484,1495,335136,7592715,328617,4221701,1212,88,1059851,8/15/2018,-15.0000,False,False,8/15/2018,,,8/15/2018,System.Byte[],Waived current late fee 1.
,294146,1415485,1495,335136,7592716,276145,4221701,1212,88,1059852,8/15/2018,15.0000,False,False,8/15/2018,,,8/15/2018,System.Byte[],Waived current late fee 1.
,294146,1415486,1495,335136,7592716,276145,4221701,1212,88,1059852,8/15/2018,-15.0000,False,False,8/15/2018,,,8/15/2018,System.Byte[],Waived current late fee 1.
,267133,1416285,1495,335396,7597112,252010,4224322,93,88,1060519,8/23/2018,15.0000,False,False,8/23/2018,,,8/23/2018,System.Byte[],Waived current late fee 1.
,267133,1416286,1495,335396,7597112,252010,4224322,93,88,1060519,8/23/2018,-15.0000,False,False,8/23/2018,,,8/23/2018,System.Byte[],Waived current late fee 1.
,251177,1416537,1495,335499,7599084,238125,4225439,93,88,1060794,8/27/2018,15.0000,False,False,8/27/2018,,,8/27/2018,System.Byte[],Waived current late fee 1.
,251177,1416538,1495,335499,7599084,238125,4225439,93,88,1060794,8/27/2018,-15.0000,False,False,8/27/2018,,,8/27/2018,System.Byte[],Waived current late fee 1.
,357193,1417559,1495,335726,7607608,328635,4231057,2082,88,1061753,9/4/2018,15.0000,False,False,9/4/2018,,,9/4/2018,System.Byte[],Waived current late fee 1.
,357193,1417560,1495,335726,7607608,328635,4231057,2082,88,1061753,9/4/2018,-15.0000,False,False,9/4/2018,,,9/4/2018,System.Byte[],Waived current late fee 1.
,80344,1417871,1495,335909,7610863,86852,4233010,1179,88,1062224,9/8/2018,15.0000,False,False,9/8/2018,,,9/8/2018,System.Byte[],Waived current late fee 1.
,80344,1417872,1495,335909,7610863,86852,4233010,1179,88,1062224,9/8/2018,-15.0000,False,False,9/8/2018,,,9/8/2018,System.Byte[],Waived current late fee 1.
,237602,1418879,1495,336354,7618367,228576,4237533,93,88,1063276,9/21/2018,15.0000,False,False,9/21/2018,,,9/21/2018,System.Byte[],Waived current late fee 1.
,237602,1418880,1495,336354,7618367,228576,4237533,93,88,1063276,9/21/2018,-15.0000,False,False,9/21/2018,,,9/21/2018,System.Byte[],Waived current late fee 1.
,243710,1419485,1495,336515,7622215,275986,4239653,93,88,1063863,9/27/2018,15.0000,False,False,9/27/2018,,,9/27/2018,System.Byte[],Waived current late fee 1.
,243710,1419486,1495,336515,7622215,275986,4239653,93,88,1063863,9/27/2018,-15.0000,False,False,9/27/2018,,,9/27/2018,System.Byte[],Waived current late fee 1.
,359197,1419757,1495,336620,7623910,330676,4240640,93,88,1064097,9/29/2018,15.0000,False,False,9/29/2018,,,9/29/2018,System.Byte[],Waived current late fee 1.
,359197,1419758,1495,336620,7623910,330676,4240640,93,88,1064097,9/29/2018,-15.0000,False,False,9/29/2018,,,9/29/2018,System.Byte[],Waived current late fee 1.
,359401,1420529,1495,336852,7632530,330449,4246502,2082,88,1064968,10/8/2018,15.0000,False,False,10/8/2018,,,10/8/2018,System.Byte[],Waived current late fee 1.
,359401,1420530,1495,336852,7632530,330449,4246502,2082,88,1064968,10/8/2018,-15.0000,False,False,10/8/2018,,,10/8/2018,System.Byte[],Waived current late fee 1.
,80049,1421479,1495,337206,7638525,330254,4249870,1212,88,1065881,10/17/2018,15.0000,False,False,10/17/2018,,,10/17/2018,System.Byte[],Waived current late fee 1.
,80049,1421480,1495,337206,7638525,330254,4249870,1212,88,1065881,10/17/2018,-15.0000,False,False,10/17/2018,,,10/17/2018,System.Byte[],Waived current late fee 1.
,80049,1421481,1495,337206,7638526,330254,4249870,1212,88,1065882,10/17/2018,25.0000,False,False,10/17/2018,,,10/17/2018,System.Byte[],Waived current late fee 2.
,80049,1421482,1495,337206,7638526,330254,4249870,1212,88,1065882,10/17/2018,-25.0000,False,False,10/17/2018,,,10/17/2018,System.Byte[],Waived current late fee 2.
,298559,1422483,1495,337585,7645721,279589,4254026,2082,88,1066901,10/30/2018,15.0000,False,False,10/30/2018,,,10/30/2018,System.Byte[],Waived current late fee 1.
,298559,1422484,1495,337585,7645721,279589,4254026,2082,88,1066901,10/30/2018,-15.0000,False,False,10/30/2018,,,10/30/2018,System.Byte[],Waived current late fee 1.
,149143,1422993,1495,337758,7651156,279252,4257779,2082,88,1067474,11/3/2018,15.0000,False,False,11/3/2018,,,11/3/2018,System.Byte[],Waived current late fee 1.
,149143,1422994,1495,337758,7651156,279252,4257779,2082,88,1067474,11/3/2018,-15.0000,False,False,11/3/2018,,,11/3/2018,System.Byte[],Waived current late fee 1.
,43761,1424075,1495,337885,7655610,49648,4260363,93,88,1068151,11/8/2018,15.0000,False,False,11/8/2018,,,11/8/2018,System.Byte[],Waived current late fee 1.
,43761,1424076,1495,337885,7655610,49648,4260363,93,88,1068151,11/8/2018,-15.0000,False,False,11/8/2018,,,11/8/2018,System.Byte[],Waived current late fee 1.
,282952,1424125,1495,337919,7656079,265841,4260620,93,88,1068192,11/9/2018,15.0000,False,False,11/9/2018,,,11/9/2018,System.Byte[],Waived current late fee 1.
,282952,1424126,1495,337919,7656079,265841,4260620,93,88,1068192,11/9/2018,-15.0000,False,False,11/9/2018,,,11/9/2018,System.Byte[],Waived current late fee 1.
,357363,1424161,1495,337919,7656386,328802,4260789,93,88,1068239,11/9/2018,15.0000,False,False,11/9/2018,,,11/9/2018,System.Byte[],Waived current late fee 1.
,357363,1424162,1495,337919,7656386,328802,4260789,93,88,1068239,11/9/2018,-15.0000,False,False,11/9/2018,,,11/9/2018,System.Byte[],Waived current late fee 1.
,359616,1424425,1495,337992,7658177,330630,4261781,2082,88,1068443,11/12/2018,15.0000,False,False,11/12/2018,,,11/12/2018,System.Byte[],Waived current late fee 1.
,359616,1424426,1495,337992,7658177,330630,4261781,2082,88,1068443,11/12/2018,-15.0000,False,False,11/12/2018,,,11/12/2018,System.Byte[],Waived current late fee 1.
,117792,1424521,1495,338044,7658749,147446,4262126,2082,88,1068516,11/13/2018,15.0000,False,False,11/13/2018,,,11/13/2018,System.Byte[],Waived current late fee 1.
,117792,1424522,1495,338044,7658749,147446,4262126,2082,88,1068516,11/13/2018,-15.0000,False,False,11/13/2018,,,11/13/2018,System.Byte[],Waived current late fee 1.
,359401,1424723,1495,338150,7660244,330500,4262990,2082,88,1068702,11/16/2018,25.0000,False,False,11/16/2018,,,11/16/2018,System.Byte[],Waived current late fee 2.
,359401,1424724,1495,338150,7660244,330500,4262990,2082,88,1068702,11/16/2018,-25.0000,False,False,11/16/2018,,,11/16/2018,System.Byte[],Waived current late fee 2.
,270935,1425023,1495,338218,7662074,255256,4264045,2082,88,1068968,11/19/2018,15.0000,False,False,11/19/2018,,,11/19/2018,System.Byte[],Waived current late fee 1.
,270935,1425024,1495,338218,7662074,255256,4264045,2082,88,1068968,11/19/2018,-15.0000,False,False,11/19/2018,,,11/19/2018,System.Byte[],Waived current late fee 1.
,122083,1425237,1495,338312,7663363,120450,4264834,1212,88,1069175,11/21/2018,15.0000,False,False,11/21/2018,,,11/21/2018,System.Byte[],Waived current late fee 1.
,122083,1425238,1495,338312,7663363,120450,4264834,1212,88,1069175,11/21/2018,-15.0000,False,False,11/21/2018,,,11/21/2018,System.Byte[],Waived current late fee 1.
,290449,1425277,1495,338351,7663833,272823,4265093,2082,88,1069222,11/23/2018,15.0000,False,False,11/23/2018,,,11/23/2018,System.Byte[],Waived current late fee 1.
,290449,1425278,1495,338351,7663833,272823,4265093,2082,88,1069222,11/23/2018,-15.0000,False,False,11/23/2018,,,11/23/2018,System.Byte[],Waived current late fee 1.
,251177,1425603,1495,338480,7666164,238125,4266449,2082,88,1069566,11/27/2018,15.0000,False,False,11/27/2018,,,11/27/2018,System.Byte[],Waived current late fee 1.
,251177,1425604,1495,338480,7666164,238125,4266449,2082,88,1069566,11/27/2018,-15.0000,False,False,11/27/2018,,,11/27/2018,System.Byte[],Waived current late fee 1.
,357311,1430048,1495,339030,7707173,328737,4290931,93,88,1073014,12/7/2018,15.0000,False,False,12/7/2018,,,12/7/2018,System.Byte[],Waived current late fee 1.
,357311,1430049,1495,339030,7707173,328737,4290931,93,88,1073014,12/7/2018,-15.0000,False,False,12/7/2018,,,12/7/2018,System.Byte[],Waived current late fee 1.
,286808,1430214,1495,339030,7707725,269333,4291225,93,88,1073132,12/7/2018,15.0000,False,False,12/7/2018,,,12/7/2018,System.Byte[],Waived current late fee 1.
,286808,1430215,1495,339030,7707725,269333,4291225,93,88,1073132,12/7/2018,-15.0000,False,False,12/7/2018,,,12/7/2018,System.Byte[],Waived current late fee 1.
,205752,1430736,1495,339221,7710808,206578,4292980,1212,88,1073535,12/12/2018,25.0000,False,False,12/12/2018,,,12/12/2018,System.Byte[],Waived current late fee 2.
,205752,1430737,1495,339221,7710808,206578,4292980,1212,88,1073535,12/12/2018,-25.0000,False,False,12/12/2018,,,12/12/2018,System.Byte[],Waived current late fee 2.
,226303,1430938,1495,339255,7711821,219990,4293570,93,88,1073707,12/14/2018,15.0000,False,False,12/14/2018,,,12/14/2018,System.Byte[],Waived current late fee 1.
,226303,1430939,1495,339255,7711821,219990,4293570,93,88,1073707,12/14/2018,-15.0000,False,False,12/14/2018,,,12/14/2018,System.Byte[],Waived current late fee 1.
,1304,1431368,1495,339380,7713925,1507,4294776,1212,88,1073940,12/18/2018,25.0000,False,False,12/18/2018,,,12/18/2018,System.Byte[],Waived current late fee 2.
,1304,1431369,1495,339380,7713925,1507,4294776,1212,88,1073940,12/18/2018,-25.0000,False,False,12/18/2018,,,12/18/2018,System.Byte[],Waived current late fee 2.
,359890,1431998,1495,339483,7716259,330845,4295982,93,88,1074252,12/21/2018,15.0000,False,False,12/21/2018,,,12/21/2018,System.Byte[],Waived current late fee 1.
,359890,1431999,1495,339483,7716259,330845,4295982,93,88,1074252,12/21/2018,-15.0000,False,False,12/21/2018,,,12/21/2018,System.Byte[],Waived current late fee 1.
,248988,1432552,1495,339678,7719846,237589,4297984,93,88,1074851,12/28/2018,15.0000,False,False,12/28/2018,,,12/28/2018,System.Byte[],Waived current late fee 1.
,248988,1432553,1495,339678,7719846,237589,4297984,93,88,1074851,12/28/2018,-15.0000,False,False,12/28/2018,,,12/28/2018,System.Byte[],Waived current late fee 1.
,248988,1432554,1495,339678,7719847,236152,4297984,93,88,1074852,12/28/2018,15.0000,False,False,12/28/2018,,,12/28/2018,System.Byte[],Waived current late fee 1.
,248988,1432555,1495,339678,7719847,236152,4297984,93,88,1074852,12/28/2018,-15.0000,False,False,12/28/2018,,,12/28/2018,System.Byte[],Waived current late fee 1.
,46363,1433000,1495,339749,7721533,52671,4298889,93,88,1075096,12/31/2018,15.0000,False,False,12/31/2018,,,12/31/2018,System.Byte[],Waived current late fee 1.
,46363,1433001,1495,339749,7721533,52671,4298889,93,88,1075096,12/31/2018,-15.0000,False,False,12/31/2018,,,12/31/2018,System.Byte[],Waived current late fee 1.
,355805,1433794,1495,339938,7728481,327308,4303456,1179,88,1075841,1/5/2019,15.0000,False,False,1/5/2019,,,1/5/2019,System.Byte[],Waived current late fee 1.
,355805,1433795,1495,339938,7728481,327308,4303456,1179,88,1075841,1/5/2019,-15.0000,False,False,1/5/2019,,,1/5/2019,System.Byte[],Waived current late fee 1.
,357311,1433878,1495,339973,7729464,328737,4304084,93,88,1075976,1/7/2019,15.0000,False,False,1/7/2019,,,1/7/2019,System.Byte[],Waived current late fee 1.
,357311,1433879,1495,339973,7729464,328737,4304084,93,88,1075976,1/7/2019,-15.0000,False,False,1/7/2019,,,1/7/2019,System.Byte[],Waived current late fee 1.
,80344,1434438,1495,340064,7731562,86852,4305241,1212,88,1076405,1/9/2019,15.0000,False,False,1/9/2019,,,1/9/2019,System.Byte[],Waived current late fee 1.
,80344,1434439,1495,340064,7731562,86852,4305241,1212,88,1076405,1/9/2019,-15.0000,False,False,1/9/2019,,,1/9/2019,System.Byte[],Waived current late fee 1.
,43761,1434570,1495,340096,7732217,49648,4305595,93,88,1076475,1/10/2019,15.0000,False,False,1/10/2019,,,1/10/2019,System.Byte[],Waived current late fee 1.
,43761,1434571,1495,340096,7732217,49648,4305595,93,88,1076475,1/10/2019,-15.0000,False,False,1/10/2019,,,1/10/2019,System.Byte[],Waived current late fee 1.
,360401,1434630,1495,340128,7733002,331236,4306021,93,88,1076555,1/11/2019,15.0000,False,False,1/11/2019,,,1/11/2019,System.Byte[],Waived current late fee 1.
,360401,1434631,1495,340128,7733002,331236,4306021,93,88,1076555,1/11/2019,-15.0000,False,False,1/11/2019,,,1/11/2019,System.Byte[],Waived current late fee 1.
,19278,1434692,1495,340128,7733461,21887,4306242,93,88,1076622,1/11/2019,15.0000,False,False,1/11/2019,,,1/11/2019,System.Byte[],Waived current late fee 1.
,19278,1434693,1495,340128,7733461,21887,4306242,93,88,1076622,1/11/2019,-15.0000,False,False,1/11/2019,,,1/11/2019,System.Byte[],Waived current late fee 1.
,296756,1434858,1495,340197,7734709,278078,4307007,2082,88,1076749,1/14/2019,15.0000,False,False,1/14/2019,,,1/14/2019,System.Byte[],Waived current late fee 1.
,296756,1434859,1495,340197,7734709,278078,4307007,2082,88,1076749,1/14/2019,-15.0000,False,False,1/14/2019,,,1/14/2019,System.Byte[],Waived current late fee 1.
,359752,1434906,1495,340255,7735155,330737,4307275,2082,88,1076795,1/15/2019,15.0000,False,False,1/15/2019,,,1/15/2019,System.Byte[],Waived current late fee 1.
,359752,1434907,1495,340255,7735155,330737,4307275,2082,88,1076795,1/15/2019,-15.0000,False,False,1/15/2019,,,1/15/2019,System.Byte[],Waived current late fee 1.
,267513,1436334,1495,340354,7740530,334094,4309985,93,88,1078435,1/18/2019,15.0000,False,False,1/18/2019,,,1/18/2019,System.Byte[],Waived current late fee 1.
,267513,1436335,1495,340354,7740530,334094,4309985,93,88,1078435,1/18/2019,-15.0000,False,False,1/18/2019,,,1/18/2019,System.Byte[],Waived current late fee 1.
,361091,1436352,1495,340354,7740674,331770,4310055,93,88,1078460,1/18/2019,15.0000,False,False,1/18/2019,,,1/18/2019,System.Byte[],Waived current late fee 1.
,361091,1436353,1495,340354,7740674,331770,4310055,93,88,1078460,1/18/2019,-15.0000,False,False,1/18/2019,,,1/18/2019,System.Byte[],Waived current late fee 1.
,361091,1436354,1495,340354,7740675,331770,4310055,93,88,1078461,1/18/2019,25.0000,False,False,1/18/2019,,,1/18/2019,System.Byte[],Waived current late fee 2.
,361091,1436355,1495,340354,7740675,331770,4310055,93,88,1078461,1/18/2019,-25.0000,False,False,1/18/2019,,,1/18/2019,System.Byte[],Waived current late fee 2.
,358934,1436506,1495,340502,7741748,330087,4310685,93,88,1078593,1/21/2019,15.0000,False,False,1/21/2019,,,1/21/2019,System.Byte[],Waived current late fee 1.
,358934,1436507,1495,340502,7741748,330087,4310685,93,88,1078593,1/21/2019,-15.0000,False,False,1/21/2019,,,1/21/2019,System.Byte[],Waived current late fee 1.
,138571,1436514,1495,340502,7741856,156975,4310757,2082,88,1078606,1/21/2019,25.0000,False,False,1/21/2019,,,1/21/2019,System.Byte[],Waived current late fee 2.
,138571,1436515,1495,340502,7741856,156975,4310757,2082,88,1078606,1/21/2019,-25.0000,False,False,1/21/2019,,,1/21/2019,System.Byte[],Waived current late fee 2.
,1380,1466184,1495,343647,7815380,1583,4350340,93,88,1095770,1/25/2019,25.0000,False,False,1/25/2019,,,1/25/2019,System.Byte[],Waived current late fee 2.
,1380,1466185,1495,343647,7815380,1583,4350340,93,88,1095770,1/25/2019,-25.0000,False,False,1/25/2019,,,1/25/2019,System.Byte[],Waived current late fee 2.
,122852,1469062,1495,343719,7817784,277589,4350973,2082,88,1095887,1/28/2019,15.0000,False,False,1/28/2019,,,1/28/2019,System.Byte[],Waived current late fee 1.
,122852,1469063,1495,343719,7817784,277589,4350973,2082,88,1095887,1/28/2019,-15.0000,False,False,1/28/2019,,,1/28/2019,System.Byte[],Waived current late fee 1.
,122852,1469064,1495,343719,7817785,1827,4350974,2082,88,1095888,1/28/2019,15.0000,False,False,1/28/2019,,,1/28/2019,System.Byte[],Waived current late fee 1.
,122852,1469065,1495,343719,7817785,1827,4350974,2082,88,1095888,1/28/2019,-15.0000,False,False,1/28/2019,,,1/28/2019,System.Byte[],Waived current late fee 1.
,122852,1469066,1495,343719,7817788,154199,4350976,2082,88,1095889,1/28/2019,15.0000,False,False,1/28/2019,,,1/28/2019,System.Byte[],Waived current late fee 1.
,122852,1469067,1495,343719,7817788,154199,4350976,2082,88,1095889,1/28/2019,-15.0000,False,False,1/28/2019,,,1/28/2019,System.Byte[],Waived current late fee 1.
,150919,1483876,1495,343960,7833697,152543,4356735,93,88,1096901,2/4/2019,15.0000,False,False,2/4/2019,,,2/4/2019,System.Byte[],Waived current late fee 1.
,150919,1483877,1495,343960,7833697,152543,4356735,93,88,1096901,2/4/2019,-15.0000,False,False,2/4/2019,,,2/4/2019,System.Byte[],Waived current late fee 1.
,154969,1486334,1495,344743,7848902,156627,4365290,1212,88,1098924,2/27/2019,15.0000,False,False,2/27/2019,,,2/27/2019,System.Byte[],Waived current late fee 1.
,154969,1486335,1495,344743,7848902,156627,4365290,1212,88,1098924,2/27/2019,-15.0000,False,False,2/27/2019,,,2/27/2019,System.Byte[],Waived current late fee 1.
,296203,1499116,1495,348408,7905335,277643,4396105,93,88,1105032,3/8/2019,15.0000,False,False,3/8/2019,,,3/8/2019,System.Byte[],Waived current late fee 1.
,296203,1499117,1495,348408,7905335,277643,4396105,93,88,1105032,3/8/2019,-15.0000,False,False,3/8/2019,,,3/8/2019,System.Byte[],Waived current late fee 1.
,1307,1499120,1495,348408,7905413,1510,4396138,93,88,1105035,3/8/2019,15.0000,False,False,3/8/2019,,,3/8/2019,System.Byte[],Waived current late fee 1.
,1307,1499121,1495,348408,7905413,1510,4396138,93,88,1105035,3/8/2019,-15.0000,False,False,3/8/2019,,,3/8/2019,System.Byte[],Waived current late fee 1.
,229011,1499232,1495,348408,7905938,222434,4396426,2082,88,1105117,3/8/2019,15.0000,False,False,3/8/2019,,,3/8/2019,System.Byte[],Waived current late fee 1.
,229011,1499233,1495,348408,7905938,222434,4396426,2082,88,1105117,3/8/2019,-15.0000,False,False,3/8/2019,,,3/8/2019,System.Byte[],Waived current late fee 1.
,365276,1507204,1495,348843,7935701,334381,4411618,1179,88,1110221,3/16/2019,15.0000,False,False,3/16/2019,,,3/16/2019,System.Byte[],Waived current late fee 1.
,365276,1507205,1495,348843,7935701,334381,4411618,1179,88,1110221,3/16/2019,-15.0000,False,False,3/16/2019,,,3/16/2019,System.Byte[],Waived current late fee 1.
,364664,1508048,1495,349013,7940229,333871,4414286,93,88,1111739,3/21/2019,15.0000,False,False,3/21/2019,,,3/21/2019,System.Byte[],Waived current late fee 1.
,364664,1508049,1495,349013,7940229,333871,4414286,93,88,1111739,3/21/2019,-15.0000,False,False,3/21/2019,,,3/21/2019,System.Byte[],Waived current late fee 1.
,262752,1552405,1495,363270,8197022,249967,4724729,1212,88,1153506,4/3/2019,15.0000,False,False,4/3/2019,,,4/3/2019,System.Byte[],Waived current late fee 1.
,262752,1552406,1495,363270,8197022,249967,4724729,1212,88,1153506,4/3/2019,-15.0000,False,False,4/3/2019,,,4/3/2019,System.Byte[],Waived current late fee 1.
,150919,1552915,1495,363449,8201478,152543,4727366,93,88,1154012,4/8/2019,15.0000,False,False,4/8/2019,,,4/8/2019,System.Byte[],Waived current late fee 1.
,150919,1552916,1495,363449,8201478,152543,4727366,93,88,1154012,4/8/2019,-15.0000,False,False,4/8/2019,,,4/8/2019,System.Byte[],Waived current late fee 1.
,371171,1556005,1495,363927,8210450,336950,4731826,93,88,1155126,4/19/2019,25.0000,False,False,4/19/2019,,,4/19/2019,System.Byte[],Waived current late fee 2.
,371171,1556006,1495,363927,8210450,336950,4731826,93,88,1155126,4/19/2019,-25.0000,False,False,4/19/2019,,,4/19/2019,System.Byte[],Waived current late fee 2.
,280844,1556111,1495,363927,8210855,263970,4732031,93,88,1155194,4/19/2019,15.0000,False,False,4/19/2019,,,4/19/2019,System.Byte[],Waived current late fee 1.
,280844,1556112,1495,363927,8210855,263970,4732031,93,88,1155194,4/19/2019,-15.0000,False,False,4/19/2019,,,4/19/2019,System.Byte[],Waived current late fee 1.
,280844,1556113,1495,363927,8210856,263970,4732031,93,88,1155195,4/19/2019,25.0000,False,False,4/19/2019,,,4/19/2019,System.Byte[],Waived current late fee 2.
,280844,1556114,1495,363927,8210856,263970,4732031,93,88,1155195,4/19/2019,-25.0000,False,False,4/19/2019,,,4/19/2019,System.Byte[],Waived current late fee 2.
,435823,1556447,1495,364072,8212756,337493,4733100,93,88,1155418,4/23/2019,15.0000,False,False,4/23/2019,,,4/23/2019,System.Byte[],Waived current late fee 1.
,435823,1556448,1495,364072,8212756,337493,4733100,93,88,1155418,4/23/2019,-15.0000,False,False,4/23/2019,,,4/23/2019,System.Byte[],Waived current late fee 1.
,357363,1557893,1495,364242,8216192,328802,4734670,1179,88,1155824,4/26/2019,15.0000,False,False,4/26/2019,,,4/26/2019,System.Byte[],Waived current late fee 1.
,357363,1557894,1495,364242,8216192,328802,4734670,1179,88,1155824,4/26/2019,-15.0000,False,False,4/26/2019,,,4/26/2019,System.Byte[],Waived current late fee 1.
,268428,1558609,1495,364355,8218705,253062,4736034,1212,88,1156125,4/30/2019,15.0000,False,False,4/30/2019,,,4/30/2019,System.Byte[],Waived current late fee 1.
,268428,1558610,1495,364355,8218705,253062,4736034,1212,88,1156125,4/30/2019,-15.0000,False,False,4/30/2019,,,4/30/2019,System.Byte[],Waived current late fee 1.
,150919,1559563,1495,364547,8226586,152543,4741406,1179,88,1156916,5/4/2019,15.0000,False,False,5/4/2019,,,5/4/2019,System.Byte[],Waived current late fee 1.
,150919,1559564,1495,364547,8226586,152543,4741406,1179,88,1156916,5/4/2019,-15.0000,False,False,5/4/2019,,,5/4/2019,System.Byte[],Waived current late fee 1.
,372121,1559771,1495,364589,8228233,337720,4742442,1212,88,1157105,5/6/2019,15.0000,False,False,5/6/2019,,,5/6/2019,System.Byte[],Waived current late fee 1.
,372121,1559772,1495,364589,8228233,337720,4742442,1212,88,1157105,5/6/2019,-15.0000,False,False,5/6/2019,,,5/6/2019,System.Byte[],Waived current late fee 1.
,78973,1559913,1495,364665,8229173,149506,4743036,1212,88,1157208,5/7/2019,15.0000,False,False,5/7/2019,,,5/7/2019,System.Byte[],Waived current late fee 1.
,78973,1559914,1495,364665,8229173,149506,4743036,1212,88,1157208,5/7/2019,-15.0000,False,False,5/7/2019,,,5/7/2019,System.Byte[],Waived current late fee 1.
,418537,1559925,1495,364665,8229227,384256,4743073,1212,88,1157221,5/7/2019,15.0000,False,False,5/7/2019,,,5/7/2019,System.Byte[],Reservation Fee
,418537,1559926,1495,364665,8229227,384256,4743073,1212,88,1157221,5/7/2019,-15.0000,False,False,5/7/2019,,,5/7/2019,System.Byte[],Reservation Fee
,418537,1559927,1495,364665,8229229,384256,4743073,1212,88,1157222,5/7/2019,10.0000,False,False,5/7/2019,,,5/7/2019,System.Byte[],Reservation Fee
,418537,1559928,1495,364665,8229229,384256,4743073,1212,88,1157222,5/7/2019,-10.0000,False,False,5/7/2019,,,5/7/2019,System.Byte[],Reservation Fee
,48348,1560127,1495,364665,8229754,54734,4743354,1212,88,1157307,5/7/2019,15.0000,False,False,5/7/2019,,,5/7/2019,System.Byte[],Waived current late fee 1.
,48348,1560128,1495,364665,8229754,54734,4743354,1212,88,1157307,5/7/2019,-15.0000,False,False,5/7/2019,,,5/7/2019,System.Byte[],Waived current late fee 1.
,94262,1560217,1495,364711,8230057,101412,4743506,1212,88,1157353,5/7/2019,15.0000,False,False,5/7/2019,,,5/7/2019,System.Byte[],Waived current late fee 1.
,94262,1560218,1495,364711,8230057,101412,4743506,1212,88,1157353,5/7/2019,-15.0000,False,False,5/7/2019,,,5/7/2019,System.Byte[],Waived current late fee 1.
,356754,1562373,1495,365365,8241252,328273,4749786,93,88,1158822,5/23/2019,15.0000,False,False,5/23/2019,,,5/23/2019,System.Byte[],Waived current late fee 1.
,356754,1562374,1495,365365,8241252,328273,4749786,93,88,1158822,5/23/2019,-15.0000,False,False,5/23/2019,,,5/23/2019,System.Byte[],Waived current late fee 1.
,238231,1562463,1495,365365,8241939,229090,4750170,93,88,1158894,5/24/2019,15.0000,False,False,5/24/2019,,,5/24/2019,System.Byte[],Waived current late fee 1.
,238231,1562464,1495,365365,8241939,229090,4750170,93,88,1158894,5/24/2019,-15.0000,False,False,5/24/2019,,,5/24/2019,System.Byte[],Waived current late fee 1.
,268428,1563027,1495,365452,8243311,253062,4750848,2082,88,1159025,5/27/2019,15.0000,False,False,5/27/2019,,,5/27/2019,System.Byte[],Waived current late fee 1.
,268428,1563028,1495,365452,8243311,253062,4750848,2082,88,1159025,5/27/2019,-15.0000,False,False,5/27/2019,,,5/27/2019,System.Byte[],Waived current late fee 1.
,150919,1564293,1495,365807,8253394,152543,4757392,93,88,1160075,6/3/2019,15.0000,False,False,6/3/2019,,,6/3/2019,System.Byte[],Waived current late fee 1.
,150919,1564294,1495,365807,8253394,152543,4757392,93,88,1160075,6/3/2019,-15.0000,False,False,6/3/2019,,,6/3/2019,System.Byte[],Waived current late fee 1.
,418717,1566901,1495,366275,8264974,384445,4763733,2082,88,1161565,6/17/2019,15.0000,False,False,6/17/2019,,,6/17/2019,System.Byte[],Waived current late fee 1.
,418717,1566902,1495,366275,8264974,384445,4763733,2082,88,1161565,6/17/2019,-15.0000,False,False,6/17/2019,,,6/17/2019,System.Byte[],Waived current late fee 1.
,420126,1566955,1495,366337,8265416,385796,4763964,2082,88,1161613,6/18/2019,15.0000,False,False,6/18/2019,,,6/18/2019,System.Byte[],Reservation Fee
,420126,1566956,1495,366337,8265416,385796,4763964,2082,88,1161613,6/18/2019,-15.0000,False,False,6/18/2019,,,6/18/2019,System.Byte[],Reservation Fee
,420126,1566957,1495,366337,8265418,385796,4763964,2082,88,1161614,6/18/2019,10.0000,False,False,6/18/2019,,,6/18/2019,System.Byte[],Reservation Fee
,420126,1566958,1495,366337,8265418,385796,4763964,2082,88,1161614,6/18/2019,-10.0000,False,False,6/18/2019,,,6/18/2019,System.Byte[],Reservation Fee
,371413,1567371,1495,366493,8268502,337179,4765596,1179,88,1161995,6/22/2019,15.0000,False,False,6/22/2019,,,6/22/2019,System.Byte[],Waived current late fee 1.
,371413,1567372,1495,366493,8268502,337179,4765596,1179,88,1161995,6/22/2019,-15.0000,False,False,6/22/2019,,,6/22/2019,System.Byte[],Waived current late fee 1.
,371413,1567373,1495,366493,8268503,337179,4765596,1179,88,1161996,6/22/2019,25.0000,False,False,6/22/2019,,,6/22/2019,System.Byte[],Waived current late fee 2.
,371413,1567374,1495,366493,8268503,337179,4765596,1179,88,1161996,6/22/2019,-25.0000,False,False,6/22/2019,,,6/22/2019,System.Byte[],Waived current late fee 2.
,357363,1568123,1495,366764,8273897,328802,4768621,1179,88,1162713,6/29/2019,25.0000,False,False,6/29/2019,,,6/29/2019,System.Byte[],Waived current late fee 2.
,357363,1568124,1495,366764,8273897,328802,4768621,1179,88,1162713,6/29/2019,-25.0000,False,False,6/29/2019,,,6/29/2019,System.Byte[],Waived current late fee 2.
,136573,1568475,1495,366789,8278021,137660,4771680,2082,88,1163047,7/1/2019,15.0000,False,False,7/1/2019,,,7/1/2019,System.Byte[],Waived current late fee 1.
,136573,1568476,1495,366789,8278021,137660,4771680,2082,88,1163047,7/1/2019,-15.0000,False,False,7/1/2019,,,7/1/2019,System.Byte[],Waived current late fee 1.
,420684,1568559,1495,366852,8278853,386364,4772257,2082,88,1163099,7/2/2019,15.0000,False,False,7/2/2019,,,7/2/2019,System.Byte[],Reservation Fee
,420684,1568560,1495,366852,8278853,386364,4772257,2082,88,1163099,7/2/2019,-15.0000,False,False,7/2/2019,,,7/2/2019,System.Byte[],Reservation Fee
,420684,1568561,1495,366852,8278855,386364,4772257,2082,88,1163100,7/2/2019,10.0000,False,False,7/2/2019,,,7/2/2019,System.Byte[],Reservation Fee
,420684,1568562,1495,366852,8278855,386364,4772257,2082,88,1163100,7/2/2019,-10.0000,False,False,7/2/2019,,,7/2/2019,System.Byte[],Reservation Fee
,281446,1569339,1495,367003,8283876,264468,4775358,1179,88,1163569,7/6/2019,15.0000,False,False,7/6/2019,,,7/6/2019,System.Byte[],Waived current late fee 1.
,281446,1569340,1495,367003,8283876,264468,4775358,1179,88,1163569,7/6/2019,-15.0000,False,False,7/6/2019,,,7/6/2019,System.Byte[],Waived current late fee 1.
,1307,1569467,1495,367003,8284941,1510,4775983,93,88,1163657,7/8/2019,15.0000,False,False,7/8/2019,,,7/8/2019,System.Byte[],Waived current late fee 1.
,1307,1569468,1495,367003,8284941,1510,4775983,93,88,1163657,7/8/2019,-15.0000,False,False,7/8/2019,,,7/8/2019,System.Byte[],Waived current late fee 1.
,361350,1569527,1495,367109,8285308,331969,4776212,93,88,1163695,7/8/2019,15.0000,False,False,7/8/2019,,,7/8/2019,System.Byte[],Waived current late fee 1.
,361350,1569528,1495,367109,8285308,331969,4776212,93,88,1163695,7/8/2019,-15.0000,False,False,7/8/2019,,,7/8/2019,System.Byte[],Waived current late fee 1.
,80344,1569549,1495,367109,8285489,86852,4776316,93,88,1163714,7/8/2019,15.0000,False,False,7/8/2019,,,7/8/2019,System.Byte[],Waived current late fee 1.
,80344,1569550,1495,367109,8285489,86852,4776316,93,88,1163714,7/8/2019,-15.0000,False,False,7/8/2019,,,7/8/2019,System.Byte[],Waived current late fee 1.
,289574,1569993,1495,367115,8286326,272040,4776712,2082,88,1163786,7/9/2019,15.0000,False,False,7/9/2019,,,7/9/2019,System.Byte[],Waived current late fee 1.
,289574,1569994,1495,367115,8286326,272040,4776712,2082,88,1163786,7/9/2019,-15.0000,False,False,7/9/2019,,,7/9/2019,System.Byte[],Waived current late fee 1.
,419641,1570599,1495,367197,8288227,385302,4777700,93,88,1164011,7/11/2019,15.0000,False,False,7/11/2019,,,7/11/2019,System.Byte[],Waived current late fee 1.
,419641,1570600,1495,367197,8288227,385302,4777700,93,88,1164011,7/11/2019,-15.0000,False,False,7/11/2019,,,7/11/2019,System.Byte[],Waived current late fee 1.
,172550,1571033,1495,367236,8289610,171265,4778400,1179,88,1164220,7/12/2019,15.0000,False,False,7/12/2019,,,7/12/2019,System.Byte[],Waived current late fee 1.
,172550,1571034,1495,367236,8289610,171265,4778400,1179,88,1164220,7/12/2019,-15.0000,False,False,7/12/2019,,,7/12/2019,System.Byte[],Waived current late fee 1.
,172550,1571035,1495,367236,8289611,171265,4778400,1179,88,1164221,7/12/2019,25.0000,False,False,7/12/2019,,,7/12/2019,System.Byte[],Waived current late fee 2.
,172550,1571036,1495,367236,8289611,171265,4778400,1179,88,1164221,7/12/2019,-25.0000,False,False,7/12/2019,,,7/12/2019,System.Byte[],Waived current late fee 2.
,172550,1571037,1495,367236,8289612,331351,4778401,1179,88,1164222,7/12/2019,15.0000,False,False,7/12/2019,,,7/12/2019,System.Byte[],Waived current late fee 1.
,172550,1571038,1495,367236,8289612,331351,4778401,1179,88,1164222,7/12/2019,-15.0000,False,False,7/12/2019,,,7/12/2019,System.Byte[],Waived current late fee 1.
,172550,1571039,1495,367236,8289613,331351,4778401,1179,88,1164223,7/12/2019,25.0000,False,False,7/12/2019,,,7/12/2019,System.Byte[],Waived current late fee 2.
,172550,1571040,1495,367236,8289613,331351,4778401,1179,88,1164223,7/12/2019,-25.0000,False,False,7/12/2019,,,7/12/2019,System.Byte[],Waived current late fee 2.
,421927,1580305,1495,367904,8305533,387342,4785260,2082,88,1165747,7/30/2019,15.0000,False,False,7/30/2019,,,7/30/2019,System.Byte[],Reservation Fee
,421927,1580306,1495,367904,8305533,387342,4785260,2082,88,1165747,7/30/2019,-15.0000,False,False,7/30/2019,,,7/30/2019,System.Byte[],Reservation Fee
,421927,1580307,1495,367904,8305534,387342,4785260,2082,88,1165748,7/30/2019,10.0000,False,False,7/30/2019,,,7/30/2019,System.Byte[],Reservation Fee
,421927,1580308,1495,367904,8305534,387342,4785260,2082,88,1165748,7/30/2019,-10.0000,False,False,7/30/2019,,,7/30/2019,System.Byte[],Reservation Fee
,80049,1580957,1495,368075,8312045,86393,4789863,1179,88,1166386,8/3/2019,15.0000,False,False,8/3/2019,,,8/3/2019,System.Byte[],Waived current late fee 1.
,80049,1580958,1495,368075,8312045,86393,4789863,1179,88,1166386,8/3/2019,-15.0000,False,False,8/3/2019,,,8/3/2019,System.Byte[],Waived current late fee 1.
,80049,1580959,1495,368075,8312046,330254,4789863,1179,88,1166387,8/3/2019,15.0000,False,False,8/3/2019,,,8/3/2019,System.Byte[],Waived current late fee 1.
,80049,1580960,1495,368075,8312046,330254,4789863,1179,88,1166387,8/3/2019,-15.0000,False,False,8/3/2019,,,8/3/2019,System.Byte[],Waived current late fee 1.
,150919,1580961,1495,368075,8312055,152543,4789869,1179,88,1166388,8/3/2019,15.0000,False,False,8/3/2019,,,8/3/2019,System.Byte[],Waived current late fee 1.
,150919,1580962,1495,368075,8312055,152543,4789869,1179,88,1166388,8/3/2019,-15.0000,False,False,8/3/2019,,,8/3/2019,System.Byte[],Waived current late fee 1.
,282952,1582571,1495,368303,8318104,265841,4793389,93,88,1167099,8/9/2019,15.0000,False,False,8/9/2019,,,8/9/2019,System.Byte[],Waived current late fee 1.
,282952,1582572,1495,368303,8318104,265841,4793389,93,88,1167099,8/9/2019,-15.0000,False,False,8/9/2019,,,8/9/2019,System.Byte[],Waived current late fee 1.
,420684,1582833,1495,368303,8318528,386368,4793596,93,88,1167141,8/9/2019,15.0000,False,False,8/9/2019,,,8/9/2019,System.Byte[],Waived current late fee 1.
,420684,1582834,1495,368303,8318528,386368,4793596,93,88,1167141,8/9/2019,-15.0000,False,False,8/9/2019,,,8/9/2019,System.Byte[],Waived current late fee 1.
,150919,1583297,1495,368448,8320731,152543,4794824,93,88,1167470,8/12/2019,25.0000,False,False,8/12/2019,,,8/12/2019,System.Byte[],Waived current late fee 2.
,150919,1583298,1495,368448,8320731,152543,4794824,93,88,1167470,8/12/2019,-25.0000,False,False,8/12/2019,,,8/12/2019,System.Byte[],Waived current late fee 2.
,422519,1583833,1495,368527,8322580,387950,4795865,93,88,1167704,8/15/2019,15.0000,False,False,8/15/2019,,,8/15/2019,System.Byte[],Reservation Fee
,422519,1583834,1495,368527,8322580,387950,4795865,93,88,1167704,8/15/2019,-15.0000,False,False,8/15/2019,,,8/15/2019,System.Byte[],Reservation Fee
,422519,1583835,1495,368527,8322581,387950,4795865,93,88,1167705,8/15/2019,10.0000,False,False,8/15/2019,,,8/15/2019,System.Byte[],Reservation Fee
,422519,1583836,1495,368527,8322581,387950,4795865,93,88,1167705,8/15/2019,-10.0000,False,False,8/15/2019,,,8/15/2019,System.Byte[],Reservation Fee
,361621,1586729,1495,368705,8327045,332188,4797848,2082,88,1168126,8/20/2019,15.0000,False,False,8/20/2019,,8/20/2019,8/20/2019,System.Byte[],Waived current late fee 1.
,361621,1586730,1495,368705,8327045,332188,4797848,2082,88,1168126,8/20/2019,-15.0000,False,False,8/20/2019,,8/20/2019,8/20/2019,System.Byte[],Waived current late fee 1.
,1543,315924,1495,83363,1483309,51976,893417,93,88,501369,5/3/2012,15.0000,False,False,5/3/2012,,,5/3/2012,System.Byte[],Waived current late fee 1.
,1543,315925,1495,83363,1483309,51976,893417,93,88,501369,5/3/2012,-15.0000,False,False,5/3/2012,,,5/3/2012,System.Byte[],Waived current late fee 1.
,1543,315926,1495,83363,1483310,1751,893417,93,88,501370,5/3/2012,15.0000,False,False,5/3/2012,,,5/3/2012,System.Byte[],Waived current late fee 1.
,1543,315927,1495,83363,1483310,1751,893417,93,88,501370,5/3/2012,-15.0000,False,False,5/3/2012,,,5/3/2012,System.Byte[],Waived current late fee 1.
,28802,316432,1495,83523,1488080,56419,896643,93,88,501750,5/7/2012,15.0000,False,False,5/7/2012,,,5/7/2012,System.Byte[],Waived current late fee 1.
,28802,316433,1495,83523,1488080,56419,896643,93,88,501750,5/7/2012,-15.0000,False,False,5/7/2012,,,5/7/2012,System.Byte[],Waived current late fee 1.
,28802,316434,1495,83523,1488081,63275,896643,93,88,501751,5/7/2012,15.0000,False,False,5/7/2012,,,5/7/2012,System.Byte[],Waived current late fee 1.
,28802,316435,1495,83523,1488081,63275,896643,93,88,501751,5/7/2012,-15.0000,False,False,5/7/2012,,,5/7/2012,System.Byte[],Waived current late fee 1.
,1335,316546,1495,83523,1488471,1538,896893,93,88,501812,5/7/2012,15.0000,False,False,5/7/2012,,,5/7/2012,System.Byte[],Waived current late fee 1.
,1335,316547,1495,83523,1488471,1538,896893,93,88,501812,5/7/2012,-15.0000,False,False,5/7/2012,,,5/7/2012,System.Byte[],Waived current late fee 1.
,1303,317446,1495,83696,1491802,1506,898893,93,88,502225,5/10/2012,15.0000,False,False,5/10/2012,,,5/10/2012,System.Byte[],Waived current late fee 1.
,1303,317447,1495,83696,1491802,1506,898893,93,88,502225,5/10/2012,-15.0000,False,False,5/10/2012,,,5/10/2012,System.Byte[],Waived current late fee 1.
,1303,317448,1495,83696,1491803,1506,898893,93,88,502226,5/10/2012,15.0000,False,False,5/10/2012,,,5/10/2012,System.Byte[],Waived current late fee 2.
,1303,317449,1495,83696,1491803,1506,898893,93,88,502226,5/10/2012,-15.0000,False,False,5/10/2012,,,5/10/2012,System.Byte[],Waived current late fee 2.
,41035,317522,1495,83696,1492192,46711,899175,93,88,502261,5/10/2012,15.0000,False,False,5/10/2012,,,5/10/2012,System.Byte[],Waived current late fee 1.
,41035,317523,1495,83696,1492192,46711,899175,93,88,502261,5/10/2012,-15.0000,False,False,5/10/2012,,,5/10/2012,System.Byte[],Waived current late fee 1.
,33259,318076,1495,83849,1494219,36864,900259,1179,88,502513,5/12/2012,15.0000,False,False,5/12/2012,,,5/12/2012,System.Byte[],Waived current late fee 2.
,33259,318077,1495,83849,1494219,36864,900259,1179,88,502513,5/12/2012,-15.0000,False,False,5/12/2012,,,5/12/2012,System.Byte[],Waived current late fee 2.
,54893,318576,1495,83912,1495962,61763,901210,93,88,502733,5/15/2012,15.0000,False,False,5/15/2012,,,5/15/2012,System.Byte[],Waived current late fee 1.
,54893,318577,1495,83912,1495962,61763,901210,93,88,502733,5/15/2012,-15.0000,False,False,5/15/2012,,,5/15/2012,System.Byte[],Waived current late fee 1.
,46150,320376,1495,84218,1501533,52423,904090,93,88,503436,5/22/2012,15.0000,False,False,5/22/2012,,,5/22/2012,System.Byte[],Waived current late fee 1.
,46150,320377,1495,84218,1501533,52423,904090,93,88,503436,5/22/2012,-15.0000,False,False,5/22/2012,,,5/22/2012,System.Byte[],Waived current late fee 1.
,74146,320742,1495,84358,1503397,80246,905146,93,88,503669,5/25/2012,15.0000,False,False,5/25/2012,,,5/25/2012,System.Byte[],Waived current late fee 1.
,74146,320743,1495,84358,1503397,80246,905146,93,88,503669,5/25/2012,-15.0000,False,False,5/25/2012,,,5/25/2012,System.Byte[],Waived current late fee 1.
,59874,320824,1495,84358,1503819,66786,905389,93,88,503719,5/25/2012,15.0000,False,False,5/25/2012,,,5/25/2012,System.Byte[],Waived current late fee 1.
,59874,320825,1495,84358,1503819,66786,905389,93,88,503719,5/25/2012,-15.0000,False,False,5/25/2012,,,5/25/2012,System.Byte[],Waived current late fee 1.
,59874,320826,1495,84358,1503820,66786,905389,93,88,503720,5/25/2012,15.0000,False,False,5/25/2012,,,5/25/2012,System.Byte[],Waived current late fee 2.
,59874,320827,1495,84358,1503820,66786,905389,93,88,503720,5/25/2012,-15.0000,False,False,5/25/2012,,,5/25/2012,System.Byte[],Waived current late fee 2.
,47254,321564,1495,84546,1507014,53625,907293,93,88,504164,5/30/2012,15.0000,False,False,5/30/2012,,,5/30/2012,System.Byte[],Waived current late fee 1.
,47254,321565,1495,84546,1507014,53625,907293,93,88,504164,5/30/2012,-15.0000,False,False,5/30/2012,,,5/30/2012,System.Byte[],Waived current late fee 1.
,1538,322946,1495,84822,1518754,1745,915776,93,88,504911,6/5/2012,15.0000,False,False,6/5/2012,,,6/5/2012,System.Byte[],Waived current late fee 2.
,1538,322947,1495,84822,1518754,1745,915776,93,88,504911,6/5/2012,-15.0000,False,False,6/5/2012,,,6/5/2012,System.Byte[],Waived current late fee 2.
,19394,323506,1495,84930,1521730,22003,917712,93,88,505243,6/7/2012,15.0000,False,False,6/7/2012,,,6/7/2012,System.Byte[],Waived current late fee 1.
,19394,323507,1495,84930,1521730,22003,917712,93,88,505243,6/7/2012,-15.0000,False,False,6/7/2012,,,6/7/2012,System.Byte[],Waived current late fee 1.
,19394,323508,1495,84930,1521731,22003,917712,93,88,505244,6/7/2012,15.0000,False,False,6/7/2012,,,6/7/2012,System.Byte[],Waived current late fee 2.
,19394,323509,1495,84930,1521731,22003,917712,93,88,505244,6/7/2012,-15.0000,False,False,6/7/2012,,,6/7/2012,System.Byte[],Waived current late fee 2.
,67173,323652,1495,84985,1522390,79551,918108,93,88,505319,6/8/2012,15.0000,False,False,6/8/2012,,,6/8/2012,System.Byte[],Waived current late fee 1.
,67173,323653,1495,84985,1522390,79551,918108,93,88,505319,6/8/2012,-15.0000,False,False,6/8/2012,,,6/8/2012,System.Byte[],Waived current late fee 1.
,1361,324471,1495,85164,1525985,1569,920341,93,88,505783,6/12/2012,15.0000,False,False,6/12/2012,,,6/12/2012,System.Byte[],Waived current late fee 1.
,1361,324472,1495,85164,1525985,1569,920341,93,88,505783,6/12/2012,-15.0000,False,False,6/12/2012,,,6/12/2012,System.Byte[],Waived current late fee 1.
,42835,325122,1495,85259,1527873,48546,921318,93,88,506013,6/14/2012,15.0000,False,False,6/14/2012,,6/14/2012,6/14/2012,System.Byte[],Waived current late fee 1.
,42835,325123,1495,85259,1527873,48546,921318,93,88,506013,6/14/2012,-15.0000,False,False,6/14/2012,,6/14/2012,6/14/2012,System.Byte[],Waived current late fee 1.
,1538,325496,1495,85308,1529057,1745,921942,93,88,506169,6/15/2012,15.0000,False,False,6/15/2012,,,6/15/2012,System.Byte[],Waived current late fee 1.
,1538,325497,1495,85308,1529057,1745,921942,93,88,506169,6/15/2012,-15.0000,False,False,6/15/2012,,,6/15/2012,System.Byte[],Waived current late fee 1.
,75212,327584,1495,85406,1531333,81325,922859,93,88,506886,6/18/2012,15.0000,False,False,6/18/2012,,,6/18/2012,System.Byte[],Waived current late fee 1.
,75212,327585,1495,85406,1531333,81325,922859,93,88,506886,6/18/2012,-15.0000,False,False,6/18/2012,,,6/18/2012,System.Byte[],Waived current late fee 1.
,1341,329797,1495,85923,1540793,1544,928201,93,88,508503,6/29/2012,15.0000,False,False,6/29/2012,,,6/29/2012,System.Byte[],Waived current late fee 1.
,1341,329798,1495,85923,1540793,1544,928201,93,88,508503,6/29/2012,-15.0000,False,False,6/29/2012,,,6/29/2012,System.Byte[],Waived current late fee 1.
,40293,331283,1495,86230,1554579,63274,937992,93,88,509431,7/6/2012,15.0000,False,False,7/6/2012,,,7/6/2012,System.Byte[],Waived current late fee 1.
,40293,331284,1495,86230,1554579,63274,937992,93,88,509431,7/6/2012,-15.0000,False,False,7/6/2012,,,7/6/2012,System.Byte[],Waived current late fee 1.
,77029,332659,1495,86518,1560676,83232,941584,93,88,510189,7/12/2012,15.0000,False,False,7/12/2012,,,7/12/2012,System.Byte[],Waived current late fee 1.
,77029,332660,1495,86518,1560676,83232,941584,93,88,510189,7/12/2012,-15.0000,False,False,7/12/2012,,,7/12/2012,System.Byte[],Waived current late fee 1.
,77029,332661,1495,86518,1560677,83232,941584,93,88,510190,7/12/2012,15.0000,False,False,7/12/2012,,,7/12/2012,System.Byte[],Waived current late fee 2.
,77029,332662,1495,86518,1560677,83232,941584,93,88,510190,7/12/2012,-15.0000,False,False,7/12/2012,,,7/12/2012,System.Byte[],Waived current late fee 2.
,1325,332681,1495,86518,1560735,1528,941623,93,88,510200,7/12/2012,15.0000,False,False,7/12/2012,,,7/12/2012,System.Byte[],Waived current late fee 1.
,1325,332682,1495,86518,1560735,1528,941623,93,88,510200,7/12/2012,-15.0000,False,False,7/12/2012,,,7/12/2012,System.Byte[],Waived current late fee 1.
,1507,332945,1495,86568,1561564,1713,942079,93,88,510332,7/13/2012,15.0000,False,False,7/13/2012,,,7/13/2012,System.Byte[],Waived current late fee 1.
,1507,332946,1495,86568,1561564,1713,942079,93,88,510332,7/13/2012,-15.0000,False,False,7/13/2012,,,7/13/2012,System.Byte[],Waived current late fee 1.
,55058,334432,1495,86836,1566615,61921,944864,93,88,511064,7/19/2012,15.0000,False,False,7/19/2012,,,7/19/2012,System.Byte[],Waived current late fee 1.
,55058,334433,1495,86836,1566615,61921,944864,93,88,511064,7/19/2012,-15.0000,False,False,7/19/2012,,,7/19/2012,System.Byte[],Waived current late fee 1.
,68381,334872,1495,86976,1568908,73954,946106,93,88,511374,7/23/2012,15.0000,False,False,7/23/2012,,,7/23/2012,System.Byte[],Waived current late fee 1.
,68381,334873,1495,86976,1568908,73954,946106,93,88,511374,7/23/2012,-15.0000,False,False,7/23/2012,,,7/23/2012,System.Byte[],Waived current late fee 1.
,77029,335180,1495,87040,1570054,83232,946801,93,88,511559,7/24/2012,15.0000,False,False,7/24/2012,,,7/24/2012,System.Byte[],Waived current late fee 1.
,77029,335181,1495,87040,1570054,83232,946801,93,88,511559,7/24/2012,-15.0000,False,False,7/24/2012,,,7/24/2012,System.Byte[],Waived current late fee 1.
,1440,335328,1495,87088,1570981,1818,947283,1212,88,511662,7/25/2012,15.0000,False,False,7/25/2012,,,7/25/2012,System.Byte[],Waived current late fee 1.
,1440,335329,1495,87088,1570981,1818,947283,1212,88,511662,7/25/2012,-15.0000,False,False,7/25/2012,,,7/25/2012,System.Byte[],Waived current late fee 1.
,1320,335599,1495,87188,1573459,1523,948770,93,88,512799,7/27/2012,15.0000,False,False,7/27/2012,,,7/27/2012,System.Byte[],Waived current late fee 2.
,1320,335600,1495,87188,1573459,1523,948770,93,88,512799,7/27/2012,-15.0000,False,False,7/27/2012,,,7/27/2012,System.Byte[],Waived current late fee 2.
,76898,335841,1495,87240,1574360,83077,949286,1179,88,512919,7/28/2012,15.0000,False,False,7/28/2012,,,7/28/2012,System.Byte[],Waived current late fee 1.
,76898,335842,1495,87240,1574360,83077,949286,1179,88,512919,7/28/2012,-15.0000,False,False,7/28/2012,,,7/28/2012,System.Byte[],Waived current late fee 1.
,77009,336035,1495,87290,1575357,83210,949863,93,88,513075,7/29/2012,15.0000,False,False,7/29/2012,,,7/29/2012,System.Byte[],Waived current late fee 1.
,77009,336036,1495,87290,1575357,83210,949863,93,88,513075,7/29/2012,-15.0000,False,False,7/29/2012,,,7/29/2012,System.Byte[],Waived current late fee 1.
,1402,338605,1495,87723,1591758,1607,961328,93,88,514189,8/7/2012,15.0000,False,False,8/7/2012,,,8/7/2012,System.Byte[],Waived current late fee 1.
,1402,338606,1495,87723,1591758,1607,961328,93,88,514189,8/7/2012,-15.0000,False,False,8/7/2012,,,8/7/2012,System.Byte[],Waived current late fee 1.
,76125,338769,1495,87723,1592412,82244,961762,93,88,514264,8/7/2012,15.0000,False,False,8/7/2012,,,8/7/2012,System.Byte[],Waived current late fee 1.
,76125,338770,1495,87723,1592412,82244,961762,93,88,514264,8/7/2012,-15.0000,False,False,8/7/2012,,,8/7/2012,System.Byte[],Waived current late fee 1.
,67173,339283,1495,87836,1594157,79551,962824,93,88,514456,8/9/2012,15.0000,False,False,8/9/2012,,,8/9/2012,System.Byte[],Waived current late fee 1.
,67173,339284,1495,87836,1594157,79551,962824,93,88,514456,8/9/2012,-15.0000,False,False,8/9/2012,,,8/9/2012,System.Byte[],Waived current late fee 1.
,28802,339285,1495,87836,1594166,56419,962827,93,88,514457,8/9/2012,15.0000,False,False,8/9/2012,,,8/9/2012,System.Byte[],Waived current late fee 1.
,28802,339286,1495,87836,1594166,56419,962827,93,88,514457,8/9/2012,-15.0000,False,False,8/9/2012,,,8/9/2012,System.Byte[],Waived current late fee 1.
,77250,339862,1495,87941,1596803,83476,964469,1179,88,514710,8/11/2012,15.0000,False,False,8/11/2012,,,8/11/2012,System.Byte[],Waived current late fee 2.
,77250,339863,1495,87941,1596803,83476,964469,1179,88,514710,8/11/2012,-15.0000,False,False,8/11/2012,,,8/11/2012,System.Byte[],Waived current late fee 2.
,54621,341046,1495,88065,1599564,61476,965929,93,88,515164,8/14/2012,15.0000,False,False,8/14/2012,,,8/14/2012,System.Byte[],Waived current late fee 1.
,54621,341047,1495,88065,1599564,61476,965929,93,88,515164,8/14/2012,-15.0000,False,False,8/14/2012,,,8/14/2012,System.Byte[],Waived current late fee 1.
,73812,341644,1495,88170,1601372,79907,966974,93,88,515615,8/16/2012,15.0000,False,False,8/16/2012,,,8/16/2012,System.Byte[],Waived current late fee 1.
,73812,341645,1495,88170,1601372,79907,966974,93,88,515615,8/16/2012,-15.0000,False,False,8/16/2012,,,8/16/2012,System.Byte[],Waived current late fee 1.
,80738,341664,1495,88170,1601459,87304,967024,93,88,515625,8/16/2012,15.0000,False,False,8/16/2012,,,8/16/2012,System.Byte[],Waived current late fee 1.
,80738,341665,1495,88170,1601459,87304,967024,93,88,515625,8/16/2012,-15.0000,False,False,8/16/2012,,,8/16/2012,System.Byte[],Waived current late fee 1.
,67168,342640,1495,88334,1604806,72701,968833,93,88,516075,8/20/2012,15.0000,False,False,8/20/2012,,,8/20/2012,System.Byte[],Waived current late fee 1.
,67168,342641,1495,88334,1604806,72701,968833,93,88,516075,8/20/2012,-15.0000,False,False,8/20/2012,,,8/20/2012,System.Byte[],Waived current late fee 1.
,67168,342642,1495,88334,1604807,72701,968833,93,88,516076,8/20/2012,15.0000,False,False,8/20/2012,,,8/20/2012,System.Byte[],Waived current late fee 2.
,67168,342643,1495,88334,1604807,72701,968833,93,88,516076,8/20/2012,-15.0000,False,False,8/20/2012,,,8/20/2012,System.Byte[],Waived current late fee 2.
,1551,352271,1495,92108,1647665,1759,991966,93,88,523947,8/30/2012,15.0000,False,False,8/30/2012,,,8/30/2012,System.Byte[],Waived current late fee 1.
,1551,352272,1495,92108,1647665,1759,991966,93,88,523947,8/30/2012,-15.0000,False,False,8/30/2012,,,8/30/2012,System.Byte[],Waived current late fee 1.
,28802,353761,1495,92279,1657837,56419,999023,93,88,524565,9/4/2012,15.0000,False,False,9/4/2012,,,9/4/2012,System.Byte[],Waived current late fee 1.
,28802,353762,1495,92279,1657837,56419,999023,93,88,524565,9/4/2012,-15.0000,False,False,9/4/2012,,,9/4/2012,System.Byte[],Waived current late fee 1.
,78083,354821,1495,92521,1664157,84383,1003331,93,88,525047,9/7/2012,15.0000,False,False,9/7/2012,,,9/7/2012,System.Byte[],Waived current late fee 1.
,78083,354822,1495,92521,1664157,84383,1003331,93,88,525047,9/7/2012,-15.0000,False,False,9/7/2012,,,9/7/2012,System.Byte[],Waived current late fee 1.
,1442,354823,1495,92521,1664163,1648,1003336,93,88,525048,9/7/2012,15.0000,False,False,9/7/2012,,,9/7/2012,System.Byte[],Waived current late fee 1.
,1442,354824,1495,92521,1664163,1648,1003336,93,88,525048,9/7/2012,-15.0000,False,False,9/7/2012,,,9/7/2012,System.Byte[],Waived current late fee 1.
,1293,358307,1495,93058,1676887,80082,1010120,93,88,526389,9/18/2012,15.0000,False,False,9/18/2012,,,9/18/2012,System.Byte[],Waived current late fee 1.
,1293,358308,1495,93058,1676887,80082,1010120,93,88,526389,9/18/2012,-15.0000,False,False,9/18/2012,,,9/18/2012,System.Byte[],Waived current late fee 1.
,1293,358309,1495,93058,1676888,63337,1010120,93,88,526390,9/18/2012,15.0000,False,False,9/18/2012,,,9/18/2012,System.Byte[],Waived current late fee 1.
,1293,358310,1495,93058,1676888,63337,1010120,93,88,526390,9/18/2012,-15.0000,False,False,9/18/2012,,,9/18/2012,System.Byte[],Waived current late fee 1.
,1564,359907,1495,93390,1682287,1773,1013091,93,88,527026,9/25/2012,15.0000,False,False,9/25/2012,,,9/25/2012,System.Byte[],Waived current late fee 1.
,1564,359908,1495,93390,1682287,1773,1013091,93,88,527026,9/25/2012,-15.0000,False,False,9/25/2012,,,9/25/2012,System.Byte[],Waived current late fee 1.
,81525,359979,1495,93440,1682567,88150,1013242,93,88,527082,9/25/2012,15.0000,False,False,9/25/2012,,,9/25/2012,System.Byte[],Waived current late fee 1.
,81525,359980,1495,93440,1682567,88150,1013242,93,88,527082,9/25/2012,-15.0000,False,False,9/25/2012,,,9/25/2012,System.Byte[],Waived current late fee 1.
,80502,360651,1495,93553,1685585,86917,1014906,1038,88,527423,9/28/2012,15.0000,False,False,9/28/2012,,,9/28/2012,System.Byte[],Waived current late fee 2.
,80502,360652,1495,93553,1685585,86917,1014906,1038,88,527423,9/28/2012,-15.0000,False,False,9/28/2012,,,9/28/2012,System.Byte[],Waived current late fee 2.
,1510,362603,1495,93879,1700155,1716,1025170,1179,88,528378,10/4/2012,15.0000,False,False,10/4/2012,,,10/4/2012,System.Byte[],Waived current late fee 1.
,1510,362604,1495,93879,1700155,1716,1025170,1179,88,528378,10/4/2012,-15.0000,False,False,10/4/2012,,,10/4/2012,System.Byte[],Waived current late fee 1.
,54494,362753,1495,93946,1700786,61331,1025544,1038,88,528408,10/5/2012,15.0000,False,False,10/5/2012,,,10/5/2012,System.Byte[],Waived current late fee 1.
,54494,362754,1495,93946,1700786,61331,1025544,1038,88,528408,10/5/2012,-15.0000,False,False,10/5/2012,,,10/5/2012,System.Byte[],Waived current late fee 1.
,1513,362993,1495,93946,1702008,1719,1026360,93,88,528515,10/5/2012,15.0000,False,False,10/5/2012,,,10/5/2012,System.Byte[],Waived current late fee 1.
,1513,362994,1495,93946,1702008,1719,1026360,93,88,528515,10/5/2012,-15.0000,False,False,10/5/2012,,,10/5/2012,System.Byte[],Waived current late fee 1.
,1325,364941,1495,94329,1709830,1528,1031110,93,88,529379,10/12/2012,15.0000,False,False,10/12/2012,,,10/12/2012,System.Byte[],Waived current late fee 1.
,1325,364942,1495,94329,1709830,1528,1031110,93,88,529379,10/12/2012,-15.0000,False,False,10/12/2012,,,10/12/2012,System.Byte[],Waived current late fee 1.
,84196,365107,1495,94329,1710329,91259,1031327,93,88,529439,10/12/2012,15.0000,False,False,10/12/2012,,,10/12/2012,System.Byte[],Waived current late fee 1.
,84196,365108,1495,94329,1710329,91259,1031327,93,88,529439,10/12/2012,-15.0000,False,False,10/12/2012,,,10/12/2012,System.Byte[],Waived current late fee 1.
,80068,365131,1495,94329,1710431,86419,1031380,93,88,529451,10/12/2012,15.0000,False,False,10/12/2012,,,10/12/2012,System.Byte[],Waived current late fee 1.
,80068,365132,1495,94329,1710431,86419,1031380,93,88,529451,10/12/2012,-15.0000,False,False,10/12/2012,,,10/12/2012,System.Byte[],Waived current late fee 1.
,80738,365673,1495,94448,1712222,87304,1032316,93,88,529687,10/15/2012,15.0000,False,False,10/15/2012,,,10/15/2012,System.Byte[],Waived current late fee 1.
,80738,365674,1495,94448,1712222,87304,1032316,93,88,529687,10/15/2012,-15.0000,False,False,10/15/2012,,,10/15/2012,System.Byte[],Waived current late fee 1.
,1384,365677,1495,94448,1712224,37166,1032321,93,88,529688,10/15/2012,15.0000,False,False,10/15/2012,,,10/15/2012,System.Byte[],Waived current late fee 1.
,1384,365678,1495,94448,1712224,37166,1032321,93,88,529688,10/15/2012,-15.0000,False,False,10/15/2012,,,10/15/2012,System.Byte[],Waived current late fee 1.
,62183,367239,1495,94734,1716941,69294,1034707,93,88,530223,10/20/2012,15.0000,False,False,10/20/2012,,,10/20/2012,System.Byte[],Waived current late fee 1.
,62183,367240,1495,94734,1716941,69294,1034707,93,88,530223,10/20/2012,-15.0000,False,False,10/20/2012,,,10/20/2012,System.Byte[],Waived current late fee 1.
,84895,367837,1495,94870,1718852,91987,1035773,93,88,530446,10/23/2012,15.0000,False,False,10/23/2012,,,10/23/2012,System.Byte[],Waived current late fee 1.
,84895,367838,1495,94870,1718852,91987,1035773,93,88,530446,10/23/2012,-15.0000,False,False,10/23/2012,,,10/23/2012,System.Byte[],Waived current late fee 1.
,39064,368497,1495,95036,1721605,44167,1037410,93,88,531052,10/26/2012,15.0000,False,False,10/26/2012,,,10/26/2012,System.Byte[],Waived current late fee 2.
,39064,368498,1495,95036,1721605,44167,1037410,93,88,531052,10/26/2012,-15.0000,False,False,10/26/2012,,,10/26/2012,System.Byte[],Waived current late fee 2.
,78912,368541,1495,95036,1721798,85272,1037536,93,88,531077,10/26/2012,15.0000,False,False,10/26/2012,,,10/26/2012,System.Byte[],Waived current late fee 1.
,78912,368542,1495,95036,1721798,85272,1037536,93,88,531077,10/26/2012,-15.0000,False,False,10/26/2012,,,10/26/2012,System.Byte[],Waived current late fee 1.
,1293,369085,1495,95150,1724196,80082,1038943,93,88,531356,10/29/2012,15.0000,False,False,10/29/2012,,,10/29/2012,System.Byte[],Waived current late fee 1.
,1293,369086,1495,95150,1724196,80082,1038943,93,88,531356,10/29/2012,-15.0000,False,False,10/29/2012,,,10/29/2012,System.Byte[],Waived current late fee 1.
,1293,369087,1495,95150,1724197,80082,1038943,93,88,531357,10/29/2012,15.0000,False,False,10/29/2012,,,10/29/2012,System.Byte[],Waived current late fee 2.
,1293,369088,1495,95150,1724197,80082,1038943,93,88,531357,10/29/2012,-15.0000,False,False,10/29/2012,,,10/29/2012,System.Byte[],Waived current late fee 2.
,63379,369235,1495,95232,1724693,70679,1039222,93,88,531404,10/30/2012,15.0000,False,False,10/30/2012,,,10/30/2012,System.Byte[],Waived current late fee 2.
,63379,369236,1495,95232,1724693,70679,1039222,93,88,531404,10/30/2012,-15.0000,False,False,10/30/2012,,,10/30/2012,System.Byte[],Waived current late fee 2.
,1384,370747,1495,95390,1734744,37166,1046497,93,88,532294,11/2/2012,15.0000,False,False,11/2/2012,,,11/2/2012,System.Byte[],Waived current late fee 2.
,1384,370748,1495,95390,1734744,37166,1046497,93,88,532294,11/2/2012,-15.0000,False,False,11/2/2012,,,11/2/2012,System.Byte[],Waived current late fee 2.
,84895,371275,1495,95529,1738630,91987,1049139,93,88,532532,11/5/2012,15.0000,False,False,11/5/2012,,,11/5/2012,System.Byte[],Waived current late fee 2.
,84895,371276,1495,95529,1738630,91987,1049139,93,88,532532,11/5/2012,-15.0000,False,False,11/5/2012,,,11/5/2012,System.Byte[],Waived current late fee 2.
,46510,371619,1495,95614,1741011,52827,1050752,93,88,532722,11/6/2012,15.0000,False,False,11/6/2012,,,11/6/2012,System.Byte[],Waived current late fee 1.
,46510,371620,1495,95614,1741011,52827,1050752,93,88,532722,11/6/2012,-15.0000,False,False,11/6/2012,,,11/6/2012,System.Byte[],Waived current late fee 1.
,1510,371789,1495,95614,1741705,1716,1051187,93,88,532800,11/6/2012,15.0000,False,False,11/6/2012,,,11/6/2012,System.Byte[],Waived current late fee 1.
,1510,371790,1495,95614,1741705,1716,1051187,93,88,532800,11/6/2012,-15.0000,False,False,11/6/2012,,,11/6/2012,System.Byte[],Waived current late fee 1.
,1547,372605,1495,95803,1745084,1755,1053245,93,88,533165,11/9/2012,15.0000,False,False,11/9/2012,,,11/9/2012,System.Byte[],Waived current late fee 2.
,1547,372606,1495,95803,1745084,1755,1053245,93,88,533165,11/9/2012,-15.0000,False,False,11/9/2012,,,11/9/2012,System.Byte[],Waived current late fee 2.
,1547,372607,1495,95803,1745087,54406,1053245,93,88,533166,11/9/2012,15.0000,False,False,11/9/2012,,,11/9/2012,System.Byte[],Waived current late fee 2.
,1547,372608,1495,95803,1745087,54406,1053245,93,88,533166,11/9/2012,-15.0000,False,False,11/9/2012,,,11/9/2012,System.Byte[],Waived current late fee 2.
,1325,373493,1495,95934,1748601,1528,1055334,93,88,533502,11/12/2012,15.0000,False,False,11/12/2012,,,11/12/2012,System.Byte[],Waived current late fee 1.
,1325,373494,1495,95934,1748601,1528,1055334,93,88,533502,11/12/2012,-15.0000,False,False,11/12/2012,,,11/12/2012,System.Byte[],Waived current late fee 1.
,1320,374189,1495,96020,1750400,1523,1056283,93,88,533779,11/13/2012,15.0000,False,False,11/13/2012,,,11/13/2012,System.Byte[],Waived current late fee 1.
,1320,374190,1495,96020,1750400,1523,1056283,93,88,533779,11/13/2012,-15.0000,False,False,11/13/2012,,,11/13/2012,System.Byte[],Waived current late fee 1.
,84164,374247,1495,96020,1750566,91220,1056366,93,88,533814,11/13/2012,15.0000,False,False,11/13/2012,,,11/13/2012,System.Byte[],Waived current late fee 1.
,84164,374248,1495,96020,1750566,91220,1056366,93,88,533814,11/13/2012,-15.0000,False,False,11/13/2012,,,11/13/2012,System.Byte[],Waived current late fee 1.
,63419,376257,1495,96191,1754464,71006,1058058,93,88,534229,11/16/2012,15.0000,False,False,11/16/2012,,,11/16/2012,System.Byte[],Waived current late fee 1.
,63419,376258,1495,96191,1754464,71006,1058058,93,88,534229,11/16/2012,-15.0000,False,False,11/16/2012,,,11/16/2012,System.Byte[],Waived current late fee 1.
,78912,378527,1495,96596,1761517,85272,1061811,93,88,534976,11/26/2012,15.0000,False,False,11/26/2012,,,11/26/2012,System.Byte[],Waived current late fee 1.
,78912,378528,1495,96596,1761517,85272,1061811,93,88,534976,11/26/2012,-15.0000,False,False,11/26/2012,,,11/26/2012,System.Byte[],Waived current late fee 1.
,79077,379491,1495,96848,1765844,85437,1064202,93,88,535532,11/30/2012,15.0000,False,False,11/30/2012,,,11/30/2012,System.Byte[],Waived current late fee 1.
,79077,379492,1495,96848,1765844,85437,1064202,93,88,535532,11/30/2012,-15.0000,False,False,11/30/2012,,,11/30/2012,System.Byte[],Waived current late fee 1.
,75898,379763,1495,96848,1767025,81997,1064926,93,88,535711,11/30/2012,15.0000,False,False,11/30/2012,,,11/30/2012,System.Byte[],Waived current late fee 1.
,75898,379764,1495,96848,1767025,81997,1064926,93,88,535711,11/30/2012,-15.0000,False,False,11/30/2012,,,11/30/2012,System.Byte[],Waived current late fee 1.
,77516,380313,1495,96963,1774056,83736,1070056,93,88,535977,12/3/2012,15.0000,False,False,12/3/2012,,,12/3/2012,System.Byte[],Waived current late fee 1.
,77516,380314,1495,96963,1774056,83736,1070056,93,88,535977,12/3/2012,-15.0000,False,False,12/3/2012,,,12/3/2012,System.Byte[],Waived current late fee 1.
,89862,383183,1495,97569,1789886,96784,1080263,1038,88,537260,12/13/2012,15.0000,False,False,12/13/2012,,,12/13/2012,System.Byte[],Waived current late fee 1.
,89862,383184,1495,97569,1789886,96784,1080263,1038,88,537260,12/13/2012,-15.0000,False,False,12/13/2012,,,12/13/2012,System.Byte[],Waived current late fee 1.
,1325,383211,1495,97569,1789948,1528,1080302,1038,88,537272,12/13/2012,15.0000,False,False,12/13/2012,,,12/13/2012,System.Byte[],Waived current late fee 1.
,1325,383212,1495,97569,1789948,1528,1080302,1038,88,537272,12/13/2012,-15.0000,False,False,12/13/2012,,,12/13/2012,System.Byte[],Waived current late fee 1.
,1312,383525,1495,97632,1791223,8221,1080942,1038,88,537446,12/14/2012,15.0000,False,False,12/14/2012,,,12/14/2012,System.Byte[],Waived current late fee 2.
,1312,383526,1495,97632,1791223,8221,1080942,1038,88,537446,12/14/2012,-15.0000,False,False,12/14/2012,,,12/14/2012,System.Byte[],Waived current late fee 2.
,88450,383531,1495,97632,1791227,95057,1080945,1038,88,537447,12/14/2012,15.0000,False,False,12/14/2012,,,12/14/2012,System.Byte[],Waived current late fee 1.
,88450,383532,1495,97632,1791227,95057,1080945,1038,88,537447,12/14/2012,-15.0000,False,False,12/14/2012,,,12/14/2012,System.Byte[],Waived current late fee 1.
,54494,383639,1495,97632,1791594,61331,1081123,1038,88,537487,12/14/2012,15.0000,False,False,12/14/2012,,,12/14/2012,System.Byte[],Waived current late fee 1.
,54494,383640,1495,97632,1791594,61331,1081123,1038,88,537487,12/14/2012,-15.0000,False,False,12/14/2012,,,12/14/2012,System.Byte[],Waived current late fee 1.
,1320,384119,1495,97744,1793646,1523,1082240,93,88,537706,12/17/2012,15.0000,False,False,12/17/2012,,,12/17/2012,System.Byte[],Waived current late fee 1.
,1320,384120,1495,97744,1793646,1523,1082240,93,88,537706,12/17/2012,-15.0000,False,False,12/17/2012,,,12/17/2012,System.Byte[],Waived current late fee 1.
,80209,384611,1495,97925,1795738,86686,1083408,1179,88,537931,12/20/2012,15.0000,False,False,12/20/2012,,,12/20/2012,System.Byte[],Waived current late fee 2.
,80209,384612,1495,97925,1795738,86686,1083408,1179,88,537931,12/20/2012,-15.0000,False,False,12/20/2012,,,12/20/2012,System.Byte[],Waived current late fee 2.
,89501,384983,1495,97984,1796917,96174,1084070,1038,88,538060,12/21/2012,15.0000,False,False,12/21/2012,,,12/21/2012,System.Byte[],Waived current late fee 1.
,89501,384984,1495,97984,1796917,96174,1084070,1038,88,538060,12/21/2012,-15.0000,False,False,12/21/2012,,,12/21/2012,System.Byte[],Waived current late fee 1.
,89501,384985,1495,97984,1796918,96174,1084070,1038,88,538061,12/21/2012,15.0000,False,False,12/21/2012,,,12/21/2012,System.Byte[],Waived current late fee 2.
,89501,384986,1495,97984,1796918,96174,1084070,1038,88,538061,12/21/2012,-15.0000,False,False,12/21/2012,,,12/21/2012,System.Byte[],Waived current late fee 2.
,86319,385509,1495,98102,1799022,93733,1085219,93,88,538208,12/26/2012,15.0000,False,False,12/26/2012,,,12/26/2012,System.Byte[],Waived current late fee 1.
,86319,385510,1495,98102,1799022,93733,1085219,93,88,538208,12/26/2012,-15.0000,False,False,12/26/2012,,,12/26/2012,System.Byte[],Waived current late fee 1.
,1359,386057,1495,98280,1801933,1562,1086870,93,88,538984,12/28/2012,15.0000,False,False,12/28/2012,,,12/28/2012,System.Byte[],Waived current late fee 1.
,1359,386058,1495,98280,1801933,1562,1086870,93,88,538984,12/28/2012,-15.0000,False,False,12/28/2012,,,12/28/2012,System.Byte[],Waived current late fee 1.
,87204,387919,1495,98623,1815685,94541,1096470,93,88,539619,1/4/2013,15.0000,False,False,1/4/2013,,,1/4/2013,System.Byte[],Waived current late fee 1.
,87204,387920,1495,98623,1815685,94541,1096470,93,88,539619,1/4/2013,-15.0000,False,False,1/4/2013,,,1/4/2013,System.Byte[],Waived current late fee 1.
,82668,388093,1495,98623,1816570,89555,1097021,93,88,539701,1/4/2013,15.0000,False,False,1/4/2013,,,1/4/2013,System.Byte[],Waived current late fee 1.
,82668,388094,1495,98623,1816570,89555,1097021,93,88,539701,1/4/2013,-15.0000,False,False,1/4/2013,,,1/4/2013,System.Byte[],Waived current late fee 1.
,89724,388941,1495,98841,1821682,96466,1100341,93,88,540108,1/8/2013,15.0000,False,False,1/8/2013,,,1/8/2013,System.Byte[],Waived current late fee 1.
,89724,388942,1495,98841,1821682,96466,1100341,93,88,540108,1/8/2013,-15.0000,False,False,1/8/2013,,,1/8/2013,System.Byte[],Waived current late fee 1.
,76898,390311,1495,99089,1827806,83077,1103898,1179,88,540938,1/12/2013,15.0000,False,False,1/12/2013,,,1/12/2013,System.Byte[],Waived current late fee 1.
,76898,390312,1495,99089,1827806,83077,1103898,1179,88,540938,1/12/2013,-15.0000,False,False,1/12/2013,,,1/12/2013,System.Byte[],Waived current late fee 1.
,76898,390313,1495,99089,1827807,83077,1103898,1179,88,540939,1/12/2013,15.0000,False,False,1/12/2013,,,1/12/2013,System.Byte[],Waived current late fee 2.
,76898,390314,1495,99089,1827807,83077,1103898,1179,88,540939,1/12/2013,-15.0000,False,False,1/12/2013,,,1/12/2013,System.Byte[],Waived current late fee 2.
,1306,390609,1495,99150,1828997,1509,1104539,93,88,541096,1/14/2013,15.0000,False,False,1/14/2013,,,1/14/2013,System.Byte[],Waived current late fee 1.
,1306,390610,1495,99150,1828997,1509,1104539,93,88,541096,1/14/2013,-15.0000,False,False,1/14/2013,,,1/14/2013,System.Byte[],Waived current late fee 1.
,1293,392733,1495,99581,1837065,63337,1108736,93,88,542452,1/22/2013,15.0000,False,False,1/22/2013,,,1/22/2013,System.Byte[],Waived current late fee 1.
,1293,392734,1495,99581,1837065,63337,1108736,93,88,542452,1/22/2013,-15.0000,False,False,1/22/2013,,,1/22/2013,System.Byte[],Waived current late fee 1.
,78801,393239,1495,99757,1839697,85142,1110372,93,88,543263,1/25/2013,15.0000,False,False,1/25/2013,,,1/25/2013,System.Byte[],Waived current late fee 1.
,78801,393240,1495,99757,1839697,85142,1110372,93,88,543263,1/25/2013,-15.0000,False,False,1/25/2013,,,1/25/2013,System.Byte[],Waived current late fee 1.
,86147,393679,1495,99873,1842185,93355,1111720,93,88,543532,1/28/2013,15.0000,False,False,1/28/2013,,,1/28/2013,System.Byte[],Waived current late fee 2.
,86147,393680,1495,99873,1842185,93355,1111720,93,88,543532,1/28/2013,-15.0000,False,False,1/28/2013,,,1/28/2013,System.Byte[],Waived current late fee 2.
,75188,393683,1495,99873,1842215,97930,1111738,93,88,543537,1/28/2013,15.0000,False,False,1/28/2013,,,1/28/2013,System.Byte[],Waived current late fee 1.
,75188,393684,1495,99873,1842215,97930,1111738,93,88,543537,1/28/2013,-15.0000,False,False,1/28/2013,,,1/28/2013,System.Byte[],Waived current late fee 1.
,75188,393685,1495,99873,1842216,97930,1111738,93,88,543538,1/28/2013,15.0000,False,False,1/28/2013,,,1/28/2013,System.Byte[],Waived current late fee 2.
,75188,393686,1495,99873,1842216,97930,1111738,93,88,543538,1/28/2013,-15.0000,False,False,1/28/2013,,,1/28/2013,System.Byte[],Waived current late fee 2.
,1417,394045,1495,99956,1844202,1623,1112755,93,88,544331,1/29/2013,15.0000,False,False,1/29/2013,,,1/29/2013,System.Byte[],Waived current late fee 2.
,1417,394046,1495,99956,1844202,1623,1112755,93,88,544331,1/29/2013,-15.0000,False,False,1/29/2013,,,1/29/2013,System.Byte[],Waived current late fee 2.
,1547,395951,1495,100380,1862153,1755,1124856,93,88,546432,2/5/2013,15.0000,False,False,2/5/2013,,,2/5/2013,System.Byte[],Waived current late fee 2.
,1547,395952,1495,100380,1862153,1755,1124856,93,88,546432,2/5/2013,-15.0000,False,False,2/5/2013,,,2/5/2013,System.Byte[],Waived current late fee 2.
,1293,395995,1495,100380,1862310,63337,1124961,93,88,546454,2/5/2013,15.0000,False,False,2/5/2013,,,2/5/2013,System.Byte[],Waived current late fee 2.
,1293,395996,1495,100380,1862310,63337,1124961,93,88,546454,2/5/2013,-15.0000,False,False,2/5/2013,,,2/5/2013,System.Byte[],Waived current late fee 2.
,88952,397913,1495,100717,1871398,95598,1130602,93,88,547242,2/11/2013,15.0000,False,False,2/11/2013,,,2/11/2013,System.Byte[],Waived current late fee 2.
,88952,397914,1495,100717,1871398,95598,1130602,93,88,547242,2/11/2013,-15.0000,False,False,2/11/2013,,,2/11/2013,System.Byte[],Waived current late fee 2.
,87019,398911,1495,100810,1873388,94349,1131578,93,88,547603,2/12/2013,15.0000,False,False,2/12/2013,,,2/12/2013,System.Byte[],Waived current late fee 1.
,87019,398912,1495,100810,1873388,94349,1131578,93,88,547603,2/12/2013,-15.0000,False,False,2/12/2013,,,2/12/2013,System.Byte[],Waived current late fee 1.
,87019,398913,1495,100810,1873389,94349,1131578,93,88,547604,2/12/2013,15.0000,False,False,2/12/2013,,,2/12/2013,System.Byte[],Waived current late fee 2.
,87019,398914,1495,100810,1873389,94349,1131578,93,88,547604,2/12/2013,-15.0000,False,False,2/12/2013,,,2/12/2013,System.Byte[],Waived current late fee 2.
,1436,401093,1495,101131,1880227,1642,1134799,93,88,548681,2/18/2013,15.0000,False,False,2/18/2013,,,2/18/2013,System.Byte[],Waived current late fee 1.
,1436,401094,1495,101131,1880227,1642,1134799,93,88,548681,2/18/2013,-15.0000,False,False,2/18/2013,,,2/18/2013,System.Byte[],Waived current late fee 1.
,77943,401513,1495,101213,1881484,84207,1135476,93,88,548866,2/19/2013,15.0000,False,False,2/19/2013,,,2/19/2013,System.Byte[],Waived current late fee 2.
,77943,401514,1495,101213,1881484,84207,1135476,93,88,548866,2/19/2013,-15.0000,False,False,2/19/2013,,,2/19/2013,System.Byte[],Waived current late fee 2.
,48572,403131,1495,101622,1888692,63277,1139207,93,88,549633,2/26/2013,15.0000,False,False,2/26/2013,,,2/26/2013,System.Byte[],Waived current late fee 1.
,48572,403132,1495,101622,1888692,63277,1139207,93,88,549633,2/26/2013,-15.0000,False,False,2/26/2013,,,2/26/2013,System.Byte[],Waived current late fee 1.
,48572,403133,1495,101622,1888693,49403,1139207,93,88,549634,2/26/2013,15.0000,False,False,2/26/2013,,,2/26/2013,System.Byte[],Waived current late fee 1.
,48572,403134,1495,101622,1888693,49403,1139207,93,88,549634,2/26/2013,-15.0000,False,False,2/26/2013,,,2/26/2013,System.Byte[],Waived current late fee 1.
,94230,406229,1495,102274,1912183,101379,1155202,93,88,551043,3/8/2013,15.0000,False,False,3/8/2013,,,3/8/2013,System.Byte[],Waived current late fee 1.
,94230,406230,1495,102274,1912183,101379,1155202,93,88,551043,3/8/2013,-15.0000,False,False,3/8/2013,,,3/8/2013,System.Byte[],Waived current late fee 1.
,1312,406235,1495,102274,1912209,8221,1155218,93,88,551046,3/8/2013,15.0000,False,False,3/8/2013,,,3/8/2013,System.Byte[],Waived current late fee 1.
,1312,406236,1495,102274,1912209,8221,1155218,93,88,551046,3/8/2013,-15.0000,False,False,3/8/2013,,,3/8/2013,System.Byte[],Waived current late fee 1.
,78379,406237,1495,102274,1912220,84704,1155226,93,88,551047,3/8/2013,15.0000,False,False,3/8/2013,,,3/8/2013,System.Byte[],Waived current late fee 1.
,78379,406238,1495,102274,1912220,84704,1155226,93,88,551047,3/8/2013,-15.0000,False,False,3/8/2013,,,3/8/2013,System.Byte[],Waived current late fee 1.
,78379,406239,1495,102274,1912221,84704,1155226,93,88,551048,3/8/2013,15.0000,False,False,3/8/2013,,,3/8/2013,System.Byte[],Waived current late fee 2.
,78379,406240,1495,102274,1912221,84704,1155226,93,88,551048,3/8/2013,-15.0000,False,False,3/8/2013,,,3/8/2013,System.Byte[],Waived current late fee 2.
,86147,410938,1495,103189,1930474,93355,1165076,1179,88,553904,3/23/2013,15.0000,False,False,3/23/2013,,3/23/2013,3/23/2013,System.Byte[],Waived current late fee 1.
,86147,410939,1495,103189,1930474,93355,1165076,1179,88,553904,3/23/2013,-15.0000,False,False,3/23/2013,,3/23/2013,3/23/2013,System.Byte[],Waived current late fee 1.
,86147,410956,1495,103189,1930500,93355,1165092,1179,88,553909,3/23/2013,15.0000,False,False,3/23/2013,,,3/23/2013,System.Byte[],Waived current late fee 1.
,86147,410957,1495,103189,1930500,93355,1165092,1179,88,553909,3/23/2013,-15.0000,False,False,3/23/2013,,,3/23/2013,System.Byte[],Waived current late fee 1.
,96591,411110,1495,103251,1931399,104009,1165640,93,88,553987,3/25/2013,15.0000,False,False,3/25/2013,,,3/25/2013,System.Byte[],Waived current late fee 1.
,96591,411111,1495,103251,1931399,104009,1165640,93,88,553987,3/25/2013,-15.0000,False,False,3/25/2013,,,3/25/2013,System.Byte[],Waived current late fee 1.
,38480,411124,1495,103251,1931510,81213,1165695,93,88,554009,3/25/2013,15.0000,False,False,3/25/2013,,,3/25/2013,System.Byte[],Waived current late fee 1.
,38480,411125,1495,103251,1931510,81213,1165695,93,88,554009,3/25/2013,-15.0000,False,False,3/25/2013,,,3/25/2013,System.Byte[],Waived current late fee 1.
,108323,411218,1495,103251,1932023,86706,1165985,1179,88,554071,3/25/2013,15.0000,False,False,3/25/2013,,,3/25/2013,System.Byte[],Waived current late fee 1.
,108323,411219,1495,103251,1932023,86706,1165985,1179,88,554071,3/25/2013,-15.0000,False,False,3/25/2013,,,3/25/2013,System.Byte[],Waived current late fee 1.
,75188,411664,1495,103469,1934366,104432,1167307,93,88,554342,3/28/2013,15.0000,False,False,3/28/2013,,,3/28/2013,System.Byte[],Waived current late fee 1.
,130098,411664,1495,103469,1934366,104432,1167307,93,88,554342,3/28/2013,15.0000,False,False,3/28/2013,,,3/28/2013,System.Byte[],Waived current late fee 1.
,75188,411665,1495,103469,1934366,104432,1167307,93,88,554342,3/28/2013,-15.0000,False,False,3/28/2013,,,3/28/2013,System.Byte[],Waived current late fee 1.
,130098,411665,1495,103469,1934366,104432,1167307,93,88,554342,3/28/2013,-15.0000,False,False,3/28/2013,,,3/28/2013,System.Byte[],Waived current late fee 1.
,75543,412218,1495,103536,1936657,81652,1168663,93,88,554583,3/29/2013,15.0000,False,False,3/29/2013,,,3/29/2013,System.Byte[],Waived current late fee 1.
,75543,412219,1495,103536,1936657,81652,1168663,93,88,554583,3/29/2013,-15.0000,False,False,3/29/2013,,,3/29/2013,System.Byte[],Waived current late fee 1.
,1574,413586,1495,103821,1950596,78084,1178590,93,88,555154,4/3/2013,15.0000,False,False,4/3/2013,,,4/3/2013,System.Byte[],Waived current late fee 1.
,1574,413587,1495,103821,1950596,78084,1178590,93,88,555154,4/3/2013,-15.0000,False,False,4/3/2013,,,4/3/2013,System.Byte[],Waived current late fee 1.
,1574,413588,1495,103821,1950597,78084,1178590,93,88,555155,4/3/2013,15.0000,False,False,4/3/2013,,,4/3/2013,System.Byte[],Waived current late fee 2.
,1574,413589,1495,103821,1950597,78084,1178590,93,88,555155,4/3/2013,-15.0000,False,False,4/3/2013,,,4/3/2013,System.Byte[],Waived current late fee 2.
,76898,413906,1495,103963,1953461,83077,1180511,93,88,555305,4/5/2013,15.0000,False,False,4/5/2013,,,4/5/2013,System.Byte[],Waived current late fee 2.
,76898,413907,1495,103963,1953461,83077,1180511,93,88,555305,4/5/2013,-15.0000,False,False,4/5/2013,,,4/5/2013,System.Byte[],Waived current late fee 2.
,86626,414632,1495,104108,1957734,93921,1183357,93,88,555688,4/8/2013,15.0000,False,False,4/8/2013,,,4/8/2013,System.Byte[],Waived current late fee 2.
,86626,414633,1495,104108,1957734,93921,1183357,93,88,555688,4/8/2013,-15.0000,False,False,4/8/2013,,,4/8/2013,System.Byte[],Waived current late fee 2.
,86147,418314,1495,104831,1971614,93355,1191276,93,88,557915,4/19/2013,15.0000,False,False,4/19/2013,,,4/19/2013,System.Byte[],Waived current late fee 1.
,86147,418315,1495,104831,1971614,93355,1191276,93,88,557915,4/19/2013,-15.0000,False,False,4/19/2013,,,4/19/2013,System.Byte[],Waived current late fee 1.
,94262,419024,1495,104954,1973893,101412,1192472,93,88,558215,4/22/2013,15.0000,False,False,4/22/2013,,,4/22/2013,System.Byte[],Waived current late fee 1.
,94262,419025,1495,104954,1973893,101412,1192472,93,88,558215,4/22/2013,-15.0000,False,False,4/22/2013,,,4/22/2013,System.Byte[],Waived current late fee 1.
,94262,419026,1495,104954,1973894,101413,1192472,93,88,558216,4/22/2013,15.0000,False,False,4/22/2013,,,4/22/2013,System.Byte[],Waived current late fee 1.
,94262,419027,1495,104954,1973894,101413,1192472,93,88,558216,4/22/2013,-15.0000,False,False,4/22/2013,,,4/22/2013,System.Byte[],Waived current late fee 1.
,94262,419028,1495,104954,1973895,101412,1192472,93,88,558217,4/22/2013,15.0000,False,False,4/22/2013,,,4/22/2013,System.Byte[],Waived current late fee 2.
,94262,419029,1495,104954,1973895,101412,1192472,93,88,558217,4/22/2013,-15.0000,False,False,4/22/2013,,,4/22/2013,System.Byte[],Waived current late fee 2.
,94262,419030,1495,104954,1973896,101413,1192472,93,88,558218,4/22/2013,15.0000,False,False,4/22/2013,,,4/22/2013,System.Byte[],Waived current late fee 2.
,94262,419031,1495,104954,1973896,101413,1192472,93,88,558218,4/22/2013,-15.0000,False,False,4/22/2013,,,4/22/2013,System.Byte[],Waived current late fee 2.
,78801,419042,1495,104954,1973930,85142,1192493,93,88,558219,4/22/2013,15.0000,False,False,4/22/2013,,,4/22/2013,System.Byte[],Waived current late fee 1.
,78801,419043,1495,104954,1973930,85142,1192493,93,88,558219,4/22/2013,-15.0000,False,False,4/22/2013,,,4/22/2013,System.Byte[],Waived current late fee 1.
,80502,420028,1495,105243,1977890,86917,1194697,93,88,558821,4/26/2013,15.0000,False,False,4/26/2013,,,4/26/2013,System.Byte[],Waived current late fee 2.
,80502,420029,1495,105243,1977890,86917,1194697,93,88,558821,4/26/2013,-15.0000,False,False,4/26/2013,,,4/26/2013,System.Byte[],Waived current late fee 2.
,95422,420114,1495,105243,1978237,102679,1194900,93,88,558894,4/26/2013,15.0000,False,False,4/26/2013,,,4/26/2013,System.Byte[],Waived current late fee 1.
,95422,420115,1495,105243,1978237,102679,1194900,93,88,558894,4/26/2013,-15.0000,False,False,4/26/2013,,,4/26/2013,System.Byte[],Waived current late fee 1.
,78912,420116,1495,105243,1978258,85272,1194912,93,88,558895,4/26/2013,15.0000,False,False,4/26/2013,,,4/26/2013,System.Byte[],Waived current late fee 1.
,78912,420117,1495,105243,1978258,85272,1194912,93,88,558895,4/26/2013,-15.0000,False,False,4/26/2013,,,4/26/2013,System.Byte[],Waived current late fee 1.
,95899,421986,1495,105608,1991653,103159,1204133,93,88,559863,5/2/2013,15.0000,False,False,5/2/2013,,,5/2/2013,System.Byte[],Waived current late fee 1.
,95899,421987,1495,105608,1991653,103159,1204133,93,88,559863,5/2/2013,-15.0000,False,False,5/2/2013,,,5/2/2013,System.Byte[],Waived current late fee 1.
,40293,422314,1495,105677,1994299,63274,1206012,93,88,560002,5/3/2013,15.0000,False,False,5/3/2013,,,5/3/2013,System.Byte[],Waived current late fee 1.
,40293,422315,1495,105677,1994299,63274,1206012,93,88,560002,5/3/2013,-15.0000,False,False,5/3/2013,,,5/3/2013,System.Byte[],Waived current late fee 1.
,1303,422542,1495,105749,1996371,1506,1207304,93,88,560126,5/3/2013,15.0000,False,False,5/3/2013,,,5/3/2013,System.Byte[],Waived current late fee 1.
,1303,422543,1495,105749,1996371,1506,1207304,93,88,560126,5/3/2013,-15.0000,False,False,5/3/2013,,,5/3/2013,System.Byte[],Waived current late fee 1.
,1368,422702,1495,105749,1997152,8213,1207796,1179,88,560191,5/4/2013,15.0000,False,False,5/4/2013,,,5/4/2013,System.Byte[],Waived current late fee 1.
,1368,422703,1495,105749,1997152,8213,1207796,1179,88,560191,5/4/2013,-15.0000,False,False,5/4/2013,,,5/4/2013,System.Byte[],Waived current late fee 1.
,84196,423990,1495,105930,2001859,91259,1210735,93,88,560637,5/7/2013,15.0000,False,False,5/7/2013,,,5/7/2013,System.Byte[],Waived current late fee 1.
,84196,423991,1495,105930,2001859,91259,1210735,93,88,560637,5/7/2013,-15.0000,False,False,5/7/2013,,,5/7/2013,System.Byte[],Waived current late fee 1.
,1307,423992,1495,105930,2001865,1510,1210739,93,88,560638,5/7/2013,15.0000,False,False,5/7/2013,,,5/7/2013,System.Byte[],Waived current late fee 1.
,1307,423993,1495,105930,2001865,1510,1210739,93,88,560638,5/7/2013,-15.0000,False,False,5/7/2013,,,5/7/2013,System.Byte[],Waived current late fee 1.
,1297,424136,1495,105930,2002698,57011,1211270,93,88,560728,5/7/2013,15.0000,False,False,5/7/2013,,,5/7/2013,System.Byte[],Waived current late fee 1.
,1297,424137,1495,105930,2002698,57011,1211270,93,88,560728,5/7/2013,-15.0000,False,False,5/7/2013,,,5/7/2013,System.Byte[],Waived current late fee 1.
,59633,424590,1495,106071,2004674,66509,1212485,1212,88,560906,5/8/2013,15.0000,False,False,5/8/2013,,,5/8/2013,System.Byte[],Waived current late fee 1.
,59633,424591,1495,106071,2004674,66509,1212485,1212,88,560906,5/8/2013,-15.0000,False,False,5/8/2013,,,5/8/2013,System.Byte[],Waived current late fee 1.
,77516,424748,1495,106071,2005348,83736,1212884,93,88,560946,5/9/2013,15.0000,False,False,5/9/2013,,,5/9/2013,System.Byte[],Waived current late fee 1.
,77516,424749,1495,106071,2005348,83736,1212884,93,88,560946,5/9/2013,-15.0000,False,False,5/9/2013,,,5/9/2013,System.Byte[],Waived current late fee 1.
,40293,425930,1495,106275,2011102,63274,1216187,93,88,561539,5/13/2013,15.0000,False,False,5/13/2013,,,5/13/2013,System.Byte[],Waived current late fee 2.
,40293,425931,1495,106275,2011102,63274,1216187,93,88,561539,5/13/2013,-15.0000,False,False,5/13/2013,,,5/13/2013,System.Byte[],Waived current late fee 2.
,94515,426740,1495,106492,2014101,101707,1217725,93,88,562055,5/16/2013,15.0000,False,False,5/16/2013,,,5/16/2013,System.Byte[],Waived current late fee 1.
,94515,426741,1495,106492,2014101,101707,1217725,93,88,562055,5/16/2013,-15.0000,False,False,5/16/2013,,,5/16/2013,System.Byte[],Waived current late fee 1.
,87019,427006,1495,106554,2015419,94349,1218407,93,88,562220,5/17/2013,15.0000,False,False,5/17/2013,,,5/17/2013,System.Byte[],Waived current late fee 1.
,87019,427007,1495,106554,2015419,94349,1218407,93,88,562220,5/17/2013,-15.0000,False,False,5/17/2013,,,5/17/2013,System.Byte[],Waived current late fee 1.
,87019,427008,1495,106554,2015420,94349,1218407,93,88,562221,5/17/2013,15.0000,False,False,5/17/2013,,,5/17/2013,System.Byte[],Waived current late fee 2.
,87019,427009,1495,106554,2015420,94349,1218407,93,88,562221,5/17/2013,-15.0000,False,False,5/17/2013,,,5/17/2013,System.Byte[],Waived current late fee 2.
,1436,427374,1495,106686,2017538,1642,1219519,93,88,562471,5/20/2013,15.0000,False,False,5/20/2013,,,5/20/2013,System.Byte[],Waived current late fee 1.
,1436,427375,1495,106686,2017538,1642,1219519,93,88,562471,5/20/2013,-15.0000,False,False,5/20/2013,,,5/20/2013,System.Byte[],Waived current late fee 1.
,108506,427534,1495,106686,2018093,108974,1219843,1179,88,562576,5/20/2013,15.0000,False,False,5/20/2013,,,5/20/2013,System.Byte[],Waived current late fee 1.
,108506,427535,1495,106686,2018093,108974,1219843,1179,88,562576,5/20/2013,-15.0000,False,False,5/20/2013,,,5/20/2013,System.Byte[],Waived current late fee 1.
,108323,430220,1495,107097,2026119,108802,1224009,93,88,563591,5/28/2013,15.0000,False,False,5/28/2013,,,5/28/2013,System.Byte[],Waived current late fee 1.
,108323,430221,1495,107097,2026119,108802,1224009,93,88,563591,5/28/2013,-15.0000,False,False,5/28/2013,,,5/28/2013,System.Byte[],Waived current late fee 1.
,108323,430222,1495,107097,2026120,108802,1224009,93,88,563592,5/28/2013,15.0000,False,False,5/28/2013,,,5/28/2013,System.Byte[],Waived current late fee 2.
,108323,430223,1495,107097,2026120,108802,1224009,93,88,563592,5/28/2013,-15.0000,False,False,5/28/2013,,,5/28/2013,System.Byte[],Waived current late fee 2.
,108323,430224,1495,107097,2026124,108799,1224011,93,88,563593,5/28/2013,15.0000,False,False,5/28/2013,,,5/28/2013,System.Byte[],Waived current late fee 1.
,108323,430225,1495,107097,2026124,108799,1224011,93,88,563593,5/28/2013,-15.0000,False,False,5/28/2013,,,5/28/2013,System.Byte[],Waived current late fee 1.
,108323,430226,1495,107097,2026125,108799,1224011,93,88,563594,5/28/2013,15.0000,False,False,5/28/2013,,,5/28/2013,System.Byte[],Waived current late fee 2.
,108323,430227,1495,107097,2026125,108799,1224011,93,88,563594,5/28/2013,-15.0000,False,False,5/28/2013,,,5/28/2013,System.Byte[],Waived current late fee 2.
,108323,430232,1495,107097,2026128,108800,1224013,93,88,563595,5/28/2013,15.0000,False,False,5/28/2013,,,5/28/2013,System.Byte[],Waived current late fee 1.
,108323,430233,1495,107097,2026128,108800,1224013,93,88,563595,5/28/2013,-15.0000,False,False,5/28/2013,,,5/28/2013,System.Byte[],Waived current late fee 1.
,108323,430234,1495,107097,2026129,108800,1224013,93,88,563596,5/28/2013,15.0000,False,False,5/28/2013,,,5/28/2013,System.Byte[],Waived current late fee 2.
,108323,430235,1495,107097,2026129,108800,1224013,93,88,563596,5/28/2013,-15.0000,False,False,5/28/2013,,,5/28/2013,System.Byte[],Waived current late fee 2.
,107244,430606,1495,107227,2027597,107639,1224865,93,88,563805,5/29/2013,15.0000,False,False,5/29/2013,,,5/29/2013,System.Byte[],Waived current late fee 1.
,107244,430607,1495,107227,2027597,107639,1224865,93,88,563805,5/29/2013,-15.0000,False,False,5/29/2013,,,5/29/2013,System.Byte[],Waived current late fee 1.
,107244,430608,1495,107227,2027598,107640,1224865,93,88,563806,5/29/2013,15.0000,False,False,5/29/2013,,,5/29/2013,System.Byte[],Waived current late fee 1.
,107244,430609,1495,107227,2027598,107640,1224865,93,88,563806,5/29/2013,-15.0000,False,False,5/29/2013,,,5/29/2013,System.Byte[],Waived current late fee 1.
,49053,430674,1495,107227,2027764,55423,1224953,93,88,563831,5/29/2013,15.0000,False,False,5/29/2013,,,5/29/2013,System.Byte[],Waived current late fee 1.
,49053,430675,1495,107227,2027764,55423,1224953,93,88,563831,5/29/2013,-15.0000,False,False,5/29/2013,,,5/29/2013,System.Byte[],Waived current late fee 1.
,40293,432078,1495,107496,2040221,63274,1233624,93,88,564499,6/3/2013,15.0000,False,False,6/3/2013,,,6/3/2013,System.Byte[],Waived current late fee 1.
,40293,432079,1495,107496,2040221,63274,1233624,93,88,564499,6/3/2013,-15.0000,False,False,6/3/2013,,,6/3/2013,System.Byte[],Waived current late fee 1.
,1306,435580,1495,108210,2059138,1509,1245608,93,88,566244,6/13/2013,15.0000,False,False,6/13/2013,,,6/13/2013,System.Byte[],Waived current late fee 1.
,1306,435581,1495,108210,2059138,1509,1245608,93,88,566244,6/13/2013,-15.0000,False,False,6/13/2013,,,6/13/2013,System.Byte[],Waived current late fee 1.
,74604,435782,1495,108278,2059806,80695,1245969,93,88,566332,6/14/2013,15.0000,False,False,6/14/2013,,,6/14/2013,System.Byte[],Waived current late fee 2.
,74604,435783,1495,108278,2059806,80695,1245969,93,88,566332,6/14/2013,-15.0000,False,False,6/14/2013,,,6/14/2013,System.Byte[],Waived current late fee 2.
,94641,435874,1495,108278,2060134,101837,1246127,93,88,566370,6/14/2013,15.0000,False,False,6/14/2013,,,6/14/2013,System.Byte[],Waived current late fee 1.
,94641,435875,1495,108278,2060134,101837,1246127,93,88,566370,6/14/2013,-15.0000,False,False,6/14/2013,,,6/14/2013,System.Byte[],Waived current late fee 1.
,101856,435930,1495,108278,2060360,105534,1246242,93,88,566405,6/14/2013,15.0000,False,False,6/14/2013,,,6/14/2013,System.Byte[],Waived current late fee 1.
,101856,435931,1495,108278,2060360,105534,1246242,93,88,566405,6/14/2013,-15.0000,False,False,6/14/2013,,,6/14/2013,System.Byte[],Waived current late fee 1.
,101856,435932,1495,108278,2060361,105534,1246242,93,88,566406,6/14/2013,15.0000,False,False,6/14/2013,,,6/14/2013,System.Byte[],Waived current late fee 2.
,101856,435933,1495,108278,2060361,105534,1246242,93,88,566406,6/14/2013,-15.0000,False,False,6/14/2013,,,6/14/2013,System.Byte[],Waived current late fee 2.
,89862,435944,1495,108338,2060449,96784,1246282,93,88,566414,6/14/2013,15.0000,False,False,6/14/2013,,,6/14/2013,System.Byte[],Waived current late fee 1.
,89862,435945,1495,108338,2060449,96784,1246282,93,88,566414,6/14/2013,-15.0000,False,False,6/14/2013,,,6/14/2013,System.Byte[],Waived current late fee 1.
,41371,436960,1495,108494,2063606,47056,1247993,93,88,566816,6/18/2013,15.0000,False,False,6/18/2013,,,6/18/2013,System.Byte[],Waived current late fee 1.
,41371,436961,1495,108494,2063606,47056,1247993,93,88,566816,6/18/2013,-15.0000,False,False,6/18/2013,,,6/18/2013,System.Byte[],Waived current late fee 1.
,91744,437052,1495,108494,2064105,98754,1248258,93,88,566864,6/18/2013,15.0000,False,False,6/18/2013,,,6/18/2013,System.Byte[],Waived current late fee 1.
,91744,437053,1495,108494,2064105,98754,1248258,93,88,566864,6/18/2013,-15.0000,False,False,6/18/2013,,,6/18/2013,System.Byte[],Waived current late fee 1.
,1509,437704,1495,108620,2065623,1715,1248981,93,88,567088,6/20/2013,15.0000,False,False,6/20/2013,,,6/20/2013,System.Byte[],Waived current late fee 1.
,1509,437705,1495,108620,2065623,1715,1248981,93,88,567088,6/20/2013,-15.0000,False,False,6/20/2013,,,6/20/2013,System.Byte[],Waived current late fee 1.
,94262,438284,1495,108749,2067993,101412,1250163,1179,88,567387,6/22/2013,15.0000,False,False,6/22/2013,,,6/22/2013,System.Byte[],Waived current late fee 1.
,94262,438285,1495,108749,2067993,101412,1250163,1179,88,567387,6/22/2013,-15.0000,False,False,6/22/2013,,,6/22/2013,System.Byte[],Waived current late fee 1.
,94262,438286,1495,108749,2067994,101412,1250163,1179,88,567388,6/22/2013,15.0000,False,False,6/22/2013,,,6/22/2013,System.Byte[],Waived current late fee 2.
,94262,438287,1495,108749,2067994,101412,1250163,1179,88,567388,6/22/2013,-15.0000,False,False,6/22/2013,,,6/22/2013,System.Byte[],Waived current late fee 2.
,1559,439098,1495,108815,2070845,1768,1251656,93,88,567711,6/25/2013,15.0000,False,False,6/25/2013,,,6/25/2013,System.Byte[],Waived current late fee 1.
,1559,439099,1495,108815,2070845,1768,1251656,93,88,567711,6/25/2013,-15.0000,False,False,6/25/2013,,,6/25/2013,System.Byte[],Waived current late fee 1.
,59919,442542,1495,109579,2095053,66820,1267718,1179,88,569540,7/6/2013,15.0000,False,False,7/6/2013,,,7/6/2013,System.Byte[],Waived current late fee 1.
,59919,442543,1495,109579,2095053,66820,1267718,1179,88,569540,7/6/2013,-15.0000,False,False,7/6/2013,,,7/6/2013,System.Byte[],Waived current late fee 1.
,59919,442544,1495,109579,2095054,66820,1267718,1179,88,569541,7/6/2013,15.0000,False,False,7/6/2013,,,7/6/2013,System.Byte[],Waived current late fee 2.
,59919,442545,1495,109579,2095054,66820,1267718,1179,88,569541,7/6/2013,-15.0000,False,False,7/6/2013,,,7/6/2013,System.Byte[],Waived current late fee 2.
,79077,443962,1495,109650,2101994,85437,1272058,93,88,570739,7/9/2013,15.0000,False,False,7/9/2013,,,7/9/2013,System.Byte[],Waived current late fee 2.
,79077,443963,1495,109650,2101994,85437,1272058,93,88,570739,7/9/2013,-15.0000,False,False,7/9/2013,,,7/9/2013,System.Byte[],Waived current late fee 2.
,1506,444122,1495,109650,2102591,1712,1272407,93,88,570791,7/9/2013,15.0000,False,False,7/9/2013,,,7/9/2013,System.Byte[],Waived current late fee 1.
,1506,444123,1495,109650,2102591,1712,1272407,93,88,570791,7/9/2013,-15.0000,False,False,7/9/2013,,,7/9/2013,System.Byte[],Waived current late fee 1.
,94322,444382,1495,109953,2104686,101481,1273765,1212,88,571150,7/10/2013,15.0000,False,False,7/10/2013,,,7/10/2013,System.Byte[],Waived current late fee 1.
,94322,444383,1495,109953,2104686,101481,1273765,1212,88,571150,7/10/2013,-15.0000,False,False,7/10/2013,,,7/10/2013,System.Byte[],Waived current late fee 1.
,108544,446586,1495,110318,2112331,109016,1277780,93,88,572096,7/16/2013,15.0000,False,False,7/16/2013,,,7/16/2013,System.Byte[],Waived current late fee 1.
,108544,446587,1495,110318,2112331,109016,1277780,93,88,572096,7/16/2013,-15.0000,False,False,7/16/2013,,,7/16/2013,System.Byte[],Waived current late fee 1.
,110524,447908,1495,110574,2117268,111176,1280331,1179,88,572686,7/20/2013,15.0000,False,False,7/20/2013,,,7/20/2013,System.Byte[],Waived current late fee 1.
,110524,447909,1495,110574,2117268,111176,1280331,1179,88,572686,7/20/2013,-15.0000,False,False,7/20/2013,,,7/20/2013,System.Byte[],Waived current late fee 1.
,1306,451266,1495,110920,2124102,1509,1283528,1179,88,573451,7/26/2013,15.0000,False,False,7/26/2013,,,7/26/2013,System.Byte[],Waived current late fee 1.
,1306,451267,1495,110920,2124102,1509,1283528,1179,88,573451,7/26/2013,-15.0000,False,False,7/26/2013,,,7/26/2013,System.Byte[],Waived current late fee 1.
,1306,451268,1495,110920,2124103,1509,1283528,1179,88,573452,7/26/2013,15.0000,False,False,7/26/2013,,,7/26/2013,System.Byte[],Waived current late fee 2.
,1306,451269,1495,110920,2124103,1509,1283528,1179,88,573452,7/26/2013,-15.0000,False,False,7/26/2013,,,7/26/2013,System.Byte[],Waived current late fee 2.
,78912,454274,1495,111418,2144479,85272,1297037,93,88,575066,8/5/2013,15.0000,False,False,8/5/2013,,,8/5/2013,System.Byte[],Waived current late fee 1.
,78912,454275,1495,111418,2144479,85272,1297037,93,88,575066,8/5/2013,-15.0000,False,False,8/5/2013,,,8/5/2013,System.Byte[],Waived current late fee 1.
,41035,454376,1495,111418,2145469,46711,1297744,93,88,575131,8/5/2013,15.0000,False,False,8/5/2013,,,8/5/2013,System.Byte[],Waived current late fee 1.
,41035,454377,1495,111418,2145469,46711,1297744,93,88,575131,8/5/2013,-15.0000,False,False,8/5/2013,,,8/5/2013,System.Byte[],Waived current late fee 1.
,111937,454458,1495,111418,2146580,112688,1298539,1179,88,575184,8/5/2013,15.0000,False,False,8/5/2013,,,8/5/2013,System.Byte[],Waived current late fee 1.
,111937,454459,1495,111418,2146580,112688,1298539,1179,88,575184,8/5/2013,-15.0000,False,False,8/5/2013,,,8/5/2013,System.Byte[],Waived current late fee 1.
,108320,456832,1495,112054,2157781,108792,1305348,93,88,576164,8/13/2013,15.0000,False,False,8/13/2013,,,8/13/2013,System.Byte[],Waived current late fee 1.
,108320,456833,1495,112054,2157781,108792,1305348,93,88,576164,8/13/2013,-15.0000,False,False,8/13/2013,,,8/13/2013,System.Byte[],Waived current late fee 1.
,92542,456926,1495,112054,2158153,99555,1305542,93,88,576213,8/13/2013,15.0000,False,False,8/13/2013,,,8/13/2013,System.Byte[],Waived current late fee 1.
,92542,456927,1495,112054,2158153,99555,1305542,93,88,576213,8/13/2013,-15.0000,False,False,8/13/2013,,,8/13/2013,System.Byte[],Waived current late fee 1.
,92542,456928,1495,112054,2158154,99555,1305542,93,88,576214,8/13/2013,15.0000,False,False,8/13/2013,,,8/13/2013,System.Byte[],Waived current late fee 2.
,92542,456929,1495,112054,2158154,99555,1305542,93,88,576214,8/13/2013,-15.0000,False,False,8/13/2013,,,8/13/2013,System.Byte[],Waived current late fee 2.
,116261,458722,1495,112376,2164292,116425,1308714,93,88,577027,8/19/2013,15.0000,False,False,8/19/2013,,,8/19/2013,System.Byte[],Waived current late fee 1.
,116261,458723,1495,112376,2164292,116425,1308714,93,88,577027,8/19/2013,-15.0000,False,False,8/19/2013,,,8/19/2013,System.Byte[],Waived current late fee 1.
,1293,459682,1495,112655,2167890,110745,1310752,93,88,577507,8/23/2013,15.0000,False,False,8/23/2013,,,8/23/2013,System.Byte[],Waived current late fee 1.
,1293,459683,1495,112655,2167890,110745,1310752,93,88,577507,8/23/2013,-15.0000,False,False,8/23/2013,,,8/23/2013,System.Byte[],Waived current late fee 1.
,1293,459684,1495,112655,2167891,80082,1310752,93,88,577508,8/23/2013,15.0000,False,False,8/23/2013,,,8/23/2013,System.Byte[],Waived current late fee 1.
,1293,459685,1495,112655,2167891,80082,1310752,93,88,577508,8/23/2013,-15.0000,False,False,8/23/2013,,,8/23/2013,System.Byte[],Waived current late fee 1.
,114450,460276,1495,112782,2170517,114442,1312177,93,88,577816,8/26/2013,15.0000,False,False,8/26/2013,,,8/26/2013,System.Byte[],Waived current late fee 1.
,114450,460277,1495,112782,2170517,114442,1312177,93,88,577816,8/26/2013,-15.0000,False,False,8/26/2013,,,8/26/2013,System.Byte[],Waived current late fee 1.
,111331,461202,1495,113001,2176206,112020,1315478,93,88,578398,8/30/2013,15.0000,False,False,8/30/2013,,,8/30/2013,System.Byte[],Waived current late fee 1.
,111331,461203,1495,113001,2176206,112020,1315478,93,88,578398,8/30/2013,-15.0000,False,False,8/30/2013,,,8/30/2013,System.Byte[],Waived current late fee 1.
,111331,461204,1495,113001,2176207,114468,1315478,93,88,578399,8/30/2013,15.0000,False,False,8/30/2013,,,8/30/2013,System.Byte[],Waived current late fee 1.
,111331,461205,1495,113001,2176207,114468,1315478,93,88,578399,8/30/2013,-15.0000,False,False,8/30/2013,,,8/30/2013,System.Byte[],Waived current late fee 1.
,1322,462248,1495,113210,2188005,1525,1323993,93,88,578908,9/3/2013,15.0000,False,False,9/3/2013,,,9/3/2013,System.Byte[],Waived current late fee 1.
,1322,462249,1495,113210,2188005,1525,1323993,93,88,578908,9/3/2013,-15.0000,False,False,9/3/2013,,,9/3/2013,System.Byte[],Waived current late fee 1.
,90586,462286,1495,113210,2188234,97446,1324103,93,88,578921,9/3/2013,15.0000,False,False,9/3/2013,,,9/3/2013,System.Byte[],Waived current late fee 1.
,90586,462287,1495,113210,2188234,97446,1324103,93,88,578921,9/3/2013,-15.0000,False,False,9/3/2013,,,9/3/2013,System.Byte[],Waived current late fee 1.
,115493,463680,1495,113652,2197469,115553,1330369,93,88,579579,9/9/2013,15.0000,False,False,9/9/2013,,,9/9/2013,System.Byte[],Waived current late fee 1.
,115493,463681,1495,113652,2197469,115553,1330369,93,88,579579,9/9/2013,-15.0000,False,False,9/9/2013,,,9/9/2013,System.Byte[],Waived current late fee 1.
,89825,463814,1495,113652,2198161,96587,1330806,93,88,579646,9/9/2013,15.0000,False,False,9/9/2013,,9/9/2013,9/9/2013,System.Byte[],Waived current late fee 1.
,89825,463815,1495,113652,2198161,96587,1330806,93,88,579646,9/9/2013,-15.0000,False,False,9/9/2013,,9/9/2013,9/9/2013,System.Byte[],Waived current late fee 1.
,89825,463816,1495,113652,2198163,96587,1330807,93,88,579648,9/9/2013,15.0000,False,False,9/9/2013,,,9/9/2013,System.Byte[],Waived current late fee 1.
,89825,463817,1495,113652,2198163,96587,1330807,93,88,579648,9/9/2013,-15.0000,False,False,9/9/2013,,,9/9/2013,System.Byte[],Waived current late fee 1.
,101609,465042,1495,113898,2202895,105230,1333503,93,88,580071,9/12/2013,15.0000,False,False,9/12/2013,,,9/12/2013,System.Byte[],Waived current late fee 2.
,101609,465043,1495,113898,2202895,105230,1333503,93,88,580071,9/12/2013,-15.0000,False,False,9/12/2013,,,9/12/2013,System.Byte[],Waived current late fee 2.
,108320,465616,1495,113962,2204244,108792,1334151,93,88,580221,9/13/2013,15.0000,False,False,9/13/2013,,,9/13/2013,System.Byte[],Waived current late fee 1.
,108320,465617,1495,113962,2204244,108792,1334151,93,88,580221,9/13/2013,-15.0000,False,False,9/13/2013,,,9/13/2013,System.Byte[],Waived current late fee 1.
,117840,465646,1495,113962,2204366,118091,1334213,93,88,580228,9/13/2013,15.0000,False,False,9/13/2013,,,9/13/2013,System.Byte[],Waived current late fee 1.
,117840,465647,1495,113962,2204366,118091,1334213,93,88,580228,9/13/2013,-15.0000,False,False,9/13/2013,,,9/13/2013,System.Byte[],Waived current late fee 1.
,63814,466688,1495,114092,2207824,71154,1335903,93,88,580581,9/16/2013,15.0000,False,False,9/16/2013,,,9/16/2013,System.Byte[],Waived current late fee 1.
,63814,466689,1495,114092,2207824,71154,1335903,93,88,580581,9/16/2013,-15.0000,False,False,9/16/2013,,,9/16/2013,System.Byte[],Waived current late fee 1.
,63814,466690,1495,114092,2207825,71154,1335903,93,88,580582,9/16/2013,15.0000,False,False,9/16/2013,,,9/16/2013,System.Byte[],Waived current late fee 2.
,63814,466691,1495,114092,2207825,71154,1335903,93,88,580582,9/16/2013,-15.0000,False,False,9/16/2013,,,9/16/2013,System.Byte[],Waived current late fee 2.
,1597,468696,1495,114503,2214974,1809,1339690,93,88,581623,9/23/2013,15.0000,False,False,9/23/2013,,,9/23/2013,System.Byte[],Waived current late fee 1.
,1597,468697,1495,114503,2214974,1809,1339690,93,88,581623,9/23/2013,-15.0000,False,False,9/23/2013,,,9/23/2013,System.Byte[],Waived current late fee 1.
,1597,468698,1495,114503,2214975,1809,1339690,93,88,581624,9/23/2013,15.0000,False,False,9/23/2013,,,9/23/2013,System.Byte[],Waived current late fee 2.
,1597,468699,1495,114503,2214975,1809,1339690,93,88,581624,9/23/2013,-15.0000,False,False,9/23/2013,,,9/23/2013,System.Byte[],Waived current late fee 2.
,75664,469374,1495,114662,2217479,81776,1341027,1212,88,581936,9/25/2013,15.0000,False,False,9/25/2013,,,9/25/2013,System.Byte[],Waived current late fee 1.
,75664,469375,1495,114662,2217479,81776,1341027,1212,88,581936,9/25/2013,-15.0000,False,False,9/25/2013,,,9/25/2013,System.Byte[],Waived current late fee 1.
,114671,469426,1495,114729,2217917,114673,1341242,93,88,581976,9/25/2013,15.0000,False,False,9/25/2013,,,9/25/2013,System.Byte[],Waived current late fee 1.
,114671,469427,1495,114729,2217917,114673,1341242,93,88,581976,9/25/2013,-15.0000,False,False,9/25/2013,,,9/25/2013,System.Byte[],Waived current late fee 1.
,78973,469824,1495,114793,2219366,85316,1342034,93,88,582134,9/27/2013,15.0000,False,False,9/27/2013,,,9/27/2013,System.Byte[],Waived current late fee 1.
,78973,469825,1495,114793,2219366,85316,1342034,93,88,582134,9/27/2013,-15.0000,False,False,9/27/2013,,,9/27/2013,System.Byte[],Waived current late fee 1.
,82668,470460,1495,114935,2222913,89555,1344054,93,88,582448,9/30/2013,15.0000,False,False,9/30/2013,,,9/30/2013,System.Byte[],Waived current late fee 1.
,82668,470461,1495,114935,2222913,89555,1344054,93,88,582448,9/30/2013,-15.0000,False,False,9/30/2013,,,9/30/2013,System.Byte[],Waived current late fee 1.
,75898,470528,1495,114935,2223280,81997,1344299,93,88,582486,9/30/2013,15.0000,False,False,9/30/2013,,,9/30/2013,System.Byte[],Waived current late fee 1.
,75898,470529,1495,114935,2223280,81997,1344299,93,88,582486,9/30/2013,-15.0000,False,False,9/30/2013,,,9/30/2013,System.Byte[],Waived current late fee 1.
,114281,470648,1495,114935,2223808,114228,1344660,93,88,582552,9/30/2013,15.0000,False,False,9/30/2013,,,9/30/2013,System.Byte[],Waived current late fee 1.
,114281,470649,1495,114935,2223808,114228,1344660,93,88,582552,9/30/2013,-15.0000,False,False,9/30/2013,,,9/30/2013,System.Byte[],Waived current late fee 1.
,114281,470650,1495,114935,2223809,114228,1344660,93,88,582553,9/30/2013,15.0000,False,False,9/30/2013,,,9/30/2013,System.Byte[],Waived current late fee 2.
,114281,470651,1495,114935,2223809,114228,1344660,93,88,582553,9/30/2013,-15.0000,False,False,9/30/2013,,,9/30/2013,System.Byte[],Waived current late fee 2.
,117683,474390,1495,115658,2249058,117932,1361598,93,88,583968,10/10/2013,15.0000,False,False,10/10/2013,,,10/10/2013,System.Byte[],Waived current late fee 1.
,117683,474391,1495,115658,2249058,117932,1361598,93,88,583968,10/10/2013,-15.0000,False,False,10/10/2013,,,10/10/2013,System.Byte[],Waived current late fee 1.
,1506,474636,1495,115658,2249774,1712,1361994,93,88,584037,10/10/2013,15.0000,False,False,10/10/2013,,,10/10/2013,System.Byte[],Waived current late fee 1.
,1506,474637,1495,115658,2249774,1712,1361994,93,88,584037,10/10/2013,-15.0000,False,False,10/10/2013,,,10/10/2013,System.Byte[],Waived current late fee 1.
,80344,477242,1495,116217,2259793,86856,1367245,93,88,585094,10/19/2013,15.0000,False,False,10/19/2013,,,10/19/2013,System.Byte[],Waived current late fee 1.
,80344,477243,1495,116217,2259793,86856,1367245,93,88,585094,10/19/2013,-15.0000,False,False,10/19/2013,,,10/19/2013,System.Byte[],Waived current late fee 1.
,80344,477244,1495,116217,2259794,86856,1367245,93,88,585095,10/19/2013,15.0000,False,False,10/19/2013,,,10/19/2013,System.Byte[],Waived current late fee 2.
,80344,477245,1495,116217,2259794,86856,1367245,93,88,585095,10/19/2013,-15.0000,False,False,10/19/2013,,,10/19/2013,System.Byte[],Waived current late fee 2.
,77349,477300,1495,116217,2260278,83600,1367466,93,88,585139,10/19/2013,15.0000,False,False,10/19/2013,,,10/19/2013,System.Byte[],Waived current late fee 1.
,77349,477301,1495,116217,2260278,83600,1367466,93,88,585139,10/19/2013,-15.0000,False,False,10/19/2013,,,10/19/2013,System.Byte[],Waived current late fee 1.
,110956,477486,1495,116284,2261293,116785,1367998,93,88,585206,10/21/2013,15.0000,False,False,10/21/2013,,,10/21/2013,System.Byte[],Waived current late fee 1.
,110956,477487,1495,116284,2261293,116785,1367998,93,88,585206,10/21/2013,-15.0000,False,False,10/21/2013,,,10/21/2013,System.Byte[],Waived current late fee 1.
,59874,477600,1495,116371,2261887,106518,1368320,93,88,585292,10/21/2013,15.0000,False,False,10/21/2013,,,10/21/2013,System.Byte[],Waived current late fee 1.
,59874,477601,1495,116371,2261887,106518,1368320,93,88,585292,10/21/2013,-15.0000,False,False,10/21/2013,,,10/21/2013,System.Byte[],Waived current late fee 1.
,1306,477672,1495,116371,2262280,1509,1368537,93,88,585322,10/22/2013,15.0000,False,False,10/22/2013,,,10/22/2013,System.Byte[],Waived current late fee 2.
,1306,477673,1495,116371,2262280,1509,1368537,93,88,585322,10/22/2013,-15.0000,False,False,10/22/2013,,,10/22/2013,System.Byte[],Waived current late fee 2.
,78912,478445,1495,116563,2265077,85272,1370041,93,88,585583,10/25/2013,15.0000,False,False,10/25/2013,,,10/25/2013,System.Byte[],Waived current late fee 1.
,78912,478446,1495,116563,2265077,85272,1370041,93,88,585583,10/25/2013,-15.0000,False,False,10/25/2013,,,10/25/2013,System.Byte[],Waived current late fee 1.
,19424,480401,1495,116989,2279059,50682,1379020,93,88,586550,11/1/2013,15.0000,False,False,11/1/2013,,,11/1/2013,System.Byte[],Waived current late fee 1.
,19424,480402,1495,116989,2279059,50682,1379020,93,88,586550,11/1/2013,-15.0000,False,False,11/1/2013,,,11/1/2013,System.Byte[],Waived current late fee 1.
,1297,481727,1495,117244,2289033,57011,1385989,93,88,587195,11/5/2013,15.0000,False,False,11/5/2013,,,11/5/2013,System.Byte[],Waived current late fee 1.
,1297,481728,1495,117244,2289033,57011,1385989,93,88,587195,11/5/2013,-15.0000,False,False,11/5/2013,,,11/5/2013,System.Byte[],Waived current late fee 1.
,1297,481729,1495,117244,2289034,106264,1385989,93,88,587196,11/5/2013,15.0000,False,False,11/5/2013,,,11/5/2013,System.Byte[],Waived current late fee 1.
,1297,481730,1495,117244,2289034,106264,1385989,93,88,587196,11/5/2013,-15.0000,False,False,11/5/2013,,,11/5/2013,System.Byte[],Waived current late fee 1.
,123675,483765,1495,117703,2299244,122233,1392247,93,88,588081,11/12/2013,15.0000,False,False,11/12/2013,,,11/12/2013,System.Byte[],Waived current late fee 1.
,123675,483766,1495,117703,2299244,122233,1392247,93,88,588081,11/12/2013,-15.0000,False,False,11/12/2013,,,11/12/2013,System.Byte[],Waived current late fee 1.
,59874,485133,1495,117903,2303918,106518,1394495,93,88,588525,11/15/2013,15.0000,False,False,11/15/2013,,,11/15/2013,System.Byte[],Waived current late fee 1.
,59874,485134,1495,117903,2303918,106518,1394495,93,88,588525,11/15/2013,-15.0000,False,False,11/15/2013,,,11/15/2013,System.Byte[],Waived current late fee 1.
,122083,485365,1495,117971,2304818,120450,1394944,1179,88,588618,11/16/2013,15.0000,False,False,11/16/2013,,,11/16/2013,System.Byte[],Waived current late fee 1.
,122083,485366,1495,117971,2304818,120450,1394944,1179,88,588618,11/16/2013,-15.0000,False,False,11/16/2013,,,11/16/2013,System.Byte[],Waived current late fee 1.
,121994,486459,1495,118193,2308566,120344,1396822,1212,88,588966,11/20/2013,15.0000,False,False,11/20/2013,,,11/20/2013,System.Byte[],Waived current late fee 1.
,121994,486460,1495,118193,2308566,120344,1396822,1212,88,588966,11/20/2013,-15.0000,False,False,11/20/2013,,,11/20/2013,System.Byte[],Waived current late fee 1.
,78801,486955,1495,118321,2310746,85142,1397998,93,88,589286,11/22/2013,15.0000,False,False,11/22/2013,,,11/22/2013,System.Byte[],Waived current late fee 1.
,78801,486956,1495,118321,2310746,85142,1397998,93,88,589286,11/22/2013,-15.0000,False,False,11/22/2013,,,11/22/2013,System.Byte[],Waived current late fee 1.
,1580,487053,1495,118391,2311396,1790,1398325,93,88,589347,11/23/2013,15.0000,False,False,11/23/2013,,,11/23/2013,System.Byte[],Waived current late fee 1.
,1580,487054,1495,118391,2311396,1790,1398325,93,88,589347,11/23/2013,-15.0000,False,False,11/23/2013,,,11/23/2013,System.Byte[],Waived current late fee 1.
,1383,487357,1495,118455,2312821,1586,1399097,93,88,589487,11/25/2013,15.0000,False,False,11/25/2013,,,11/25/2013,System.Byte[],Waived current late fee 1.
,1383,487358,1495,118455,2312821,1586,1399097,93,88,589487,11/25/2013,-15.0000,False,False,11/25/2013,,,11/25/2013,System.Byte[],Waived current late fee 1.
,116824,489023,1495,118618,2316152,118177,1400762,93,88,589759,11/27/2013,15.0000,False,False,11/27/2013,,,11/27/2013,System.Byte[],Waived current late fee 1.
,116824,489024,1495,118618,2316152,118177,1400762,93,88,589759,11/27/2013,-15.0000,False,False,11/27/2013,,,11/27/2013,System.Byte[],Waived current late fee 1.
,116824,489025,1495,118618,2316153,117018,1400762,93,88,589760,11/27/2013,15.0000,False,False,11/27/2013,,,11/27/2013,System.Byte[],Waived current late fee 1.
,116824,489026,1495,118618,2316153,117018,1400762,93,88,589760,11/27/2013,-15.0000,False,False,11/27/2013,,,11/27/2013,System.Byte[],Waived current late fee 1.
,121903,491603,1495,119093,2335834,120228,1413958,93,88,590761,12/5/2013,15.0000,False,False,12/5/2013,,,12/5/2013,System.Byte[],Waived current late fee 1.
,121903,491604,1495,119093,2335834,120228,1413958,93,88,590761,12/5/2013,-15.0000,False,False,12/5/2013,,,12/5/2013,System.Byte[],Waived current late fee 1.
,121903,491605,1495,119093,2335835,120228,1413958,93,88,590762,12/5/2013,15.0000,False,False,12/5/2013,,,12/5/2013,System.Byte[],Waived current late fee 2.
,121903,491606,1495,119093,2335835,120228,1413958,93,88,590762,12/5/2013,-15.0000,False,False,12/5/2013,,,12/5/2013,System.Byte[],Waived current late fee 2.
,121532,491829,1495,119165,2337563,119752,1415099,93,88,590870,12/6/2013,15.0000,False,False,12/6/2013,,,12/6/2013,System.Byte[],Waived current late fee 1.
,121532,491830,1495,119165,2337563,119752,1415099,93,88,590870,12/6/2013,-15.0000,False,False,12/6/2013,,,12/6/2013,System.Byte[],Waived current late fee 1.
,1312,491909,1495,119165,2337834,8221,1415265,93,88,590912,12/6/2013,15.0000,False,False,12/6/2013,,,12/6/2013,System.Byte[],Waived current late fee 1.
,1312,491910,1495,119165,2337834,8221,1415265,93,88,590912,12/6/2013,-15.0000,False,False,12/6/2013,,,12/6/2013,System.Byte[],Waived current late fee 1.
,115493,492093,1495,119165,2338923,123887,1415935,93,88,591015,12/6/2013,15.0000,False,False,12/6/2013,,,12/6/2013,System.Byte[],Waived current late fee 1.
,115493,492094,1495,119165,2338923,123887,1415935,93,88,591015,12/6/2013,-15.0000,False,False,12/6/2013,,,12/6/2013,System.Byte[],Waived current late fee 1.
,1566,492413,1495,119311,2341828,44381,1417783,93,88,591216,12/9/2013,15.0000,False,False,12/9/2013,,,12/9/2013,System.Byte[],Waived current late fee 1.
,1566,492414,1495,119311,2341828,44381,1417783,93,88,591216,12/9/2013,-15.0000,False,False,12/9/2013,,,12/9/2013,System.Byte[],Waived current late fee 1.
,95559,492445,1495,119311,2342107,102788,1417970,93,88,591243,12/9/2013,15.0000,False,False,12/9/2013,,,12/9/2013,System.Byte[],Waived current late fee 2.
,95559,492446,1495,119311,2342107,102788,1417970,93,88,591243,12/9/2013,-15.0000,False,False,12/9/2013,,,12/9/2013,System.Byte[],Waived current late fee 2.
,1506,492449,1495,119311,2342118,1712,1417979,93,88,591246,12/9/2013,15.0000,False,False,12/9/2013,,,12/9/2013,System.Byte[],Waived current late fee 1.
,1506,492450,1495,119311,2342118,1712,1417979,93,88,591246,12/9/2013,-15.0000,False,False,12/9/2013,,,12/9/2013,System.Byte[],Waived current late fee 1.
,89862,492659,1495,119413,2343766,96784,1419056,93,88,591362,12/10/2013,15.0000,False,False,12/10/2013,,,12/10/2013,System.Byte[],Waived current late fee 1.
,89862,492660,1495,119413,2343766,96784,1419056,93,88,591362,12/10/2013,-15.0000,False,False,12/10/2013,,,12/10/2013,System.Byte[],Waived current late fee 1.
,114245,492801,1495,119481,2344684,114191,1419631,93,88,591435,12/10/2013,15.0000,False,False,12/10/2013,,,12/10/2013,System.Byte[],Waived current late fee 1.
,114245,492802,1495,119481,2344684,114191,1419631,93,88,591435,12/10/2013,-15.0000,False,False,12/10/2013,,,12/10/2013,System.Byte[],Waived current late fee 1.
,114245,492803,1495,119481,2344685,114191,1419631,93,88,591436,12/10/2013,15.0000,False,False,12/10/2013,,,12/10/2013,System.Byte[],Waived current late fee 2.
,114245,492804,1495,119481,2344685,114191,1419631,93,88,591436,12/10/2013,-15.0000,False,False,12/10/2013,,,12/10/2013,System.Byte[],Waived current late fee 2.
,76557,493505,1495,119554,2346834,82728,1420829,93,88,591745,12/12/2013,15.0000,False,False,12/12/2013,,,12/12/2013,System.Byte[],Waived current late fee 1.
,76557,493506,1495,119554,2346834,82728,1420829,93,88,591745,12/12/2013,-15.0000,False,False,12/12/2013,,,12/12/2013,System.Byte[],Waived current late fee 1.
,118212,493531,1495,119554,2346907,118491,1420871,93,88,591760,12/12/2013,15.0000,False,False,12/12/2013,,,12/12/2013,System.Byte[],Waived current late fee 1.
,118212,493532,1495,119554,2346907,118491,1420871,93,88,591760,12/12/2013,-15.0000,False,False,12/12/2013,,,12/12/2013,System.Byte[],Waived current late fee 1.
,59874,494253,1495,119619,2348705,106518,1421759,93,88,592101,12/13/2013,15.0000,False,False,12/13/2013,,,12/13/2013,System.Byte[],Waived current late fee 1.
,59874,494254,1495,119619,2348705,106518,1421759,93,88,592101,12/13/2013,-15.0000,False,False,12/13/2013,,,12/13/2013,System.Byte[],Waived current late fee 1.
,116012,494257,1495,119619,2348737,116155,1421773,93,88,592103,12/13/2013,15.0000,False,False,12/13/2013,,,12/13/2013,System.Byte[],Waived current late fee 1.
,116012,494258,1495,119619,2348737,116155,1421773,93,88,592103,12/13/2013,-15.0000,False,False,12/13/2013,,,12/13/2013,System.Byte[],Waived current late fee 1.
,85952,494419,1495,119685,2349513,93143,1422152,1179,88,592205,12/14/2013,15.0000,False,False,12/14/2013,,,12/14/2013,System.Byte[],Waived current late fee 1.
,85952,494420,1495,119685,2349513,93143,1422152,1179,88,592205,12/14/2013,-15.0000,False,False,12/14/2013,,,12/14/2013,System.Byte[],Waived current late fee 1.
,110962,506150,1495,122589,2468905,112599,1463269,93,88,602080,12/21/2013,15.0000,False,False,12/21/2013,,,12/21/2013,System.Byte[],Waived current late fee 1.
,110962,506151,1495,122589,2468905,112599,1463269,93,88,602080,12/21/2013,-15.0000,False,False,12/21/2013,,,12/21/2013,System.Byte[],Waived current late fee 1.
,122399,506370,1495,122653,2469976,120798,1463833,93,88,602181,12/23/2013,15.0000,False,False,12/23/2013,,,12/23/2013,System.Byte[],Waived current late fee 1.
,122399,506371,1495,122653,2469976,120798,1463833,93,88,602181,12/23/2013,-15.0000,False,False,12/23/2013,,,12/23/2013,System.Byte[],Waived current late fee 1.
,78801,506372,1495,122653,2469979,85142,1463835,93,88,602182,12/23/2013,15.0000,False,False,12/23/2013,,,12/23/2013,System.Byte[],Waived current late fee 1.
,78801,506373,1495,122653,2469979,85142,1463835,93,88,602182,12/23/2013,-15.0000,False,False,12/23/2013,,,12/23/2013,System.Byte[],Waived current late fee 1.
,1293,507120,1495,122885,2473589,110745,1465839,93,88,602478,12/27/2013,15.0000,False,False,12/27/2013,,,12/27/2013,System.Byte[],Waived current late fee 2.
,1293,507121,1495,122885,2473589,110745,1465839,93,88,602478,12/27/2013,-15.0000,False,False,12/27/2013,,,12/27/2013,System.Byte[],Waived current late fee 2.
,1293,507122,1495,122885,2473590,80082,1465839,93,88,602479,12/27/2013,15.0000,False,False,12/27/2013,,,12/27/2013,System.Byte[],Waived current late fee 2.
,1293,507123,1495,122885,2473590,80082,1465839,93,88,602479,12/27/2013,-15.0000,False,False,12/27/2013,,,12/27/2013,System.Byte[],Waived current late fee 2.
,27302,507662,1495,123016,2476562,31613,1467439,93,88,602780,12/30/2013,15.0000,False,False,12/30/2013,,,12/30/2013,System.Byte[],Waived current late fee 1.
,27302,507663,1495,123016,2476562,31613,1467439,93,88,602780,12/30/2013,-15.0000,False,False,12/30/2013,,,12/30/2013,System.Byte[],Waived current late fee 1.
,1383,507698,1495,123016,2476676,1586,1467506,93,88,602798,12/30/2013,15.0000,False,False,12/30/2013,,,12/30/2013,System.Byte[],Waived current late fee 1.
,1383,507699,1495,123016,2476676,1586,1467506,93,88,602798,12/30/2013,-15.0000,False,False,12/30/2013,,,12/30/2013,System.Byte[],Waived current late fee 1.
,111331,507794,1495,123016,2477298,112020,1467872,1179,88,602863,12/30/2013,15.0000,False,False,12/30/2013,,,12/30/2013,System.Byte[],Waived current late fee 1.
,111331,507795,1495,123016,2477298,112020,1467872,1179,88,602863,12/30/2013,-15.0000,False,False,12/30/2013,,,12/30/2013,System.Byte[],Waived current late fee 1.
,111331,507796,1495,123016,2477299,114468,1467873,1179,88,602864,12/30/2013,15.0000,False,False,12/30/2013,,,12/30/2013,System.Byte[],Waived current late fee 1.
,111331,507797,1495,123016,2477299,114468,1467873,1179,88,602864,12/30/2013,-15.0000,False,False,12/30/2013,,,12/30/2013,System.Byte[],Waived current late fee 1.
,1543,507980,1495,123120,2478784,124347,1468730,93,88,602976,12/31/2013,15.0000,False,False,12/31/2013,,,12/31/2013,System.Byte[],Waived current late fee 1.
,1543,507981,1495,123120,2478784,124347,1468730,93,88,602976,12/31/2013,-15.0000,False,False,12/31/2013,,,12/31/2013,System.Byte[],Waived current late fee 1.
,77516,508306,1495,123195,2480812,83736,1470119,93,88,603104,1/2/2014,15.0000,False,False,1/2/2014,,,1/2/2014,System.Byte[],Waived current late fee 1.
,77516,508307,1495,123195,2480812,83736,1470119,93,88,603104,1/2/2014,-15.0000,False,False,1/2/2014,,,1/2/2014,System.Byte[],Waived current late fee 1.
,80049,508408,1495,123195,2484019,86393,1472578,93,88,603181,1/2/2014,15.0000,False,False,1/2/2014,,,1/2/2014,System.Byte[],Waived current late fee 1.
,80049,508409,1495,123195,2484019,86393,1472578,93,88,603181,1/2/2014,-15.0000,False,False,1/2/2014,,,1/2/2014,System.Byte[],Waived current late fee 1.
,117172,508424,1495,123195,2484266,117383,1472767,93,88,603188,1/2/2014,15.0000,False,False,1/2/2014,,,1/2/2014,System.Byte[],Waived current late fee 1.
,117172,508425,1495,123195,2484266,117383,1472767,93,88,603188,1/2/2014,-15.0000,False,False,1/2/2014,,,1/2/2014,System.Byte[],Waived current late fee 1.
,76898,509042,1495,123290,2491001,83077,1477355,93,88,603496,1/3/2014,15.0000,False,False,1/3/2014,,,1/3/2014,System.Byte[],Waived current late fee 2.
,76898,509043,1495,123290,2491001,83077,1477355,93,88,603496,1/3/2014,-15.0000,False,False,1/3/2014,,,1/3/2014,System.Byte[],Waived current late fee 2.
,1307,509938,1495,123567,2497396,1510,1481532,93,88,603961,1/7/2014,15.0000,False,False,1/7/2014,,,1/7/2014,System.Byte[],Waived current late fee 1.
,1307,509939,1495,123567,2497396,1510,1481532,93,88,603961,1/7/2014,-15.0000,False,False,1/7/2014,,,1/7/2014,System.Byte[],Waived current late fee 1.
,1566,510558,1495,123716,2501003,44381,1483680,93,88,604238,1/9/2014,15.0000,False,False,1/9/2014,,,1/9/2014,System.Byte[],Waived current late fee 1.
,1566,510559,1495,123716,2501003,44381,1483680,93,88,604238,1/9/2014,-15.0000,False,False,1/9/2014,,,1/9/2014,System.Byte[],Waived current late fee 1.
,1415,510750,1495,123716,2501860,1620,1484176,1179,88,604317,1/9/2014,15.0000,False,False,1/9/2014,,,1/9/2014,System.Byte[],Waived current late fee 1.
,1415,510751,1495,123716,2501860,1620,1484176,1179,88,604317,1/9/2014,-15.0000,False,False,1/9/2014,,,1/9/2014,System.Byte[],Waived current late fee 1.
,85611,511356,1495,123870,2505241,92759,1486178,1179,88,604525,1/11/2014,15.0000,False,False,1/11/2014,,,1/11/2014,System.Byte[],Waived current late fee 1.
,85611,511357,1495,123870,2505241,92759,1486178,1179,88,604525,1/11/2014,-15.0000,False,False,1/11/2014,,,1/11/2014,System.Byte[],Waived current late fee 1.
,118212,511390,1495,123870,2505328,118491,1486223,1179,88,604536,1/11/2014,15.0000,False,False,1/11/2014,,,1/11/2014,System.Byte[],Waived current late fee 1.
,118212,511391,1495,123870,2505328,118491,1486223,1179,88,604536,1/11/2014,-15.0000,False,False,1/11/2014,,,1/11/2014,System.Byte[],Waived current late fee 1.
,118212,511392,1495,123870,2505329,118491,1486223,1179,88,604537,1/11/2014,15.0000,False,False,1/11/2014,,,1/11/2014,System.Byte[],Waived current late fee 2.
,118212,511393,1495,123870,2505329,118491,1486223,1179,88,604537,1/11/2014,-15.0000,False,False,1/11/2014,,,1/11/2014,System.Byte[],Waived current late fee 2.
,117792,512430,1495,124051,2509476,118031,1488191,93,88,604988,1/14/2014,15.0000,False,False,1/14/2014,,,1/14/2014,System.Byte[],Waived current late fee 1.
,117792,512431,1495,124051,2509476,118031,1488191,93,88,604988,1/14/2014,-15.0000,False,False,1/14/2014,,,1/14/2014,System.Byte[],Waived current late fee 1.
,115493,514190,1495,124261,2513697,123887,1490007,93,88,605393,1/17/2014,15.0000,False,False,1/17/2014,,,1/17/2014,System.Byte[],Waived current late fee 1.
,115493,514191,1495,124261,2513697,123887,1490007,93,88,605393,1/17/2014,-15.0000,False,False,1/17/2014,,,1/17/2014,System.Byte[],Waived current late fee 1.
,88954,514986,1495,124401,2516392,97377,1491269,93,88,605670,1/20/2014,15.0000,False,False,1/20/2014,,,1/20/2014,System.Byte[],Waived current late fee 1.
,88954,514987,1495,124401,2516392,97377,1491269,93,88,605670,1/20/2014,-15.0000,False,False,1/20/2014,,,1/20/2014,System.Byte[],Waived current late fee 1.
,125450,515074,1495,124401,2516687,124238,1491415,93,88,605730,1/20/2014,15.0000,False,False,1/20/2014,,,1/20/2014,System.Byte[],Waived current late fee 1.
,125450,515075,1495,124401,2516687,124238,1491415,93,88,605730,1/20/2014,-15.0000,False,False,1/20/2014,,,1/20/2014,System.Byte[],Waived current late fee 1.
,125450,515076,1495,124401,2516688,124242,1491415,93,88,605731,1/20/2014,15.0000,False,False,1/20/2014,,,1/20/2014,System.Byte[],Waived current late fee 1.
,125450,515077,1495,124401,2516688,124242,1491415,93,88,605731,1/20/2014,-15.0000,False,False,1/20/2014,,,1/20/2014,System.Byte[],Waived current late fee 1.
,121998,515166,1495,124499,2517155,120347,1491651,93,88,605779,1/21/2014,15.0000,False,False,1/21/2014,,,1/21/2014,System.Byte[],Waived current late fee 1.
,121998,515167,1495,124499,2517155,120347,1491651,93,88,605779,1/21/2014,-15.0000,False,False,1/21/2014,,,1/21/2014,System.Byte[],Waived current late fee 1.
,125330,515396,1495,124560,2518377,124107,1492307,1212,88,605893,1/22/2014,15.0000,False,False,1/22/2014,,,1/22/2014,System.Byte[],Waived current late fee 1.
,125330,515397,1495,124560,2518377,124107,1492307,1212,88,605893,1/22/2014,-15.0000,False,False,1/22/2014,,,1/22/2014,System.Byte[],Waived current late fee 1.
,122506,516722,1495,124998,2525262,120910,1496066,93,88,606787,1/29/2014,15.0000,False,False,1/29/2014,,,1/29/2014,System.Byte[],Waived current late fee 1.
,122506,516723,1495,124998,2525262,120910,1496066,93,88,606787,1/29/2014,-15.0000,False,False,1/29/2014,,,1/29/2014,System.Byte[],Waived current late fee 1.
,80049,518232,1495,125274,2538888,86393,1505095,93,88,607687,2/3/2014,15.0000,False,False,2/3/2014,,,2/3/2014,System.Byte[],Waived current late fee 1.
,80049,518233,1495,125274,2538888,86393,1505095,93,88,607687,2/3/2014,-15.0000,False,False,2/3/2014,,,2/3/2014,System.Byte[],Waived current late fee 1.
,1506,523192,1495,125903,2561129,1712,1518008,93,88,609827,2/14/2014,15.0000,False,False,2/14/2014,,,2/14/2014,System.Byte[],Waived current late fee 1.
,1506,523193,1495,125903,2561129,1712,1518008,93,88,609827,2/14/2014,-15.0000,False,False,2/14/2014,,,2/14/2014,System.Byte[],Waived current late fee 1.
,54494,523294,1495,125903,2561602,61331,1518212,93,88,609885,2/14/2014,15.0000,False,False,2/14/2014,,,2/14/2014,System.Byte[],Waived current late fee 2.
,54494,523295,1495,125903,2561602,61331,1518212,93,88,609885,2/14/2014,-15.0000,False,False,2/14/2014,,,2/14/2014,System.Byte[],Waived current late fee 2.
,1538,523296,1495,125903,2561635,1745,1518223,93,88,609889,2/14/2014,15.0000,False,False,2/14/2014,,,2/14/2014,System.Byte[],Waived current late fee 1.
,1538,523297,1495,125903,2561635,1745,1518223,93,88,609889,2/14/2014,-15.0000,False,False,2/14/2014,,,2/14/2014,System.Byte[],Waived current late fee 1.
,1321,524036,1495,126245,2564142,1524,1519485,93,88,610141,2/17/2014,15.0000,False,False,2/17/2014,,,2/17/2014,System.Byte[],Waived current late fee 1.
,1321,524037,1495,126245,2564142,1524,1519485,93,88,610141,2/17/2014,-15.0000,False,False,2/17/2014,,,2/17/2014,System.Byte[],Waived current late fee 1.
,1293,524330,1495,126351,2565185,80082,1519946,93,88,610253,2/18/2014,15.0000,False,False,2/18/2014,,,2/18/2014,System.Byte[],Waived current late fee 1.
,1293,524331,1495,126351,2565185,80082,1519946,93,88,610253,2/18/2014,-15.0000,False,False,2/18/2014,,,2/18/2014,System.Byte[],Waived current late fee 1.
,1293,524332,1495,126351,2565186,129211,1519946,93,88,610254,2/18/2014,15.0000,False,False,2/18/2014,,,2/18/2014,System.Byte[],Waived current late fee 1.
,1293,524333,1495,126351,2565186,129211,1519946,93,88,610254,2/18/2014,-15.0000,False,False,2/18/2014,,,2/18/2014,System.Byte[],Waived current late fee 1.
,122415,524368,1495,126351,2565471,120813,1520094,93,88,610273,2/18/2014,15.0000,False,False,2/18/2014,,,2/18/2014,System.Byte[],Waived current late fee 1.
,122415,524369,1495,126351,2565471,120813,1520094,93,88,610273,2/18/2014,-15.0000,False,False,2/18/2014,,,2/18/2014,System.Byte[],Waived current late fee 1.
,122415,524370,1495,126351,2565472,120813,1520094,93,88,610274,2/18/2014,15.0000,False,False,2/18/2014,,,2/18/2014,System.Byte[],Waived current late fee 2.
,122415,524371,1495,126351,2565472,120813,1520094,93,88,610274,2/18/2014,-15.0000,False,False,2/18/2014,,,2/18/2014,System.Byte[],Waived current late fee 2.
,91744,525571,1495,126624,2569890,98754,1522087,93,88,610705,2/21/2014,15.0000,False,False,2/21/2014,,,2/21/2014,System.Byte[],Waived current late fee 1.
,91744,525572,1495,126624,2569890,98754,1522087,93,88,610705,2/21/2014,-15.0000,False,False,2/21/2014,,,2/21/2014,System.Byte[],Waived current late fee 1.
,75543,525723,1495,126624,2570498,81652,1522387,1179,88,610776,2/22/2014,15.0000,False,False,2/22/2014,,,2/22/2014,System.Byte[],Waived current late fee 1.
,75543,525724,1495,126624,2570498,81652,1522387,1179,88,610776,2/22/2014,-15.0000,False,False,2/22/2014,,,2/22/2014,System.Byte[],Waived current late fee 1.
,43761,526339,1495,126794,2573604,49648,1523942,93,88,611095,2/25/2014,15.0000,False,False,2/25/2014,,,2/25/2014,System.Byte[],Waived current late fee 2.
,43761,526340,1495,126794,2573604,49648,1523942,93,88,611095,2/25/2014,-15.0000,False,False,2/25/2014,,,2/25/2014,System.Byte[],Waived current late fee 2.
,121098,527962,1495,127078,2581481,119269,1528157,93,88,611838,3/1/2014,15.0000,False,False,3/1/2014,,,3/1/2014,System.Byte[],Waived current late fee 1.
,121098,527963,1495,127078,2581481,119269,1528157,93,88,611838,3/1/2014,-15.0000,False,False,3/1/2014,,,3/1/2014,System.Byte[],Waived current late fee 1.
,121098,527964,1495,127078,2581482,119270,1528157,93,88,611839,3/1/2014,15.0000,False,False,3/1/2014,,,3/1/2014,System.Byte[],Waived current late fee 1.
,121098,527965,1495,127078,2581482,119270,1528157,93,88,611839,3/1/2014,-15.0000,False,False,3/1/2014,,,3/1/2014,System.Byte[],Waived current late fee 1.
,121098,527966,1495,127078,2581483,119313,1528157,93,88,611840,3/1/2014,15.0000,False,False,3/1/2014,,,3/1/2014,System.Byte[],Waived current late fee 1.
,121098,527967,1495,127078,2581483,119313,1528157,93,88,611840,3/1/2014,-15.0000,False,False,3/1/2014,,,3/1/2014,System.Byte[],Waived current late fee 1.
,1383,528036,1495,127078,2583225,1586,1529257,93,88,611865,3/1/2014,15.0000,False,False,3/1/2014,,,3/1/2014,System.Byte[],Waived current late fee 1.
,1383,528037,1495,127078,2583225,1586,1529257,93,88,611865,3/1/2014,-15.0000,False,False,3/1/2014,,,3/1/2014,System.Byte[],Waived current late fee 1.
,48084,528778,1495,127152,2592483,54563,1534785,93,88,612104,3/3/2014,15.0000,False,False,3/3/2014,,,3/3/2014,System.Byte[],Waived current late fee 1.
,48084,528779,1495,127152,2592483,54563,1534785,93,88,612104,3/3/2014,-15.0000,False,False,3/3/2014,,,3/3/2014,System.Byte[],Waived current late fee 1.
,80988,531896,1495,127681,2608593,87578,1544232,93,88,613429,3/10/2014,15.0000,False,False,3/10/2014,,,3/10/2014,System.Byte[],Waived current late fee 2.
,80988,531897,1495,127681,2608593,87578,1544232,93,88,613429,3/10/2014,-15.0000,False,False,3/10/2014,,,3/10/2014,System.Byte[],Waived current late fee 2.
,94348,532497,1495,127800,2611657,114530,1545926,93,88,613705,3/11/2014,15.0000,False,False,3/11/2014,,,3/11/2014,System.Byte[],Waived current late fee 1.
,94348,532498,1495,127800,2611657,114530,1545926,93,88,613705,3/11/2014,-15.0000,False,False,3/11/2014,,,3/11/2014,System.Byte[],Waived current late fee 1.
,1439,532743,1495,127800,2612231,1645,1546213,93,88,613820,3/11/2014,15.0000,False,False,3/11/2014,,,3/11/2014,System.Byte[],Waived current late fee 1.
,1439,532744,1495,127800,2612231,1645,1546213,93,88,613820,3/11/2014,-15.0000,False,False,3/11/2014,,,3/11/2014,System.Byte[],Waived current late fee 1.
,48348,532913,1495,127800,2612617,54734,1546378,93,88,613871,3/11/2014,15.0000,False,False,3/11/2014,,,3/11/2014,System.Byte[],Waived current late fee 1.
,48348,532914,1495,127800,2612617,54734,1546378,93,88,613871,3/11/2014,-15.0000,False,False,3/11/2014,,,3/11/2014,System.Byte[],Waived current late fee 1.
,121903,534623,1495,127955,2615978,120228,1547743,93,88,614245,3/13/2014,15.0000,False,False,3/13/2014,,,3/13/2014,System.Byte[],Waived current late fee 1.
,121903,534624,1495,127955,2615978,120228,1547743,93,88,614245,3/13/2014,-15.0000,False,False,3/13/2014,,,3/13/2014,System.Byte[],Waived current late fee 1.
,89825,534787,1495,127955,2616533,96587,1548004,1179,88,614304,3/13/2014,15.0000,False,False,3/13/2014,,,3/13/2014,System.Byte[],Waived current late fee 1.
,89825,534788,1495,127955,2616533,96587,1548004,1179,88,614304,3/13/2014,-15.0000,False,False,3/13/2014,,,3/13/2014,System.Byte[],Waived current late fee 1.
,116261,536941,1495,128174,2621734,116425,1550110,93,88,614725,3/17/2014,15.0000,False,False,3/17/2014,,,3/17/2014,System.Byte[],Waived current late fee 1.
,116261,536942,1495,128174,2621734,116425,1550110,93,88,614725,3/17/2014,-15.0000,False,False,3/17/2014,,,3/17/2014,System.Byte[],Waived current late fee 1.
,1304,537123,1495,128174,2622291,1507,1550392,1179,88,614788,3/17/2014,15.0000,False,False,3/17/2014,,,3/17/2014,System.Byte[],Waived current late fee 2.
,1304,537124,1495,128174,2622291,1507,1550392,1179,88,614788,3/17/2014,-15.0000,False,False,3/17/2014,,,3/17/2014,System.Byte[],Waived current late fee 2.
,91744,537339,1495,128279,2623123,98754,1550821,93,88,614886,3/18/2014,15.0000,False,False,3/18/2014,,,3/18/2014,System.Byte[],Waived current late fee 1.
,91744,537340,1495,128279,2623123,98754,1550821,93,88,614886,3/18/2014,-15.0000,False,False,3/18/2014,,,3/18/2014,System.Byte[],Waived current late fee 1.
,108544,538007,1495,128487,2626018,118218,1552274,93,88,615182,3/21/2014,15.0000,False,False,3/21/2014,,,3/21/2014,System.Byte[],Waived current late fee 1.
,108544,538008,1495,128487,2626018,118218,1552274,93,88,615182,3/21/2014,-15.0000,False,False,3/21/2014,,,3/21/2014,System.Byte[],Waived current late fee 1.
,114100,538009,1495,128487,2626033,114061,1552283,93,88,615183,3/21/2014,15.0000,False,False,3/21/2014,,,3/21/2014,System.Byte[],Waived current late fee 1.
,114100,538010,1495,128487,2626033,114061,1552283,93,88,615183,3/21/2014,-15.0000,False,False,3/21/2014,,,3/21/2014,System.Byte[],Waived current late fee 1.
,1408,538919,1495,128625,2629564,1613,1554061,93,88,615538,3/24/2014,15.0000,False,False,3/24/2014,,,3/24/2014,System.Byte[],Waived current late fee 1.
,1408,538920,1495,128625,2629564,1613,1554061,93,88,615538,3/24/2014,-15.0000,False,False,3/24/2014,,,3/24/2014,System.Byte[],Waived current late fee 1.
,118294,539668,1495,128871,2632854,120082,1555776,93,88,615892,3/27/2014,15.0000,False,False,3/27/2014,,,3/27/2014,System.Byte[],Waived current late fee 1.
,118294,539669,1495,128871,2632854,120082,1555776,93,88,615892,3/27/2014,-15.0000,False,False,3/27/2014,,,3/27/2014,System.Byte[],Waived current late fee 1.
,78912,539840,1495,128943,2633670,85272,1556231,93,88,615987,3/28/2014,15.0000,False,False,3/28/2014,,,3/28/2014,System.Byte[],Waived current late fee 1.
,78912,539841,1495,128943,2633670,85272,1556231,93,88,615987,3/28/2014,-15.0000,False,False,3/28/2014,,,3/28/2014,System.Byte[],Waived current late fee 1.
,1383,539906,1495,128943,2634165,1586,1556507,93,88,616028,3/28/2014,15.0000,False,False,3/28/2014,,,3/28/2014,System.Byte[],Waived current late fee 1.
,1383,539907,1495,128943,2634165,1586,1556507,93,88,616028,3/28/2014,-15.0000,False,False,3/28/2014,,,3/28/2014,System.Byte[],Waived current late fee 1.
,122852,539922,1495,128943,2634219,1589,1556537,93,88,616037,3/28/2014,15.0000,False,False,3/28/2014,,,3/28/2014,System.Byte[],Waived current late fee 1.
,122852,539923,1495,128943,2634219,1589,1556537,93,88,616037,3/28/2014,-15.0000,False,False,3/28/2014,,,3/28/2014,System.Byte[],Waived current late fee 1.
,122852,539924,1495,128943,2634220,1827,1556537,93,88,616038,3/28/2014,15.0000,False,False,3/28/2014,,,3/28/2014,System.Byte[],Waived current late fee 1.
,122852,539925,1495,128943,2634220,1827,1556537,93,88,616038,3/28/2014,-15.0000,False,False,3/28/2014,,,3/28/2014,System.Byte[],Waived current late fee 1.
,95559,541673,1495,129274,2650734,102788,1566302,93,88,616782,4/2/2014,15.0000,False,False,4/2/2014,,,4/2/2014,System.Byte[],Waived current late fee 1.
,95559,541674,1495,129274,2650734,102788,1566302,93,88,616782,4/2/2014,-15.0000,False,False,4/2/2014,,,4/2/2014,System.Byte[],Waived current late fee 1.
,121098,542721,1495,129510,2658143,119269,1570688,93,88,617226,4/5/2014,15.0000,False,False,4/5/2014,,,4/5/2014,System.Byte[],Waived current late fee 1.
,121098,542722,1495,129510,2658143,119269,1570688,93,88,617226,4/5/2014,-15.0000,False,False,4/5/2014,,,4/5/2014,System.Byte[],Waived current late fee 1.
,121098,542723,1495,129510,2658144,119270,1570688,93,88,617227,4/5/2014,15.0000,False,False,4/5/2014,,,4/5/2014,System.Byte[],Waived current late fee 1.
,121098,542724,1495,129510,2658144,119270,1570688,93,88,617227,4/5/2014,-15.0000,False,False,4/5/2014,,,4/5/2014,System.Byte[],Waived current late fee 1.
,121098,542725,1495,129510,2658145,119313,1570688,93,88,617228,4/5/2014,15.0000,False,False,4/5/2014,,,4/5/2014,System.Byte[],Waived current late fee 1.
,121098,542726,1495,129510,2658145,119313,1570688,93,88,617228,4/5/2014,-15.0000,False,False,4/5/2014,,,4/5/2014,System.Byte[],Waived current late fee 1.
,130807,545769,1495,130024,2671550,131566,1577746,1179,88,618207,4/12/2014,15.0000,False,False,4/12/2014,,,4/12/2014,System.Byte[],Waived current late fee 1.
,130807,545770,1495,130024,2671550,131566,1577746,1179,88,618207,4/12/2014,-15.0000,False,False,4/12/2014,,,4/12/2014,System.Byte[],Waived current late fee 1.
,130807,545771,1495,130024,2671551,131566,1577746,1179,88,618208,4/12/2014,15.0000,False,False,4/12/2014,,,4/12/2014,System.Byte[],Waived current late fee 2.
,130807,545772,1495,130024,2671551,131566,1577746,1179,88,618208,4/12/2014,-15.0000,False,False,4/12/2014,,,4/12/2014,System.Byte[],Waived current late fee 2.
,1465,546303,1495,130095,2673564,1671,1578752,93,88,618389,4/14/2014,15.0000,False,False,4/14/2014,,,4/14/2014,System.Byte[],Waived current late fee 2.
,1465,546304,1495,130095,2673564,1671,1578752,93,88,618389,4/14/2014,-15.0000,False,False,4/14/2014,,,4/14/2014,System.Byte[],Waived current late fee 2.
,115493,546385,1495,130095,2673917,123887,1578935,93,88,618431,4/14/2014,15.0000,False,False,4/14/2014,,,4/14/2014,System.Byte[],Waived current late fee 1.
,115493,546386,1495,130095,2673917,123887,1578935,93,88,618431,4/14/2014,-15.0000,False,False,4/14/2014,,,4/14/2014,System.Byte[],Waived current late fee 1.
,61636,547135,1495,130349,2677242,68702,1580599,93,88,618738,4/17/2014,15.0000,False,False,4/17/2014,,,4/17/2014,System.Byte[],Waived current late fee 1.
,61636,547136,1495,130349,2677242,68702,1580599,93,88,618738,4/17/2014,-15.0000,False,False,4/17/2014,,,4/17/2014,System.Byte[],Waived current late fee 1.
,61636,547137,1495,130349,2677243,68702,1580599,93,88,618739,4/17/2014,15.0000,False,False,4/17/2014,,,4/17/2014,System.Byte[],Waived current late fee 2.
,61636,547138,1495,130349,2677243,68702,1580599,93,88,618739,4/17/2014,-15.0000,False,False,4/17/2014,,,4/17/2014,System.Byte[],Waived current late fee 2.
,129924,547597,1495,130487,2679564,131844,1581760,1179,88,618965,4/19/2014,15.0000,False,False,4/19/2014,,,4/19/2014,System.Byte[],Waived current late fee 1.
,129924,547598,1495,130487,2679564,131844,1581760,1179,88,618965,4/19/2014,-15.0000,False,False,4/19/2014,,,4/19/2014,System.Byte[],Waived current late fee 1.
,75543,548039,1495,130638,2681482,81652,1582823,93,88,619155,4/22/2014,15.0000,False,False,4/22/2014,,,4/22/2014,System.Byte[],Waived current late fee 1.
,75543,548040,1495,130638,2681482,81652,1582823,93,88,619155,4/22/2014,-15.0000,False,False,4/22/2014,,,4/22/2014,System.Byte[],Waived current late fee 1.
,132079,548141,1495,130638,2682048,132962,1583121,93,88,619242,4/22/2014,15.0000,False,False,4/22/2014,,,4/22/2014,System.Byte[],Waived current late fee 1.
,132079,548142,1495,130638,2682048,132962,1583121,93,88,619242,4/22/2014,-15.0000,False,False,4/22/2014,,,4/22/2014,System.Byte[],Waived current late fee 1.
,85952,548733,1495,130775,2684323,93143,1584240,93,88,619490,4/24/2014,15.0000,False,False,4/24/2014,,,4/24/2014,System.Byte[],Waived current late fee 2.
,85952,548734,1495,130775,2684323,93143,1584240,93,88,619490,4/24/2014,-15.0000,False,False,4/24/2014,,,4/24/2014,System.Byte[],Waived current late fee 2.
,94348,548937,1495,130844,2685012,114530,1584540,93,88,619536,4/25/2014,15.0000,False,False,4/25/2014,,,4/25/2014,System.Byte[],Waived current late fee 2.
,94348,548938,1495,130844,2685012,114530,1584540,93,88,619536,4/25/2014,-15.0000,False,False,4/25/2014,,,4/25/2014,System.Byte[],Waived current late fee 2.
,1359,549577,1495,130983,2688111,1562,1586182,93,88,619840,4/28/2014,15.0000,False,False,4/28/2014,,,4/28/2014,System.Byte[],Waived current late fee 1.
,1359,549578,1495,130983,2688111,1562,1586182,93,88,619840,4/28/2014,-15.0000,False,False,4/28/2014,,,4/28/2014,System.Byte[],Waived current late fee 1.
,132883,552292,1495,131485,2711612,133772,1600062,93,88,620962,5/5/2014,15.0000,False,False,5/5/2014,,,5/5/2014,System.Byte[],Waived current late fee 1.
,132883,552293,1495,131485,2711612,133772,1600062,93,88,620962,5/5/2014,-15.0000,False,False,5/5/2014,,,5/5/2014,System.Byte[],Waived current late fee 1.
,121414,552338,1495,131485,2711958,119587,1600260,93,88,620985,5/5/2014,15.0000,False,False,5/5/2014,,,5/5/2014,System.Byte[],Waived current late fee 1.
,121414,552339,1495,131485,2711958,119587,1600260,93,88,620985,5/5/2014,-15.0000,False,False,5/5/2014,,,5/5/2014,System.Byte[],Waived current late fee 1.
,80344,553174,1495,131696,2716354,86852,1602743,1212,88,621361,5/7/2014,15.0000,False,False,5/7/2014,,,5/7/2014,System.Byte[],Waived current late fee 1.
,80344,553175,1495,131696,2716354,86852,1602743,1212,88,621361,5/7/2014,-15.0000,False,False,5/7/2014,,,5/7/2014,System.Byte[],Waived current late fee 1.
,80344,553176,1495,131696,2716355,86856,1602743,1212,88,621362,5/7/2014,15.0000,False,False,5/7/2014,,,5/7/2014,System.Byte[],Waived current late fee 1.
,80344,553177,1495,131696,2716355,86856,1602743,1212,88,621362,5/7/2014,-15.0000,False,False,5/7/2014,,,5/7/2014,System.Byte[],Waived current late fee 1.
,1566,553836,1495,131849,2719771,44381,1604631,93,88,621637,5/9/2014,15.0000,False,False,5/9/2014,,,5/9/2014,System.Byte[],Waived current late fee 1.
,1566,553837,1495,131849,2719771,44381,1604631,93,88,621637,5/9/2014,-15.0000,False,False,5/9/2014,,,5/9/2014,System.Byte[],Waived current late fee 1.
,1293,556352,1495,132324,2729832,80082,1609546,93,88,622569,5/16/2014,15.0000,False,False,5/16/2014,,,5/16/2014,System.Byte[],Waived current late fee 1.
,1293,556353,1495,132324,2729832,80082,1609546,93,88,622569,5/16/2014,-15.0000,False,False,5/16/2014,,,5/16/2014,System.Byte[],Waived current late fee 1.
,1293,556354,1495,132324,2729833,129211,1609546,93,88,622570,5/16/2014,15.0000,False,False,5/16/2014,,,5/16/2014,System.Byte[],Waived current late fee 1.
,1293,556355,1495,132324,2729833,129211,1609546,93,88,622570,5/16/2014,-15.0000,False,False,5/16/2014,,,5/16/2014,System.Byte[],Waived current late fee 1.
,86147,557052,1495,132395,2731598,93355,1610355,93,88,622753,5/17/2014,15.0000,False,False,5/17/2014,,,5/17/2014,System.Byte[],Waived current late fee 1.
,86147,557053,1495,132395,2731598,93355,1610355,93,88,622753,5/17/2014,-15.0000,False,False,5/17/2014,,,5/17/2014,System.Byte[],Waived current late fee 1.
,59919,557730,1495,132579,2734742,66820,1611978,93,88,623055,5/20/2014,15.0000,False,False,5/20/2014,,,5/20/2014,System.Byte[],Waived current late fee 1.
,59919,557731,1495,132579,2734742,66820,1611978,93,88,623055,5/20/2014,-15.0000,False,False,5/20/2014,,,5/20/2014,System.Byte[],Waived current late fee 1.
,1440,558570,1495,132846,2738625,137149,1613933,1179,88,623532,5/24/2014,15.0000,False,False,5/24/2014,,,5/24/2014,System.Byte[],Waived current late fee 1.
,1440,558571,1495,132846,2738625,137149,1613933,1179,88,623532,5/24/2014,-15.0000,False,False,5/24/2014,,,5/24/2014,System.Byte[],Waived current late fee 1.
,1440,558572,1495,132846,2738626,137149,1613933,1179,88,623533,5/24/2014,15.0000,False,False,5/24/2014,,,5/24/2014,System.Byte[],Waived current late fee 1.
,1440,558573,1495,132846,2738626,137149,1613933,1179,88,623533,5/24/2014,-15.0000,False,False,5/24/2014,,,5/24/2014,System.Byte[],Waived current late fee 1.
,1359,559010,1495,132919,2740913,1562,1615115,93,88,623798,5/27/2014,15.0000,False,False,5/27/2014,,,5/27/2014,System.Byte[],Waived current late fee 1.
,1359,559011,1495,132919,2740913,1562,1615115,93,88,623798,5/27/2014,-15.0000,False,False,5/27/2014,,,5/27/2014,System.Byte[],Waived current late fee 1.
,120888,559022,1495,132919,2740975,119031,1615146,93,88,623805,5/27/2014,15.0000,False,False,5/27/2014,,,5/27/2014,System.Byte[],Waived current late fee 1.
,120888,559023,1495,132919,2740975,119031,1615146,93,88,623805,5/27/2014,-15.0000,False,False,5/27/2014,,,5/27/2014,System.Byte[],Waived current late fee 1.
,131032,559787,1495,133212,2745334,131853,1617538,1179,88,624271,5/30/2014,15.0000,False,False,5/30/2014,,,5/30/2014,System.Byte[],Waived current late fee 1.
,131032,559788,1495,133212,2745334,131853,1617538,1179,88,624271,5/30/2014,-15.0000,False,False,5/30/2014,,,5/30/2014,System.Byte[],Waived current late fee 1.
,132715,567803,1495,133508,2782148,133583,1639489,93,88,630824,6/3/2014,15.0000,False,False,6/3/2014,,,6/3/2014,System.Byte[],Waived current late fee 1.
,132715,567804,1495,133508,2782148,133583,1639489,93,88,630824,6/3/2014,-15.0000,False,False,6/3/2014,,,6/3/2014,System.Byte[],Waived current late fee 1.
,130333,573593,1495,135456,2808104,131073,1653146,93,88,633790,6/17/2014,15.0000,False,False,6/17/2014,,,6/17/2014,System.Byte[],Waived current late fee 1.
,130333,573594,1495,135456,2808104,131073,1653146,93,88,633790,6/17/2014,-15.0000,False,False,6/17/2014,,,6/17/2014,System.Byte[],Waived current late fee 1.
,134026,575689,1495,135991,2817376,134996,1657669,93,88,634825,6/24/2014,15.0000,False,False,6/24/2014,,,6/24/2014,System.Byte[],Waived current late fee 1.
,134026,575690,1495,135991,2817376,134996,1657669,93,88,634825,6/24/2014,-15.0000,False,False,6/24/2014,,,6/24/2014,System.Byte[],Waived current late fee 1.
,136078,575749,1495,135991,2817771,137163,1657862,1212,88,634859,6/25/2014,15.0000,False,False,6/25/2014,,,6/25/2014,System.Byte[],Waived current late fee 1.
,136078,575750,1495,135991,2817771,137163,1657862,1212,88,634859,6/25/2014,-15.0000,False,False,6/25/2014,,,6/25/2014,System.Byte[],Waived current late fee 1.
,1564,575821,1495,135991,2818121,1773,1658026,1212,88,634899,6/25/2014,15.0000,False,False,6/25/2014,,,6/25/2014,System.Byte[],Waived current late fee 1.
,1564,575822,1495,135991,2818121,1773,1658026,1212,88,634899,6/25/2014,-15.0000,False,False,6/25/2014,,,6/25/2014,System.Byte[],Waived current late fee 1.
,1322,575963,1495,136053,2818877,1525,1658436,93,88,634998,6/26/2014,15.0000,False,False,6/26/2014,,,6/26/2014,System.Byte[],Waived current late fee 1.
,1322,575964,1495,136053,2818877,1525,1658436,93,88,634998,6/26/2014,-15.0000,False,False,6/26/2014,,,6/26/2014,System.Byte[],Waived current late fee 1.
,108855,577035,1495,136262,2824187,109334,1661235,93,88,635590,6/30/2014,15.0000,False,False,6/30/2014,,,6/30/2014,System.Byte[],Waived current late fee 1.
,108855,577036,1495,136262,2824187,109334,1661235,93,88,635590,6/30/2014,-15.0000,False,False,6/30/2014,,,6/30/2014,System.Byte[],Waived current late fee 1.
,125548,577077,1495,136262,2824414,124359,1661406,93,88,635605,6/30/2014,15.0000,False,False,6/30/2014,,,6/30/2014,System.Byte[],Waived current late fee 1.
,125548,577078,1495,136262,2824414,124359,1661406,93,88,635605,6/30/2014,-15.0000,False,False,6/30/2014,,,6/30/2014,System.Byte[],Waived current late fee 1.
,19424,577087,1495,136262,2824543,50682,1661478,93,88,635616,6/30/2014,15.0000,False,False,6/30/2014,,,6/30/2014,System.Byte[],Waived current late fee 1.
,19424,577088,1495,136262,2824543,50682,1661478,93,88,635616,6/30/2014,-15.0000,False,False,6/30/2014,,,6/30/2014,System.Byte[],Waived current late fee 1.
,122852,578767,1495,136638,2844230,121252,1673515,1179,88,636481,7/5/2014,15.0000,False,False,7/5/2014,,,7/5/2014,System.Byte[],Waived current late fee 1.
,122852,578768,1495,136638,2844230,121252,1673515,1179,88,636481,7/5/2014,-15.0000,False,False,7/5/2014,,,7/5/2014,System.Byte[],Waived current late fee 1.
,137000,579183,1495,136745,2847412,138112,1675454,93,88,636737,7/7/2014,15.0000,False,False,7/7/2014,,,7/7/2014,System.Byte[],Waived current late fee 1.
,137000,579184,1495,136745,2847412,138112,1675454,93,88,636737,7/7/2014,-15.0000,False,False,7/7/2014,,,7/7/2014,System.Byte[],Waived current late fee 1.
,1322,579461,1495,136745,2848593,1525,1676123,93,88,636879,7/7/2014,15.0000,False,False,7/7/2014,,,7/7/2014,System.Byte[],Waived current late fee 2.
,1322,579462,1495,136745,2848593,1525,1676123,93,88,636879,7/7/2014,-15.0000,False,False,7/7/2014,,,7/7/2014,System.Byte[],Waived current late fee 2.
,1307,580457,1495,136877,2851777,1510,1677945,93,88,637252,7/8/2014,15.0000,False,False,7/8/2014,,,7/8/2014,System.Byte[],Waived current late fee 1.
,1307,580458,1495,136877,2851777,1510,1677945,93,88,637252,7/8/2014,-15.0000,False,False,7/8/2014,,,7/8/2014,System.Byte[],Waived current late fee 1.
,133165,580895,1495,136877,2853598,134093,1678834,1212,88,637358,7/9/2014,15.0000,False,False,7/9/2014,,,7/9/2014,System.Byte[],Waived current late fee 1.
,133165,580896,1495,136877,2853598,134093,1678834,1212,88,637358,7/9/2014,-15.0000,False,False,7/9/2014,,,7/9/2014,System.Byte[],Waived current late fee 1.
,133165,580897,1495,136877,2853599,135125,1678834,1212,88,637359,7/9/2014,15.0000,False,False,7/9/2014,,,7/9/2014,System.Byte[],Waived current late fee 1.
,133165,580898,1495,136877,2853599,135125,1678834,1212,88,637359,7/9/2014,-15.0000,False,False,7/9/2014,,,7/9/2014,System.Byte[],Waived current late fee 1.
,138531,581511,1495,137022,2855757,140985,1679923,93,88,637525,7/10/2014,15.0000,False,False,7/10/2014,,,7/10/2014,System.Byte[],Waived current late fee 1.
,138531,581512,1495,137022,2855757,140985,1679923,93,88,637525,7/10/2014,-15.0000,False,False,7/10/2014,,,7/10/2014,System.Byte[],Waived current late fee 1.
,138633,581637,1495,137022,2856204,139910,1680155,93,88,637562,7/10/2014,15.0000,False,False,7/10/2014,,,7/10/2014,System.Byte[],Waived current late fee 1.
,138633,581638,1495,137022,2856204,139910,1680155,93,88,637562,7/10/2014,-15.0000,False,False,7/10/2014,,,7/10/2014,System.Byte[],Waived current late fee 1.
,108414,583955,1495,137370,2864597,108891,1684278,93,88,638625,7/15/2014,15.0000,False,False,7/15/2014,,,7/15/2014,System.Byte[],Waived current late fee 1.
,108414,583956,1495,137370,2864597,108891,1684278,93,88,638625,7/15/2014,-15.0000,False,False,7/15/2014,,,7/15/2014,System.Byte[],Waived current late fee 1.
,130079,584047,1495,137370,2864998,130811,1684464,93,88,638673,7/15/2014,15.0000,False,False,7/15/2014,,,7/15/2014,System.Byte[],Waived current late fee 1.
,130079,584048,1495,137370,2864998,130811,1684464,93,88,638673,7/15/2014,-15.0000,False,False,7/15/2014,,,7/15/2014,System.Byte[],Waived current late fee 1.
,118103,584855,1495,137593,2868220,118366,1686026,93,88,639036,7/18/2014,15.0000,False,False,7/18/2014,,,7/18/2014,System.Byte[],Waived current late fee 1.
,118103,584856,1495,137593,2868220,118366,1686026,93,88,639036,7/18/2014,-15.0000,False,False,7/18/2014,,,7/18/2014,System.Byte[],Waived current late fee 1.
,1465,584917,1495,137593,2868436,1671,1686124,93,88,639061,7/18/2014,15.0000,False,False,7/18/2014,,,7/18/2014,System.Byte[],Waived current late fee 1.
,1465,584918,1495,137593,2868436,1671,1686124,93,88,639061,7/18/2014,-15.0000,False,False,7/18/2014,,,7/18/2014,System.Byte[],Waived current late fee 1.
,1465,584919,1495,137593,2868437,1671,1686124,93,88,639062,7/18/2014,15.0000,False,False,7/18/2014,,,7/18/2014,System.Byte[],Waived current late fee 2.
,1465,584920,1495,137593,2868437,1671,1686124,93,88,639062,7/18/2014,-15.0000,False,False,7/18/2014,,,7/18/2014,System.Byte[],Waived current late fee 2.
,134799,585095,1495,137593,2868986,135789,1686376,93,88,639116,7/18/2014,15.0000,False,False,7/18/2014,,,7/18/2014,System.Byte[],Waived current late fee 2.
,134799,585096,1495,137593,2868986,135789,1686376,93,88,639116,7/18/2014,-15.0000,False,False,7/18/2014,,,7/18/2014,System.Byte[],Waived current late fee 2.
,139738,585759,1495,137727,2871721,141041,1687737,93,88,639386,7/21/2014,15.0000,False,False,7/21/2014,,,7/21/2014,System.Byte[],Waived current late fee 1.
,139738,585760,1495,137727,2871721,141041,1687737,93,88,639386,7/21/2014,-15.0000,False,False,7/21/2014,,,7/21/2014,System.Byte[],Waived current late fee 1.
,54494,586527,1495,137973,2874770,61331,1689311,93,88,639747,7/24/2014,15.0000,False,False,7/24/2014,,,7/24/2014,System.Byte[],Waived current late fee 2.
,54494,586528,1495,137973,2874770,61331,1689311,93,88,639747,7/24/2014,-15.0000,False,False,7/24/2014,,,7/24/2014,System.Byte[],Waived current late fee 2.
,134924,586921,1495,138043,2876844,135918,1690309,93,88,639927,7/25/2014,5.0000,False,False,7/25/2014,,,7/25/2014,System.Byte[],Waived current late fee 1.
,134924,586922,1495,138043,2876844,135918,1690309,93,88,639927,7/25/2014,-5.0000,False,False,7/25/2014,,,7/25/2014,System.Byte[],Waived current late fee 1.
,134924,586923,1495,138043,2876845,135918,1690309,93,88,639928,7/25/2014,15.0000,False,False,7/25/2014,,,7/25/2014,System.Byte[],Waived current late fee 2.
,134924,586924,1495,138043,2876845,135918,1690309,93,88,639928,7/25/2014,-15.0000,False,False,7/25/2014,,,7/25/2014,System.Byte[],Waived current late fee 2.
,138788,586945,1495,138043,2876968,140044,1690369,93,88,639943,7/25/2014,15.0000,False,False,7/25/2014,,,7/25/2014,System.Byte[],Waived current late fee 2.
,138788,586946,1495,138043,2876968,140044,1690369,93,88,639943,7/25/2014,-15.0000,False,False,7/25/2014,,,7/25/2014,System.Byte[],Waived current late fee 2.
,115493,588575,1495,138447,2885247,123887,1694688,93,88,640859,7/31/2014,15.0000,False,False,7/31/2014,,,7/31/2014,System.Byte[],Waived current late fee 1.
,115493,588576,1495,138447,2885247,123887,1694688,93,88,640859,7/31/2014,-15.0000,False,False,7/31/2014,,,7/31/2014,System.Byte[],Waived current late fee 1.
,136587,589621,1495,138602,2897161,144438,1701974,1179,88,641266,8/2/2014,15.0000,False,False,8/2/2014,,,8/2/2014,System.Byte[],Waived current late fee 1.
,136587,589622,1495,138602,2897161,144438,1701974,1179,88,641266,8/2/2014,-15.0000,False,False,8/2/2014,,,8/2/2014,System.Byte[],Waived current late fee 1.
,136906,590218,1495,138685,2901384,138008,1704422,93,88,641497,8/4/2014,15.0000,False,False,8/4/2014,,,8/4/2014,System.Byte[],Waived current late fee 1.
,136906,590219,1495,138685,2901384,138008,1704422,93,88,641497,8/4/2014,-15.0000,False,False,8/4/2014,,,8/4/2014,System.Byte[],Waived current late fee 1.
,134799,591128,1495,138910,2908272,135789,1708711,1212,88,641922,8/6/2014,15.0000,False,False,8/6/2014,,,8/6/2014,System.Byte[],Waived current late fee 1.
,134799,591129,1495,138910,2908272,135789,1708711,1212,88,641922,8/6/2014,-15.0000,False,False,8/6/2014,,,8/6/2014,System.Byte[],Waived current late fee 1.
,75664,1587261,1495,368904,8330712,81776,4799909,93,88,1168519,8/26/2019,15.0000,False,False,8/26/2019,,,8/26/2019,System.Byte[],Waived current late fee 1.
,75664,1587262,1495,368904,8330712,81776,4799909,93,88,1168519,8/26/2019,-15.0000,False,False,8/26/2019,,,8/26/2019,System.Byte[],Waived current late fee 1.
,420126,1587287,1495,368904,8331093,385796,4800128,2082,88,1168549,8/26/2019,15.0000,False,False,8/26/2019,,,8/26/2019,System.Byte[],Waived current late fee 1.
,420126,1587288,1495,368904,8331093,385796,4800128,2082,88,1168549,8/26/2019,-15.0000,False,False,8/26/2019,,,8/26/2019,System.Byte[],Waived current late fee 1.
,249181,1588779,1495,369161,8339623,239630,4805519,2082,88,1169388,9/3/2019,15.0000,False,False,9/3/2019,,,9/3/2019,System.Byte[],Waived current late fee 1.
,249181,1588780,1495,369161,8339623,239630,4805519,2082,88,1169388,9/3/2019,-15.0000,False,False,9/3/2019,,,9/3/2019,System.Byte[],Waived current late fee 1.
,422207,1591251,1495,369740,8353090,387617,4813190,2082,88,1170737,9/17/2019,15.0000,False,False,9/17/2019,,,9/17/2019,System.Byte[],Waived current late fee 1.
,422207,1591252,1495,369740,8353090,387617,4813190,2082,88,1170737,9/17/2019,-15.0000,False,False,9/17/2019,,,9/17/2019,System.Byte[],Waived current late fee 1.
,282952,1591689,1495,369861,8354804,265841,4814120,93,88,1170903,9/20/2019,25.0000,False,False,9/20/2019,,,9/20/2019,System.Byte[],Waived current late fee 2.
,282952,1591690,1495,369861,8354804,265841,4814120,93,88,1170903,9/20/2019,-25.0000,False,False,9/20/2019,,,9/20/2019,System.Byte[],Waived current late fee 2.
,267133,1591967,1495,369942,8356845,252010,4815264,93,88,1171091,9/23/2019,15.0000,False,False,9/23/2019,,,9/23/2019,System.Byte[],Waived current late fee 1.
,267133,1591968,1495,369942,8356845,252010,4815264,93,88,1171091,9/23/2019,-15.0000,False,False,9/23/2019,,,9/23/2019,System.Byte[],Waived current late fee 1.
,251177,1592577,1495,370126,8359933,238125,4816977,93,88,1171458,9/27/2019,15.0000,False,False,9/27/2019,,,9/27/2019,System.Byte[],Waived current late fee 1.
,251177,1592578,1495,370126,8359933,238125,4816977,93,88,1171458,9/27/2019,-15.0000,False,False,9/27/2019,,,9/27/2019,System.Byte[],Waived current late fee 1.
,371995,1592627,1495,370173,8360640,337605,4817401,93,88,1171576,9/28/2019,15.0000,False,False,9/28/2019,,,9/28/2019,System.Byte[],Waived current late fee 1.
,371995,1592628,1495,370173,8360640,337605,4817401,93,88,1171576,9/28/2019,-15.0000,False,False,9/28/2019,,,9/28/2019,System.Byte[],Waived current late fee 1.
,423019,1594493,1495,370487,8372863,388471,4825319,93,88,1172677,10/7/2019,15.0000,False,False,10/7/2019,,,10/7/2019,System.Byte[],Waived current late fee 1.
,423019,1594494,1495,370487,8372863,388471,4825319,93,88,1172677,10/7/2019,-15.0000,False,False,10/7/2019,,,10/7/2019,System.Byte[],Waived current late fee 1.
,298088,1595835,1495,370759,8378128,279220,4828188,93,88,1173477,10/14/2019,15.0000,False,False,10/14/2019,,,10/14/2019,System.Byte[],Waived current late fee 1.
,298088,1595836,1495,370759,8378128,279220,4828188,93,88,1173477,10/14/2019,-15.0000,False,False,10/14/2019,,,10/14/2019,System.Byte[],Waived current late fee 1.
,287354,1596257,1495,370911,8380212,269881,4829298,93,88,1173734,10/17/2019,15.0000,False,False,10/17/2019,,,10/17/2019,System.Byte[],Waived current late fee 1.
,287354,1596258,1495,370911,8380212,269881,4829298,93,88,1173734,10/17/2019,-15.0000,False,False,10/17/2019,,,10/17/2019,System.Byte[],Waived current late fee 1.
,357828,1597805,1495,371235,8386617,329222,4832726,93,88,1174563,10/26/2019,15.0000,False,False,10/26/2019,,,10/26/2019,System.Byte[],Waived current late fee 1.
,357828,1597806,1495,371235,8386617,329222,4832726,93,88,1174563,10/26/2019,-15.0000,False,False,10/26/2019,,,10/26/2019,System.Byte[],Waived current late fee 1.
,1568,1597887,1495,371279,8387242,1777,4833125,93,88,1174611,10/28/2019,15.0000,False,False,10/28/2019,,,10/28/2019,System.Byte[],Waived current late fee 1.
,1568,1597888,1495,371279,8387242,1777,4833125,93,88,1174611,10/28/2019,-15.0000,False,False,10/28/2019,,,10/28/2019,System.Byte[],Waived current late fee 1.
,249181,1598465,1495,371427,8390100,239630,4834786,93,88,1175031,10/31/2019,15.0000,False,False,10/31/2019,,,10/31/2019,System.Byte[],Waived current late fee 1.
,249181,1598466,1495,371427,8390100,239630,4834786,93,88,1175031,10/31/2019,-15.0000,False,False,10/31/2019,,,10/31/2019,System.Byte[],Waived current late fee 1.
,249181,1598467,1495,371427,8390101,236339,4834786,93,88,1175032,10/31/2019,15.0000,False,False,10/31/2019,,,10/31/2019,System.Byte[],Waived current late fee 1.
,249181,1598468,1495,371427,8390101,236339,4834786,93,88,1175032,10/31/2019,-15.0000,False,False,10/31/2019,,,10/31/2019,System.Byte[],Waived current late fee 1.
,166732,1635503,1495,378509,8561726,211203,4933059,93,88,1191682,11/4/2019,15.0000,False,False,11/4/2019,,,11/4/2019,System.Byte[],Waived current late fee 1.
,166732,1635504,1495,378509,8561726,211203,4933059,93,88,1191682,11/4/2019,-15.0000,False,False,11/4/2019,,,11/4/2019,System.Byte[],Waived current late fee 1.
,371420,1637283,1495,379700,8566785,337192,4936376,1179,88,1193154,11/8/2019,15.0000,False,False,11/8/2019,,,11/8/2019,System.Byte[],Waived current late fee 1.
,371420,1637284,1495,379700,8566785,337192,4936376,1179,88,1193154,11/8/2019,-15.0000,False,False,11/8/2019,,,11/8/2019,System.Byte[],Waived current late fee 1.
,424183,1637693,1495,379852,8569273,389646,4937768,93,88,1193463,11/12/2019,15.0000,False,False,11/12/2019,,,11/12/2019,System.Byte[],Waived current late fee 1.
,424183,1637694,1495,379852,8569273,389646,4937768,93,88,1193463,11/12/2019,-15.0000,False,False,11/12/2019,,,11/12/2019,System.Byte[],Waived current late fee 1.
,360606,1637991,1495,379931,8571071,331393,4938582,93,88,1193673,11/14/2019,15.0000,False,False,11/14/2019,,,11/14/2019,System.Byte[],Waived current late fee 1.
,360606,1637992,1495,379931,8571071,331393,4938582,93,88,1193673,11/14/2019,-15.0000,False,False,11/14/2019,,,11/14/2019,System.Byte[],Waived current late fee 1.
,423121,1638077,1495,379974,8571710,388605,4938889,93,88,1193739,11/15/2019,15.0000,False,False,11/15/2019,,,11/15/2019,System.Byte[],Waived current late fee 1.
,423121,1638078,1495,379974,8571710,388605,4938889,93,88,1193739,11/15/2019,-15.0000,False,False,11/15/2019,,,11/15/2019,System.Byte[],Waived current late fee 1.
,423535,1639997,1495,381185,8576468,388976,4941810,93,88,1195166,11/21/2019,15.0000,False,False,11/21/2019,,,11/21/2019,System.Byte[],Waived current late fee 1.
,423535,1639998,1495,381185,8576468,388976,4941810,93,88,1195166,11/21/2019,-15.0000,False,False,11/21/2019,,,11/21/2019,System.Byte[],Waived current late fee 1.
,122852,1641915,1495,381752,8591670,1827,4951289,1179,88,1196765,12/6/2019,15.0000,False,False,12/6/2019,,,12/6/2019,System.Byte[],Waived current late fee 1.
,122852,1641916,1495,381752,8591670,1827,4951289,1179,88,1196765,12/6/2019,-15.0000,False,False,12/6/2019,,,12/6/2019,System.Byte[],Waived current late fee 1.
,122852,1641917,1495,381752,8591671,154199,4951290,1179,88,1196766,12/6/2019,15.0000,False,False,12/6/2019,,,12/6/2019,System.Byte[],Waived current late fee 1.
,122852,1641918,1495,381752,8591671,154199,4951290,1179,88,1196766,12/6/2019,-15.0000,False,False,12/6/2019,,,12/6/2019,System.Byte[],Waived current late fee 1.
,122852,1642039,1495,381796,8592000,1827,4951460,1179,88,1196808,12/7/2019,25.0000,False,False,12/7/2019,,,12/7/2019,System.Byte[],Waived current late fee 2.
,122852,1642040,1495,381796,8592000,1827,4951460,1179,88,1196808,12/7/2019,-25.0000,False,False,12/7/2019,,,12/7/2019,System.Byte[],Waived current late fee 2.
,361350,1642319,1495,381833,8593531,331969,4952308,2082,88,1197013,12/9/2019,15.0000,False,False,12/9/2019,,,12/9/2019,System.Byte[],Waived current late fee 1.
,361350,1642320,1495,381833,8593531,331969,4952308,2082,88,1197013,12/9/2019,-15.0000,False,False,12/9/2019,,,12/9/2019,System.Byte[],Waived current late fee 1.
,122852,1642719,1495,381963,8595171,154199,4953184,2082,88,1197210,12/11/2019,25.0000,False,False,12/11/2019,,,12/11/2019,System.Byte[],Waived current late fee 2.
,122852,1642720,1495,381963,8595171,154199,4953184,2082,88,1197210,12/11/2019,-25.0000,False,False,12/11/2019,,,12/11/2019,System.Byte[],Waived current late fee 2.
,249897,1646235,1495,383145,8620539,237009,4968177,93,88,1200124,1/13/2020,15.0000,False,False,1/13/2020,,,1/13/2020,System.Byte[],Waived current late fee 1.
,249897,1646236,1495,383145,8620539,237009,4968177,93,88,1200124,1/13/2020,-15.0000,False,False,1/13/2020,,,1/13/2020,System.Byte[],Waived current late fee 1.
,150919,1646505,1495,383243,8621855,152543,4968858,2082,88,1200284,1/14/2020,25.0000,False,False,1/14/2020,,,1/14/2020,System.Byte[],Waived current late fee 2.
,150919,1646506,1495,383243,8621855,152543,4968858,2082,88,1200284,1/14/2020,-25.0000,False,False,1/14/2020,,,1/14/2020,System.Byte[],Waived current late fee 2.
,424518,1647439,1495,383551,8626873,389974,4971475,1212,88,1200898,1/23/2020,15.0000,False,False,1/23/2020,,,1/23/2020,System.Byte[],Waived current late fee 1.
,424518,1647440,1495,383551,8626873,389974,4971475,1212,88,1200898,1/23/2020,-15.0000,False,False,1/23/2020,,,1/23/2020,System.Byte[],Waived current late fee 1.
,1568,1649901,1495,383937,8637687,1777,4977804,2082,88,1202013,2/3/2020,25.0000,False,False,2/3/2020,,,2/3/2020,System.Byte[],Waived current late fee 2.
,1568,1649902,1495,383937,8637687,1777,4977804,2082,88,1202013,2/3/2020,-25.0000,False,False,2/3/2020,,,2/3/2020,System.Byte[],Waived current late fee 2.
,364966,1649957,1495,383937,8638903,334115,4978603,2082,88,1202105,2/3/2020,15.0000,False,False,2/3/2020,,,2/3/2020,System.Byte[],Waived current late fee 1.
,364966,1649958,1495,383937,8638903,334115,4978603,2082,88,1202105,2/3/2020,-15.0000,False,False,2/3/2020,,,2/3/2020,System.Byte[],Waived current late fee 1.
,262752,1650149,1495,384008,8640436,249967,4979455,2082,88,1202273,2/4/2020,15.0000,False,False,2/4/2020,,,2/4/2020,System.Byte[],Waived current late fee 1.
,262752,1650150,1495,384008,8640436,249967,4979455,2082,88,1202273,2/4/2020,-15.0000,False,False,2/4/2020,,,2/4/2020,System.Byte[],Waived current late fee 1.
,361350,1653035,1495,384203,8646232,331969,4982288,2082,88,1202980,2/10/2020,15.0000,False,False,2/10/2020,,,2/10/2020,System.Byte[],Waived current late fee 1.
,361350,1653036,1495,384203,8646232,331969,4982288,2082,88,1202980,2/10/2020,-15.0000,False,False,2/10/2020,,,2/10/2020,System.Byte[],Waived current late fee 1.
,150919,1653061,1495,384272,8646353,152543,4982359,93,88,1202996,2/10/2020,15.0000,False,False,2/10/2020,,,2/10/2020,System.Byte[],Waived current late fee 1.
,150919,1653062,1495,384272,8646353,152543,4982359,93,88,1202996,2/10/2020,-15.0000,False,False,2/10/2020,,,2/10/2020,System.Byte[],Waived current late fee 1.
,423234,1653315,1495,384312,8647370,388717,4982846,1212,88,1203148,2/12/2020,15.0000,False,False,2/12/2020,,,2/12/2020,System.Byte[],Waived current late fee 1.
,423234,1653316,1495,384312,8647370,388717,4982846,1212,88,1203148,2/12/2020,-15.0000,False,False,2/12/2020,,,2/12/2020,System.Byte[],Waived current late fee 1.
,424178,1653319,1495,384312,8647388,389641,4982856,1212,88,1203150,2/12/2020,15.0000,False,False,2/12/2020,,,2/12/2020,System.Byte[],Waived current late fee 1.
,424178,1653320,1495,384312,8647388,389641,4982856,1212,88,1203150,2/12/2020,-15.0000,False,False,2/12/2020,,,2/12/2020,System.Byte[],Waived current late fee 1.
,434923,1653627,1495,384387,8648725,400406,4983606,93,88,1203328,2/14/2020,25.0000,False,False,2/14/2020,,,2/14/2020,System.Byte[],Reservation Fee
,434923,1653628,1495,384387,8648725,400406,4983606,93,88,1203328,2/14/2020,-25.0000,False,False,2/14/2020,,,2/14/2020,System.Byte[],Reservation Fee
,1410,1653645,1495,384387,8648883,1615,4983687,93,88,1203348,2/14/2020,15.0000,False,False,2/14/2020,,,2/14/2020,System.Byte[],Waived current late fee 1.
,1410,1653646,1495,384387,8648883,1615,4983687,93,88,1203348,2/14/2020,-15.0000,False,False,2/14/2020,,,2/14/2020,System.Byte[],Waived current late fee 1.
,54494,592840,1495,139222,2917640,61331,1714068,93,88,642928,8/11/2014,15.0000,False,False,8/11/2014,,,8/11/2014,System.Byte[],Waived current late fee 1.
,54494,592841,1495,139222,2917640,61331,1714068,93,88,642928,8/11/2014,-15.0000,False,False,8/11/2014,,,8/11/2014,System.Byte[],Waived current late fee 1.
,138571,593596,1495,139365,2920075,139854,1715293,93,88,643300,8/12/2014,15.0000,False,False,8/12/2014,,,8/12/2014,System.Byte[],Waived current late fee 1.
,138571,593597,1495,139365,2920075,139854,1715293,93,88,643300,8/12/2014,-15.0000,False,False,8/12/2014,,,8/12/2014,System.Byte[],Waived current late fee 1.
,59874,594266,1495,139516,2922554,136452,1716382,93,88,643600,8/14/2014,15.0000,False,False,8/14/2014,,,8/14/2014,System.Byte[],Waived current late fee 1.
,59874,594267,1495,139516,2922554,136452,1716382,93,88,643600,8/14/2014,-15.0000,False,False,8/14/2014,,,8/14/2014,System.Byte[],Waived current late fee 1.
,91744,595756,1495,139724,2927420,98754,1718663,93,88,644202,8/18/2014,15.0000,False,False,8/18/2014,,,8/18/2014,System.Byte[],Waived current late fee 1.
,91744,595757,1495,139724,2927420,98754,1718663,93,88,644202,8/18/2014,-15.0000,False,False,8/18/2014,,,8/18/2014,System.Byte[],Waived current late fee 1.
,141989,595820,1495,139724,2927453,143363,1718666,93,88,644204,8/18/2014,15.0000,False,False,8/18/2014,,,8/18/2014,System.Byte[],Waived current late fee 1.
,141989,595821,1495,139724,2927453,143363,1718666,93,88,644204,8/18/2014,-15.0000,False,False,8/18/2014,,,8/18/2014,System.Byte[],Waived current late fee 1.
,59919,597422,1495,140054,2932830,66820,1721355,93,88,644746,8/22/2014,15.0000,False,False,8/22/2014,,,8/22/2014,System.Byte[],Waived current late fee 1.
,59919,597423,1495,140054,2932830,66820,1721355,93,88,644746,8/22/2014,-15.0000,False,False,8/22/2014,,,8/22/2014,System.Byte[],Waived current late fee 1.
,75543,597430,1495,140054,2932933,81652,1721402,93,88,644754,8/22/2014,15.0000,False,False,8/22/2014,,,8/22/2014,System.Byte[],Waived current late fee 1.
,75543,597431,1495,140054,2932933,81652,1721402,93,88,644754,8/22/2014,-15.0000,False,False,8/22/2014,,,8/22/2014,System.Byte[],Waived current late fee 1.
,142196,598285,1495,140297,2936901,143578,1723495,93,88,645230,8/26/2014,15.0000,False,False,8/26/2014,,,8/26/2014,System.Byte[],Waived current late fee 1.
,142196,598286,1495,140297,2936901,143578,1723495,93,88,645230,8/26/2014,-15.0000,False,False,8/26/2014,,,8/26/2014,System.Byte[],Waived current late fee 1.
,132467,598933,1495,140443,2939649,133359,1724974,93,88,645602,8/28/2014,15.0000,False,False,8/28/2014,,,8/28/2014,System.Byte[],Waived current late fee 1.
,132467,598934,1495,140443,2939649,133359,1724974,93,88,645602,8/28/2014,-15.0000,False,False,8/28/2014,,,8/28/2014,System.Byte[],Waived current late fee 1.
,133295,599051,1495,140443,2940166,134223,1725253,93,88,645668,8/28/2014,15.0000,False,False,8/28/2014,,,8/28/2014,System.Byte[],Waived current late fee 1.
,133295,599052,1495,140443,2940166,134223,1725253,93,88,645668,8/28/2014,-15.0000,False,False,8/28/2014,,,8/28/2014,System.Byte[],Waived current late fee 1.
,136328,601288,1495,140672,2955240,137414,1734201,93,88,646392,9/2/2014,15.0000,False,False,9/2/2014,,,9/2/2014,System.Byte[],Waived current late fee 1.
,136328,601289,1495,140672,2955240,137414,1734201,93,88,646392,9/2/2014,-15.0000,False,False,9/2/2014,,,9/2/2014,System.Byte[],Waived current late fee 1.
,80049,601604,1495,140871,2959060,86393,1736538,1212,88,646558,9/3/2014,15.0000,False,False,9/3/2014,,,9/3/2014,System.Byte[],Waived current late fee 1.
,80049,601605,1495,140871,2959060,86393,1736538,1212,88,646558,9/3/2014,-15.0000,False,False,9/3/2014,,,9/3/2014,System.Byte[],Waived current late fee 1.
,143247,601806,1495,140871,2960756,144618,1737602,1212,88,646677,9/3/2014,15.0000,False,False,9/3/2014,,,9/3/2014,System.Byte[],Waived current late fee 1.
,143247,601807,1495,140871,2960756,144618,1737602,1212,88,646677,9/3/2014,-15.0000,False,False,9/3/2014,,,9/3/2014,System.Byte[],Waived current late fee 1.
,128256,601826,1495,140871,2960964,128806,1737728,1212,88,646689,9/3/2014,15.0000,False,False,9/3/2014,,,9/3/2014,System.Byte[],Waived current late fee 1.
,128256,601827,1495,140871,2960964,128806,1737728,1212,88,646689,9/3/2014,-15.0000,False,False,9/3/2014,,,9/3/2014,System.Byte[],Waived current late fee 1.
,145125,601898,1495,140953,2961356,146619,1737920,1212,88,646714,9/3/2014,15.0000,False,False,9/3/2014,,,9/3/2014,System.Byte[],Waived current late fee 1.
,145125,601899,1495,140953,2961356,146619,1737920,1212,88,646714,9/3/2014,-15.0000,False,False,9/3/2014,,,9/3/2014,System.Byte[],Waived current late fee 1.
,145125,601900,1495,140953,2961357,146619,1737920,1212,88,646715,9/3/2014,15.0000,False,False,9/3/2014,,,9/3/2014,System.Byte[],Waived current late fee 2.
,145125,601901,1495,140953,2961357,146619,1737920,1212,88,646715,9/3/2014,-15.0000,False,False,9/3/2014,,,9/3/2014,System.Byte[],Waived current late fee 2.
,54494,602284,1495,140953,2963960,61331,1739583,93,88,646987,9/4/2014,15.0000,False,False,9/4/2014,,,9/4/2014,System.Byte[],Waived current late fee 1.
,54494,602285,1495,140953,2963960,61331,1739583,93,88,646987,9/4/2014,-15.0000,False,False,9/4/2014,,,9/4/2014,System.Byte[],Waived current late fee 1.
,134799,602704,1495,141037,2966262,135789,1740950,93,88,647249,9/5/2014,15.0000,False,False,9/5/2014,,,9/5/2014,System.Byte[],Waived current late fee 1.
,134799,602705,1495,141037,2966262,135789,1740950,93,88,647249,9/5/2014,-15.0000,False,False,9/5/2014,,,9/5/2014,System.Byte[],Waived current late fee 1.
,141508,605348,1495,141507,2978532,142895,1747684,1179,88,648251,9/11/2014,15.0000,False,False,9/11/2014,,,9/11/2014,System.Byte[],Waived current late fee 1.
,141508,605349,1495,141507,2978532,142895,1747684,1179,88,648251,9/11/2014,-15.0000,False,False,9/11/2014,,,9/11/2014,System.Byte[],Waived current late fee 1.
,143397,606596,1495,141744,2982952,144776,1749674,93,88,648673,9/15/2014,15.0000,False,False,9/15/2014,,,9/15/2014,System.Byte[],Waived current late fee 2.
,143397,606597,1495,141744,2982952,144776,1749674,93,88,648673,9/15/2014,-15.0000,False,False,9/15/2014,,,9/15/2014,System.Byte[],Waived current late fee 2.
,123935,607718,1495,142089,2987871,122551,1752146,93,88,649149,9/19/2014,15.0000,False,False,9/19/2014,,,9/19/2014,System.Byte[],Waived current late fee 1.
,123935,607719,1495,142089,2987871,122551,1752146,93,88,649149,9/19/2014,-15.0000,False,False,9/19/2014,,,9/19/2014,System.Byte[],Waived current late fee 1.
,94641,607736,1495,142089,2988041,101837,1752242,93,88,649158,9/19/2014,15.0000,False,False,9/19/2014,,,9/19/2014,System.Byte[],Waived current late fee 1.
,94641,607737,1495,142089,2988041,101837,1752242,93,88,649158,9/19/2014,-15.0000,False,False,9/19/2014,,,9/19/2014,System.Byte[],Waived current late fee 1.
,135808,607866,1495,142164,2988903,136884,1752647,1179,88,649234,9/20/2014,15.0000,False,False,9/20/2014,,,9/20/2014,System.Byte[],Waived current late fee 1.
,135808,607867,1495,142164,2988903,136884,1752647,1179,88,649234,9/20/2014,-15.0000,False,False,9/20/2014,,,9/20/2014,System.Byte[],Waived current late fee 1.
,141593,608166,1495,142236,2990438,142980,1753510,93,88,649391,9/22/2014,15.0000,False,False,9/22/2014,,,9/22/2014,System.Byte[],Waived current late fee 1.
,141593,608167,1495,142236,2990438,142980,1753510,93,88,649391,9/22/2014,-15.0000,False,False,9/22/2014,,,9/22/2014,System.Byte[],Waived current late fee 1.
,145081,609056,1495,142493,2994097,146582,1755316,93,88,649839,9/25/2014,15.0000,False,False,9/25/2014,,,9/25/2014,System.Byte[],Waived current late fee 1.
,145081,609057,1495,142493,2994097,146582,1755316,93,88,649839,9/25/2014,-15.0000,False,False,9/25/2014,,,9/25/2014,System.Byte[],Waived current late fee 1.
,117400,609128,1495,142493,2994515,119046,1755527,93,88,649880,9/25/2014,15.0000,False,False,9/25/2014,,,9/25/2014,System.Byte[],Waived current late fee 1.
,117400,609129,1495,142493,2994515,119046,1755527,93,88,649880,9/25/2014,-15.0000,False,False,9/25/2014,,,9/25/2014,System.Byte[],Waived current late fee 1.
,143494,609264,1495,142564,2995351,144875,1755929,93,88,649957,9/26/2014,15.0000,False,False,9/26/2014,,,9/26/2014,System.Byte[],Waived current late fee 2.
,143494,609265,1495,142564,2995351,144875,1755929,93,88,649957,9/26/2014,-15.0000,False,False,9/26/2014,,,9/26/2014,System.Byte[],Waived current late fee 2.
,134026,609482,1495,142564,2995808,134996,1756133,93,88,649987,9/26/2014,15.0000,False,False,9/26/2014,,,9/26/2014,System.Byte[],Waived current late fee 1.
,134026,609483,1495,142564,2995808,134996,1756133,93,88,649987,9/26/2014,-15.0000,False,False,9/26/2014,,,9/26/2014,System.Byte[],Waived current late fee 1.
,132231,609516,1495,142564,2996277,133130,1756421,93,88,650007,9/26/2014,15.0000,False,False,9/26/2014,,,9/26/2014,System.Byte[],Waived current late fee 1.
,132231,609517,1495,142564,2996277,133130,1756421,93,88,650007,9/26/2014,-15.0000,False,False,9/26/2014,,,9/26/2014,System.Byte[],Waived current late fee 1.
,122852,609626,1495,142638,2996905,1589,1756741,1179,88,650077,9/27/2014,15.0000,False,False,9/27/2014,,,9/27/2014,System.Byte[],Waived current late fee 1.
,122852,609627,1495,142638,2996905,1589,1756741,1179,88,650077,9/27/2014,-15.0000,False,False,9/27/2014,,,9/27/2014,System.Byte[],Waived current late fee 1.
,122852,609628,1495,142638,2996906,1827,1756741,1179,88,650078,9/27/2014,15.0000,False,False,9/27/2014,,,9/27/2014,System.Byte[],Waived current late fee 1.
,122852,609629,1495,142638,2996906,1827,1756741,1179,88,650078,9/27/2014,-15.0000,False,False,9/27/2014,,,9/27/2014,System.Byte[],Waived current late fee 1.
,107322,610186,1495,142711,2999408,147840,1758047,93,88,650325,9/29/2014,15.0000,False,False,9/29/2014,,,9/29/2014,System.Byte[],Waived current late fee 1.
,107322,610187,1495,142711,2999408,147840,1758047,93,88,650325,9/29/2014,-15.0000,False,False,9/29/2014,,,9/29/2014,System.Byte[],Waived current late fee 1.
,19424,610834,1495,142834,3001224,50682,1758974,93,88,650468,9/30/2014,15.0000,False,False,9/30/2014,,,9/30/2014,System.Byte[],Waived current late fee 1.
,19424,610835,1495,142834,3001224,50682,1758974,93,88,650468,9/30/2014,-15.0000,False,False,9/30/2014,,,9/30/2014,System.Byte[],Waived current late fee 1.
,1306,613410,1495,143073,3019048,1509,1769814,93,88,651174,10/3/2014,15.0000,False,False,10/3/2014,,,10/3/2014,System.Byte[],Waived current late fee 1.
,1306,613411,1495,143073,3019048,1509,1769814,93,88,651174,10/3/2014,-15.0000,False,False,10/3/2014,,,10/3/2014,System.Byte[],Waived current late fee 1.
,1581,614012,1495,143241,3024349,8223,1773029,93,88,651509,10/6/2014,15.0000,False,False,10/6/2014,,,10/6/2014,System.Byte[],Waived current late fee 1.
,1581,614013,1495,143241,3024349,8223,1773029,93,88,651509,10/6/2014,-15.0000,False,False,10/6/2014,,,10/6/2014,System.Byte[],Waived current late fee 1.
,1581,614014,1495,143241,3024350,53566,1773029,93,88,651510,10/6/2014,15.0000,False,False,10/6/2014,,,10/6/2014,System.Byte[],Waived current late fee 1.
,1581,614015,1495,143241,3024350,53566,1773029,93,88,651510,10/6/2014,-15.0000,False,False,10/6/2014,,,10/6/2014,System.Byte[],Waived current late fee 1.
,124756,614462,1495,143378,3026984,123428,1774588,1212,88,651763,10/7/2014,15.0000,False,False,10/7/2014,,,10/7/2014,System.Byte[],Waived current late fee 1.
,124756,614463,1495,143378,3026984,123428,1774588,1212,88,651763,10/7/2014,-15.0000,False,False,10/7/2014,,,10/7/2014,System.Byte[],Waived current late fee 1.
,137028,614656,1495,143378,3027956,138139,1775164,1179,88,651848,10/7/2014,15.0000,False,False,10/7/2014,,,10/7/2014,System.Byte[],Waived current late fee 1.
,137028,614657,1495,143378,3027956,138139,1775164,1179,88,651848,10/7/2014,-15.0000,False,False,10/7/2014,,,10/7/2014,System.Byte[],Waived current late fee 1.
,43761,614932,1495,143455,3029219,49648,1775875,1212,88,651972,10/8/2014,15.0000,False,False,10/8/2014,,,10/8/2014,System.Byte[],Waived current late fee 1.
,43761,614933,1495,143455,3029219,49648,1775875,1212,88,651972,10/8/2014,-15.0000,False,False,10/8/2014,,,10/8/2014,System.Byte[],Waived current late fee 1.
,146772,618306,1495,144168,3043512,148352,1783020,93,88,653144,10/17/2014,15.0000,False,False,10/17/2014,,,10/17/2014,System.Byte[],Waived current late fee 1.
,146772,618307,1495,144168,3043512,148352,1783020,93,88,653144,10/17/2014,-15.0000,False,False,10/17/2014,,,10/17/2014,System.Byte[],Waived current late fee 1.
,86147,618332,1495,144168,3043616,93355,1783083,93,88,653153,10/17/2014,15.0000,False,False,10/17/2014,,,10/17/2014,System.Byte[],Waived current late fee 1.
,86147,618333,1495,144168,3043616,93355,1783083,93,88,653153,10/17/2014,-15.0000,False,False,10/17/2014,,,10/17/2014,System.Byte[],Waived current late fee 1.
,121998,619746,1495,144530,3049082,150557,1785675,1212,88,653727,10/22/2014,15.0000,False,False,10/22/2014,,,10/22/2014,System.Byte[],Waived current late fee 1.
,121998,619747,1495,144530,3049082,150557,1785675,1212,88,653727,10/22/2014,-15.0000,False,False,10/22/2014,,,10/22/2014,System.Byte[],Waived current late fee 1.
,148913,620250,1495,144606,3050929,150622,1786514,93,88,653913,10/23/2014,15.0000,False,False,10/23/2014,,,10/23/2014,System.Byte[],Waived current late fee 1.
,148913,620251,1495,144606,3050929,150622,1786514,93,88,653913,10/23/2014,-15.0000,False,False,10/23/2014,,,10/23/2014,System.Byte[],Waived current late fee 1.
,47823,620708,1495,144687,3052142,54266,1787027,93,88,654008,10/24/2014,15.0000,False,False,10/24/2014,,,10/24/2014,System.Byte[],Waived current late fee 1.
,47823,620709,1495,144687,3052142,54266,1787027,93,88,654008,10/24/2014,-15.0000,False,False,10/24/2014,,,10/24/2014,System.Byte[],Waived current late fee 1.
,132467,621444,1495,144979,3056005,133359,1789020,93,88,654358,10/28/2014,15.0000,False,False,10/28/2014,,,10/28/2014,System.Byte[],Waived current late fee 1.
,132467,621445,1495,144979,3056005,133359,1789020,93,88,654358,10/28/2014,-15.0000,False,False,10/28/2014,,,10/28/2014,System.Byte[],Waived current late fee 1.
,80049,623024,1495,145379,3074362,86393,1800387,93,88,655255,11/3/2014,15.0000,False,False,11/3/2014,,,11/3/2014,System.Byte[],Waived current late fee 1.
,80049,623025,1495,145379,3074362,86393,1800387,93,88,655255,11/3/2014,-15.0000,False,False,11/3/2014,,,11/3/2014,System.Byte[],Waived current late fee 1.
,136721,623168,1495,145379,3075103,137829,1800879,93,88,655286,11/3/2014,15.0000,False,False,11/3/2014,,,11/3/2014,System.Byte[],Waived current late fee 1.
,136721,623169,1495,145379,3075103,137829,1800879,93,88,655286,11/3/2014,-15.0000,False,False,11/3/2014,,,11/3/2014,System.Byte[],Waived current late fee 1.
,1335,623736,1495,145622,3080260,1538,1804049,93,88,655537,11/5/2014,15.0000,False,False,11/5/2014,,,11/5/2014,System.Byte[],Waived current late fee 1.
,1335,623737,1495,145622,3080260,1538,1804049,93,88,655537,11/5/2014,-15.0000,False,False,11/5/2014,,,11/5/2014,System.Byte[],Waived current late fee 1.
,143405,623740,1495,145622,3080277,144785,1804062,93,88,655540,11/5/2014,15.0000,False,False,11/5/2014,,,11/5/2014,System.Byte[],Waived current late fee 1.
,143405,623741,1495,145622,3080277,144785,1804062,93,88,655540,11/5/2014,-15.0000,False,False,11/5/2014,,,11/5/2014,System.Byte[],Waived current late fee 1.
,43761,623760,1495,145622,3080441,49648,1804162,93,88,655557,11/5/2014,15.0000,False,False,11/5/2014,,,11/5/2014,System.Byte[],Waived current late fee 1.
,43761,623761,1495,145622,3080441,49648,1804162,93,88,655557,11/5/2014,-15.0000,False,False,11/5/2014,,,11/5/2014,System.Byte[],Waived current late fee 1.
,122506,623860,1495,145708,3081476,120910,1804815,93,88,655626,11/5/2014,15.0000,False,False,11/5/2014,,,11/5/2014,System.Byte[],Waived current late fee 2.
,122506,623861,1495,145708,3081476,120910,1804815,93,88,655626,11/5/2014,-15.0000,False,False,11/5/2014,,,11/5/2014,System.Byte[],Waived current late fee 2.
,143494,623968,1495,145708,3082300,144875,1805313,93,88,655683,11/6/2014,15.0000,False,False,11/6/2014,,,11/6/2014,System.Byte[],Waived current late fee 1.
,143494,623969,1495,145708,3082300,144875,1805313,93,88,655683,11/6/2014,-15.0000,False,False,11/6/2014,,,11/6/2014,System.Byte[],Waived current late fee 1.
,1465,624618,1495,145799,3086111,1671,1807436,93,88,655972,11/7/2014,15.0000,False,False,11/7/2014,,,11/7/2014,System.Byte[],Waived current late fee 1.
,1465,624619,1495,145799,3086111,1671,1807436,93,88,655972,11/7/2014,-15.0000,False,False,11/7/2014,,,11/7/2014,System.Byte[],Waived current late fee 1.
,147510,624964,1495,145975,3089156,149084,1809217,93,88,656161,11/10/2014,15.0000,False,False,11/10/2014,,,11/10/2014,System.Byte[],Waived current late fee 2.
,147510,624965,1495,145975,3089156,149084,1809217,93,88,656161,11/10/2014,-15.0000,False,False,11/10/2014,,,11/10/2014,System.Byte[],Waived current late fee 2.
,1306,624972,1495,145975,3089182,1509,1809230,93,88,656164,11/10/2014,15.0000,False,False,11/10/2014,,,11/10/2014,System.Byte[],Waived current late fee 1.
,1306,624973,1495,145975,3089182,1509,1809230,93,88,656164,11/10/2014,-15.0000,False,False,11/10/2014,,,11/10/2014,System.Byte[],Waived current late fee 1.
,131481,625042,1495,145975,3089689,132328,1809522,93,88,656189,11/10/2014,15.0000,False,False,11/10/2014,,,11/10/2014,System.Byte[],Waived current late fee 1.
,131481,625043,1495,145975,3089689,132328,1809522,93,88,656189,11/10/2014,-15.0000,False,False,11/10/2014,,,11/10/2014,System.Byte[],Waived current late fee 1.
,131481,625044,1495,145975,3089690,132685,1809522,93,88,656190,11/10/2014,15.0000,False,False,11/10/2014,,,11/10/2014,System.Byte[],Waived current late fee 1.
,131481,625045,1495,145975,3089690,132685,1809522,93,88,656190,11/10/2014,-15.0000,False,False,11/10/2014,,,11/10/2014,System.Byte[],Waived current late fee 1.
,131481,625046,1495,145975,3089691,132687,1809522,93,88,656191,11/10/2014,15.0000,False,False,11/10/2014,,,11/10/2014,System.Byte[],Waived current late fee 1.
,131481,625047,1495,145975,3089691,132687,1809522,93,88,656191,11/10/2014,-15.0000,False,False,11/10/2014,,,11/10/2014,System.Byte[],Waived current late fee 1.
,136864,625146,1495,145975,3090446,137968,1809922,93,88,656238,11/10/2014,15.0000,False,False,11/10/2014,,,11/10/2014,System.Byte[],Waived current late fee 1.
,136864,625147,1495,145975,3090446,137968,1809922,93,88,656238,11/10/2014,-15.0000,False,False,11/10/2014,,,11/10/2014,System.Byte[],Waived current late fee 1.
,142972,627036,1495,146380,3096961,144324,1813030,93,88,656920,11/14/2014,15.0000,False,False,11/14/2014,,,11/14/2014,System.Byte[],Waived current late fee 1.
,142972,627037,1495,146380,3096961,144324,1813030,93,88,656920,11/14/2014,-15.0000,False,False,11/14/2014,,,11/14/2014,System.Byte[],Waived current late fee 1.
,142972,627038,1495,146380,3096962,144324,1813030,93,88,656921,11/14/2014,15.0000,False,False,11/14/2014,,,11/14/2014,System.Byte[],Waived current late fee 2.
,142972,627039,1495,146380,3096962,144324,1813030,93,88,656921,11/14/2014,-15.0000,False,False,11/14/2014,,,11/14/2014,System.Byte[],Waived current late fee 2.
,1438,627278,1495,146380,3097986,1644,1813478,93,88,657025,11/14/2014,15.0000,False,False,11/14/2014,,,11/14/2014,System.Byte[],Waived current late fee 1.
,1438,627279,1495,146380,3097986,1644,1813478,93,88,657025,11/14/2014,-15.0000,False,False,11/14/2014,,,11/14/2014,System.Byte[],Waived current late fee 1.
,141989,628470,1495,146661,3101963,143363,1815420,93,88,657374,11/18/2014,15.0000,False,False,11/18/2014,,,11/18/2014,System.Byte[],Waived current late fee 1.
,141989,628471,1495,146661,3101963,143363,1815420,93,88,657374,11/18/2014,-15.0000,False,False,11/18/2014,,,11/18/2014,System.Byte[],Waived current late fee 1.
,146716,630174,1495,147006,3109549,148296,1819884,1179,88,658493,11/22/2014,15.0000,False,False,11/22/2014,,,11/22/2014,System.Byte[],Waived current late fee 1.
,146716,630175,1495,147006,3109549,148296,1819884,1179,88,658493,11/22/2014,-15.0000,False,False,11/22/2014,,,11/22/2014,System.Byte[],Waived current late fee 1.
,124119,630700,1495,147083,3111689,151941,1820980,93,88,658737,11/24/2014,15.0000,False,False,11/24/2014,,,11/24/2014,System.Byte[],Waived current late fee 1.
,124119,630701,1495,147083,3111689,151941,1820980,93,88,658737,11/24/2014,-15.0000,False,False,11/24/2014,,,11/24/2014,System.Byte[],Waived current late fee 1.
,114548,630702,1495,147083,3111720,114559,1821003,93,88,658738,11/24/2014,15.0000,False,False,11/24/2014,,,11/24/2014,System.Byte[],Waived current late fee 1.
,114548,630703,1495,147083,3111720,114559,1821003,93,88,658738,11/24/2014,-15.0000,False,False,11/24/2014,,,11/24/2014,System.Byte[],Waived current late fee 1.
,19278,631432,1495,147474,3117045,21887,1823926,1179,88,659166,11/29/2014,15.0000,False,False,11/29/2014,,,11/29/2014,System.Byte[],Waived current late fee 1.
,19278,631433,1495,147474,3117045,21887,1823926,1179,88,659166,11/29/2014,-15.0000,False,False,11/29/2014,,,11/29/2014,System.Byte[],Waived current late fee 1.
,19278,631434,1495,147474,3117046,21887,1823926,1179,88,659167,11/29/2014,15.0000,False,False,11/29/2014,,,11/29/2014,System.Byte[],Waived current late fee 2.
,19278,631435,1495,147474,3117046,21887,1823926,1179,88,659167,11/29/2014,-15.0000,False,False,11/29/2014,,,11/29/2014,System.Byte[],Waived current late fee 2.
,131030,632010,1495,147562,3124357,131852,1828723,93,88,659443,12/1/2014,15.0000,False,False,12/1/2014,,,12/1/2014,System.Byte[],Waived current late fee 1.
,131030,632011,1495,147562,3124357,131852,1828723,93,88,659443,12/1/2014,-15.0000,False,False,12/1/2014,,,12/1/2014,System.Byte[],Waived current late fee 1.
,136864,633672,1495,147900,3138436,137968,1837453,93,88,660026,12/4/2014,15.0000,False,False,12/4/2014,,,12/4/2014,System.Byte[],Waived current late fee 1.
,136864,633673,1495,147900,3138436,137968,1837453,93,88,660026,12/4/2014,-15.0000,False,False,12/4/2014,,,12/4/2014,System.Byte[],Waived current late fee 1.
,1506,635004,1495,148321,3146825,1712,1842324,93,88,660603,12/9/2014,15.0000,False,False,12/9/2014,,,12/9/2014,System.Byte[],Waived current late fee 1.
,1506,635005,1495,148321,3146825,1712,1842324,93,88,660603,12/9/2014,-15.0000,False,False,12/9/2014,,,12/9/2014,System.Byte[],Waived current late fee 1.
,145081,635250,1495,148321,3147035,151590,1842393,93,88,660613,12/9/2014,15.0000,False,False,12/9/2014,,12/9/2014,12/9/2014,System.Byte[],Waived current late fee 1.
,145081,635251,1495,148321,3147035,151590,1842393,93,88,660613,12/9/2014,-15.0000,False,False,12/9/2014,,12/9/2014,12/9/2014,System.Byte[],Waived current late fee 1.
,145081,635340,1495,148321,3147698,151590,1842768,93,88,660674,12/9/2014,15.0000,False,False,12/9/2014,,,12/9/2014,System.Byte[],Waived current late fee 1.
,145081,635341,1495,148321,3147698,151590,1842768,93,88,660674,12/9/2014,-15.0000,False,False,12/9/2014,,,12/9/2014,System.Byte[],Waived current late fee 1.
,148161,638224,1495,148752,3157022,149761,1847304,93,88,661467,12/15/2014,15.0000,False,False,12/15/2014,,,12/15/2014,System.Byte[],Waived current late fee 1.
,148161,638225,1495,148752,3157022,149761,1847304,93,88,661467,12/15/2014,-15.0000,False,False,12/15/2014,,,12/15/2014,System.Byte[],Waived current late fee 1.
,146772,639060,1495,148965,3159894,148352,1848637,1212,88,661800,12/17/2014,15.0000,False,False,12/17/2014,,,12/17/2014,System.Byte[],Waived current late fee 1.
,146772,639061,1495,148965,3159894,148352,1848637,1212,88,661800,12/17/2014,-15.0000,False,False,12/17/2014,,,12/17/2014,System.Byte[],Waived current late fee 1.
,151866,639480,1495,149043,3161128,154536,1849228,93,88,661954,12/18/2014,15.0000,False,False,12/18/2014,,,12/18/2014,System.Byte[],Waived current late fee 1.
,151866,639481,1495,149043,3161128,154536,1849228,93,88,661954,12/18/2014,-15.0000,False,False,12/18/2014,,,12/18/2014,System.Byte[],Waived current late fee 1.
,111331,639602,1495,149043,3161599,114468,1849448,93,88,661995,12/18/2014,15.0000,False,False,12/18/2014,,,12/18/2014,System.Byte[],Waived current late fee 1.
,111331,639603,1495,149043,3161599,114468,1849448,93,88,661995,12/18/2014,-15.0000,False,False,12/18/2014,,,12/18/2014,System.Byte[],Waived current late fee 1.
,111331,639604,1495,149043,3161600,114468,1849448,93,88,661996,12/18/2014,15.0000,False,False,12/18/2014,,,12/18/2014,System.Byte[],Waived current late fee 2.
,111331,639605,1495,149043,3161600,114468,1849448,93,88,661996,12/18/2014,-15.0000,False,False,12/18/2014,,,12/18/2014,System.Byte[],Waived current late fee 2.
,86209,639876,1495,149128,3163196,93421,1850192,93,88,662149,12/19/2014,15.0000,False,False,12/19/2014,,,12/19/2014,System.Byte[],Waived current late fee 1.
,86209,639877,1495,149128,3163196,93421,1850192,93,88,662149,12/19/2014,-15.0000,False,False,12/19/2014,,,12/19/2014,System.Byte[],Waived current late fee 1.
,86209,639878,1495,149128,3163197,93426,1850192,93,88,662150,12/19/2014,15.0000,False,False,12/19/2014,,,12/19/2014,System.Byte[],Waived current late fee 1.
,86209,639879,1495,149128,3163197,93426,1850192,93,88,662150,12/19/2014,-15.0000,False,False,12/19/2014,,,12/19/2014,System.Byte[],Waived current late fee 1.
,136402,641348,1495,149744,3171304,137483,1854518,93,88,663013,12/29/2014,15.0000,False,False,12/29/2014,,,12/29/2014,System.Byte[],Waived current late fee 1.
,136402,641349,1495,149744,3171304,137483,1854518,93,88,663013,12/29/2014,-15.0000,False,False,12/29/2014,,,12/29/2014,System.Byte[],Waived current late fee 1.
,27302,641358,1495,149744,3171348,31613,1854552,93,88,663014,12/29/2014,15.0000,False,False,12/29/2014,,,12/29/2014,System.Byte[],Waived current late fee 1.
,27302,641359,1495,149744,3171348,31613,1854552,93,88,663014,12/29/2014,-15.0000,False,False,12/29/2014,,,12/29/2014,System.Byte[],Waived current late fee 1.
,148913,641792,1495,149883,3173797,150518,1855931,1179,88,663255,12/30/2014,15.0000,False,False,12/30/2014,,,12/30/2014,System.Byte[],Waived current late fee 1.
,148913,641793,1495,149883,3173797,150518,1855931,1179,88,663255,12/30/2014,-15.0000,False,False,12/30/2014,,,12/30/2014,System.Byte[],Waived current late fee 1.
,122852,642516,1495,149968,3182778,1589,1861917,93,88,663649,1/2/2015,15.0000,False,False,1/2/2015,,,1/2/2015,System.Byte[],Waived current late fee 1.
,122852,642517,1495,149968,3182778,1589,1861917,93,88,663649,1/2/2015,-15.0000,False,False,1/2/2015,,,1/2/2015,System.Byte[],Waived current late fee 1.
,122852,642518,1495,149968,3182779,1827,1861917,93,88,663650,1/2/2015,15.0000,False,False,1/2/2015,,,1/2/2015,System.Byte[],Waived current late fee 1.
,122852,642519,1495,149968,3182779,1827,1861917,93,88,663650,1/2/2015,-15.0000,False,False,1/2/2015,,,1/2/2015,System.Byte[],Waived current late fee 1.
,122852,642520,1495,149968,3182780,154199,1861917,93,88,663651,1/2/2015,15.0000,False,False,1/2/2015,,,1/2/2015,System.Byte[],Waived current late fee 1.
,122852,642521,1495,149968,3182780,154199,1861917,93,88,663651,1/2/2015,-15.0000,False,False,1/2/2015,,,1/2/2015,System.Byte[],Waived current late fee 1.
,115493,642732,1495,149968,3185562,123887,1863524,93,88,663706,1/2/2015,15.0000,False,False,1/2/2015,,,1/2/2015,System.Byte[],Waived current late fee 2.
,115493,642733,1495,149968,3185562,123887,1863524,93,88,663706,1/2/2015,-15.0000,False,False,1/2/2015,,,1/2/2015,System.Byte[],Waived current late fee 2.
,149704,643456,1495,150281,3194253,153869,1868988,1179,88,664188,1/5/2015,15.0000,False,False,1/5/2015,,,1/5/2015,System.Byte[],Waived current late fee 1.
,149704,643457,1495,150281,3194253,153869,1868988,1179,88,664188,1/5/2015,-15.0000,False,False,1/5/2015,,,1/5/2015,System.Byte[],Waived current late fee 1.
,150223,645961,1495,150884,3208872,151826,1876950,1179,88,665262,1/12/2015,15.0000,False,False,1/12/2015,,,1/12/2015,System.Byte[],Waived current late fee 1.
,150223,645962,1495,150884,3208872,151826,1876950,1179,88,665262,1/12/2015,-15.0000,False,False,1/12/2015,,,1/12/2015,System.Byte[],Waived current late fee 1.
,117792,646047,1495,151031,3209103,147446,1877043,1179,88,665297,1/12/2015,15.0000,False,False,1/12/2015,,,1/12/2015,System.Byte[],Waived current late fee 1.
,117792,646048,1495,151031,3209103,147446,1877043,1179,88,665297,1/12/2015,-15.0000,False,False,1/12/2015,,,1/12/2015,System.Byte[],Waived current late fee 1.
,149470,647491,1495,151277,3213793,151066,1879059,93,88,665782,1/15/2015,15.0000,False,False,1/15/2015,,,1/15/2015,System.Byte[],Waived current late fee 1.
,149470,647492,1495,151277,3213793,151066,1879059,93,88,665782,1/15/2015,-15.0000,False,False,1/15/2015,,,1/15/2015,System.Byte[],Waived current late fee 1.
,149470,647493,1495,151277,3213794,151066,1879059,93,88,665783,1/15/2015,15.0000,False,False,1/15/2015,,,1/15/2015,System.Byte[],Waived current late fee 2.
,149470,647494,1495,151277,3213794,151066,1879059,93,88,665783,1/15/2015,-15.0000,False,False,1/15/2015,,,1/15/2015,System.Byte[],Waived current late fee 2.
,1439,648393,1495,151576,3218504,1645,1881275,93,88,666187,1/20/2015,15.0000,False,False,1/20/2015,,,1/20/2015,System.Byte[],Waived current late fee 2.
,1439,648394,1495,151576,3218504,1645,1881275,93,88,666187,1/20/2015,-15.0000,False,False,1/20/2015,,,1/20/2015,System.Byte[],Waived current late fee 2.
,1439,648395,1495,151576,3218505,81856,1881275,93,88,666188,1/20/2015,15.0000,False,False,1/20/2015,,,1/20/2015,System.Byte[],Waived current late fee 2.
,1439,648396,1495,151576,3218505,81856,1881275,93,88,666188,1/20/2015,-15.0000,False,False,1/20/2015,,,1/20/2015,System.Byte[],Waived current late fee 2.
,154310,648565,1495,151576,3219041,156006,1881545,93,88,666259,1/20/2015,15.0000,False,False,1/20/2015,,,1/20/2015,System.Byte[],Waived current late fee 1.
,154310,648566,1495,151576,3219041,156006,1881545,93,88,666259,1/20/2015,-15.0000,False,False,1/20/2015,,,1/20/2015,System.Byte[],Waived current late fee 1.
,46150,648597,1495,151576,3219192,52423,1881610,93,88,666279,1/20/2015,15.0000,False,False,1/20/2015,,,1/20/2015,System.Byte[],Waived current late fee 1.
,46150,648598,1495,151576,3219192,52423,1881610,93,88,666279,1/20/2015,-15.0000,False,False,1/20/2015,,,1/20/2015,System.Byte[],Waived current late fee 1.
,125548,649037,1495,151738,3221413,124359,1882734,93,88,666527,1/22/2015,15.0000,False,False,1/22/2015,,,1/22/2015,System.Byte[],Waived current late fee 1.
,125548,649038,1495,151738,3221413,124359,1882734,93,88,666527,1/22/2015,-15.0000,False,False,1/22/2015,,,1/22/2015,System.Byte[],Waived current late fee 1.
,1568,649143,1495,151821,3221847,1777,1882935,93,88,666561,1/23/2015,15.0000,False,False,1/23/2015,,,1/23/2015,System.Byte[],Waived current late fee 1.
,1568,649144,1495,151821,3221847,1777,1882935,93,88,666561,1/23/2015,-15.0000,False,False,1/23/2015,,,1/23/2015,System.Byte[],Waived current late fee 1.
,122506,650115,1495,151980,3225414,120910,1884528,93,88,666857,1/26/2015,15.0000,False,False,1/26/2015,,,1/26/2015,System.Byte[],Waived current late fee 1.
,122506,650116,1495,151980,3225414,120910,1884528,93,88,666857,1/26/2015,-15.0000,False,False,1/26/2015,,,1/26/2015,System.Byte[],Waived current late fee 1.
,85952,650131,1495,151980,3225493,93143,1884577,93,88,666864,1/26/2015,15.0000,False,False,1/26/2015,,,1/26/2015,System.Byte[],Waived current late fee 2.
,85952,650132,1495,151980,3225493,93143,1884577,93,88,666864,1/26/2015,-15.0000,False,False,1/26/2015,,,1/26/2015,System.Byte[],Waived current late fee 2.
,1383,651165,1495,152272,3228950,1586,1886234,93,88,667156,1/29/2015,15.0000,False,False,1/29/2015,,,1/29/2015,System.Byte[],Waived current late fee 1.
,1383,651166,1495,152272,3228950,1586,1886234,93,88,667156,1/29/2015,-15.0000,False,False,1/29/2015,,,1/29/2015,System.Byte[],Waived current late fee 1.
,1543,651977,1495,152440,3232939,124347,1888299,93,88,667500,1/31/2015,15.0000,False,False,1/31/2015,,,1/31/2015,System.Byte[],Waived current late fee 1.
,1543,651978,1495,152440,3232939,124347,1888299,93,88,667500,1/31/2015,-15.0000,False,False,1/31/2015,,,1/31/2015,System.Byte[],Waived current late fee 1.
,135808,653075,1495,152685,3248378,136884,1898113,93,88,668012,2/3/2015,15.0000,False,False,2/3/2015,,2/3/2015,2/3/2015,System.Byte[],Waived current late fee 1.
,135808,653076,1495,152685,3248378,136884,1898113,93,88,668012,2/3/2015,-15.0000,False,False,2/3/2015,,2/3/2015,2/3/2015,System.Byte[],Waived current late fee 1.
,135808,653273,1495,152779,3250042,136884,1899112,93,88,668104,2/4/2015,15.0000,False,False,2/4/2015,,,2/4/2015,System.Byte[],Waived current late fee 2.
,135808,653274,1495,152779,3250042,136884,1899112,93,88,668104,2/4/2015,-15.0000,False,False,2/4/2015,,,2/4/2015,System.Byte[],Waived current late fee 2.
,124756,653619,1495,152869,3252918,123428,1900861,93,88,668312,2/5/2015,15.0000,False,False,2/5/2015,,,2/5/2015,System.Byte[],Waived current late fee 1.
,124756,653620,1495,152869,3252918,123428,1900861,93,88,668312,2/5/2015,-15.0000,False,False,2/5/2015,,,2/5/2015,System.Byte[],Waived current late fee 1.
,78801,654881,1495,153276,3263047,85142,1906649,93,88,668984,2/10/2015,15.0000,False,False,2/10/2015,,,2/10/2015,System.Byte[],Waived current late fee 2.
,78801,654882,1495,153276,3263047,85142,1906649,93,88,668984,2/10/2015,-15.0000,False,False,2/10/2015,,,2/10/2015,System.Byte[],Waived current late fee 2.
,1506,654895,1495,153276,3263142,1712,1906697,93,88,668990,2/10/2015,15.0000,False,False,2/10/2015,,,2/10/2015,System.Byte[],Waived current late fee 1.
,1506,654896,1495,153276,3263142,1712,1906697,93,88,668990,2/10/2015,-15.0000,False,False,2/10/2015,,,2/10/2015,System.Byte[],Waived current late fee 1.
,148161,655835,1495,153467,3267705,149761,1908851,93,88,669417,2/12/2015,15.0000,False,False,2/12/2015,,,2/12/2015,System.Byte[],Waived current late fee 1.
,148161,655836,1495,153467,3267705,149761,1908851,93,88,669417,2/12/2015,-15.0000,False,False,2/12/2015,,,2/12/2015,System.Byte[],Waived current late fee 1.
,1438,655871,1495,153467,3267971,1644,1908974,93,88,669443,2/12/2015,15.0000,False,False,2/12/2015,,,2/12/2015,System.Byte[],Waived current late fee 1.
,1438,655872,1495,153467,3267971,1644,1908974,93,88,669443,2/12/2015,-15.0000,False,False,2/12/2015,,,2/12/2015,System.Byte[],Waived current late fee 1.
,116012,656561,1495,153554,3269733,116155,1909679,93,88,669604,2/13/2015,15.0000,False,False,2/13/2015,,,2/13/2015,System.Byte[],Waived current late fee 1.
,116012,656562,1495,153554,3269733,116155,1909679,93,88,669604,2/13/2015,-15.0000,False,False,2/13/2015,,,2/13/2015,System.Byte[],Waived current late fee 1.
,1538,657345,1495,153634,3271610,1745,1910368,1179,88,669741,2/14/2015,15.0000,False,False,2/14/2015,,,2/14/2015,System.Byte[],Waived current late fee 1.
,1538,657346,1495,153634,3271610,1745,1910368,1179,88,669741,2/14/2015,-15.0000,False,False,2/14/2015,,,2/14/2015,System.Byte[],Waived current late fee 1.
,115493,659261,1495,153996,3277579,123887,1913124,93,88,670278,2/19/2015,15.0000,False,False,2/19/2015,,2/19/2015,2/19/2015,System.Byte[],Waived current late fee 1.
,115493,659262,1495,153996,3277579,123887,1913124,93,88,670278,2/19/2015,-15.0000,False,False,2/19/2015,,2/19/2015,2/19/2015,System.Byte[],Waived current late fee 1.
,115493,659263,1495,153996,3277597,123887,1913127,93,88,670281,2/19/2015,15.0000,False,False,2/19/2015,,,2/19/2015,System.Byte[],Waived current late fee 1.
,115493,659264,1495,153996,3277597,123887,1913127,93,88,670281,2/19/2015,-15.0000,False,False,2/19/2015,,,2/19/2015,System.Byte[],Waived current late fee 1.
,144980,659945,1495,154232,3281080,146455,1914865,93,88,670632,2/23/2015,15.0000,False,False,2/23/2015,,,2/23/2015,System.Byte[],Waived current late fee 1.
,144980,659946,1495,154232,3281080,146455,1914865,93,88,670632,2/23/2015,-15.0000,False,False,2/23/2015,,,2/23/2015,System.Byte[],Waived current late fee 1.
,141989,661039,1495,154526,3286410,143363,1917405,93,88,671213,2/26/2015,15.0000,False,False,2/26/2015,,,2/26/2015,System.Byte[],Waived current late fee 1.
,141989,661040,1495,154526,3286410,143363,1917405,93,88,671213,2/26/2015,-15.0000,False,False,2/26/2015,,,2/26/2015,System.Byte[],Waived current late fee 1.
,155195,662633,1495,154990,3305418,156909,1928944,93,88,672097,3/3/2015,15.0000,False,False,3/3/2015,,,3/3/2015,System.Byte[],Waived current late fee 1.
,155195,662634,1495,154990,3305418,156909,1928944,93,88,672097,3/3/2015,-15.0000,False,False,3/3/2015,,,3/3/2015,System.Byte[],Waived current late fee 1.
,80049,663447,1495,155177,3312920,86393,1933488,93,88,672537,3/5/2015,15.0000,False,False,3/5/2015,,,3/5/2015,System.Byte[],Waived current late fee 1.
,80049,663448,1495,155177,3312920,86393,1933488,93,88,672537,3/5/2015,-15.0000,False,False,3/5/2015,,,3/5/2015,System.Byte[],Waived current late fee 1.
,1293,663701,1495,155269,3314977,80082,1934623,93,88,672667,3/6/2015,15.0000,False,False,3/6/2015,,,3/6/2015,System.Byte[],Waived current late fee 1.
,1293,663702,1495,155269,3314977,80082,1934623,93,88,672667,3/6/2015,-15.0000,False,False,3/6/2015,,,3/6/2015,System.Byte[],Waived current late fee 1.
,1293,663703,1495,155269,3314978,80082,1934623,93,88,672668,3/6/2015,15.0000,False,False,3/6/2015,,,3/6/2015,System.Byte[],Waived current late fee 2.
,1293,663704,1495,155269,3314978,80082,1934623,93,88,672668,3/6/2015,-15.0000,False,False,3/6/2015,,,3/6/2015,System.Byte[],Waived current late fee 2.
,1293,663705,1495,155269,3315001,129211,1934628,93,88,672669,3/6/2015,15.0000,False,False,3/6/2015,,,3/6/2015,System.Byte[],Waived current late fee 1.
,1293,663706,1495,155269,3315001,129211,1934628,93,88,672669,3/6/2015,-15.0000,False,False,3/6/2015,,,3/6/2015,System.Byte[],Waived current late fee 1.
,1293,663707,1495,155269,3315002,129211,1934628,93,88,672670,3/6/2015,15.0000,False,False,3/6/2015,,,3/6/2015,System.Byte[],Waived current late fee 2.
,1293,663708,1495,155269,3315002,129211,1934628,93,88,672670,3/6/2015,-15.0000,False,False,3/6/2015,,,3/6/2015,System.Byte[],Waived current late fee 2.
,86147,664033,1495,155359,3316986,93355,1935669,93,88,672854,3/7/2015,15.0000,False,False,3/7/2015,,,3/7/2015,System.Byte[],Waived current late fee 2.
,86147,664034,1495,155359,3316986,93355,1935669,93,88,672854,3/7/2015,-15.0000,False,False,3/7/2015,,,3/7/2015,System.Byte[],Waived current late fee 2.
,155852,664435,1495,155486,3319201,157528,1936948,93,88,673034,3/9/2015,15.0000,False,False,3/9/2015,,,3/9/2015,System.Byte[],Waived current late fee 1.
,155852,664436,1495,155486,3319201,157528,1936948,93,88,673034,3/9/2015,-15.0000,False,False,3/9/2015,,,3/9/2015,System.Byte[],Waived current late fee 1.
,1444,668315,1495,156180,3334969,1650,1944559,1212,88,674463,3/18/2015,15.0000,False,False,3/18/2015,,,3/18/2015,System.Byte[],Waived current late fee 1.
,1444,668316,1495,156180,3334969,1650,1944559,1212,88,674463,3/18/2015,-15.0000,False,False,3/18/2015,,,3/18/2015,System.Byte[],Waived current late fee 1.
,156400,668407,1495,156180,3335253,158034,1944673,1212,88,674493,3/18/2015,15.0000,False,False,3/18/2015,,,3/18/2015,System.Byte[],Waived current late fee 1.
,156400,668408,1495,156180,3335253,158034,1944673,1212,88,674493,3/18/2015,-15.0000,False,False,3/18/2015,,,3/18/2015,System.Byte[],Waived current late fee 1.
,154426,669187,1495,156422,3338454,156126,1946221,93,88,674830,3/21/2015,15.0000,False,False,3/21/2015,,,3/21/2015,System.Byte[],Waived current late fee 1.
,154426,669188,1495,156422,3338454,156126,1946221,93,88,674830,3/21/2015,-15.0000,False,False,3/21/2015,,,3/21/2015,System.Byte[],Waived current late fee 1.
,145081,669455,1495,156502,3339855,151590,1946941,93,88,674977,3/23/2015,15.0000,False,False,3/23/2015,,,3/23/2015,System.Byte[],Waived current late fee 1.
,145081,669456,1495,156502,3339855,151590,1946941,93,88,674977,3/23/2015,-15.0000,False,False,3/23/2015,,,3/23/2015,System.Byte[],Waived current late fee 1.
,145081,669457,1495,156502,3339856,151590,1946941,93,88,674978,3/23/2015,15.0000,False,False,3/23/2015,,,3/23/2015,System.Byte[],Waived current late fee 2.
,145081,669458,1495,156502,3339856,151590,1946941,93,88,674978,3/23/2015,-15.0000,False,False,3/23/2015,,,3/23/2015,System.Byte[],Waived current late fee 2.
,157243,669463,1495,156502,3339892,158826,1946966,93,88,674982,3/23/2015,15.0000,False,False,3/23/2015,,,3/23/2015,System.Byte[],Waived current late fee 1.
,157243,669464,1495,156502,3339892,158826,1946966,93,88,674982,3/23/2015,-15.0000,False,False,3/23/2015,,,3/23/2015,System.Byte[],Waived current late fee 1.
,157243,669465,1495,156502,3339893,158826,1946966,93,88,674983,3/23/2015,15.0000,False,False,3/23/2015,,,3/23/2015,System.Byte[],Waived current late fee 2.
,157243,669466,1495,156502,3339893,158826,1946966,93,88,674983,3/23/2015,-15.0000,False,False,3/23/2015,,,3/23/2015,System.Byte[],Waived current late fee 2.
,1306,669597,1495,156502,3340207,1509,1947142,93,88,675013,3/23/2015,15.0000,False,False,3/23/2015,,,3/23/2015,System.Byte[],Waived current late fee 2.
,1306,669598,1495,156502,3340207,1509,1947142,93,88,675013,3/23/2015,-15.0000,False,False,3/23/2015,,,3/23/2015,System.Byte[],Waived current late fee 2.
,1293,669677,1495,156502,3340492,80082,1947303,93,88,675054,3/23/2015,15.0000,False,False,3/23/2015,,,3/23/2015,System.Byte[],Waived current late fee 1.
,1293,669678,1495,156502,3340492,80082,1947303,93,88,675054,3/23/2015,-15.0000,False,False,3/23/2015,,,3/23/2015,System.Byte[],Waived current late fee 1.
,1293,669683,1495,156502,3340504,129211,1947312,93,88,675057,3/23/2015,15.0000,False,False,3/23/2015,,,3/23/2015,System.Byte[],Waived current late fee 1.
,1293,669684,1495,156502,3340504,129211,1947312,93,88,675057,3/23/2015,-15.0000,False,False,3/23/2015,,,3/23/2015,System.Byte[],Waived current late fee 1.
,1359,670611,1495,156875,3345579,1562,1949809,93,88,675584,3/27/2015,15.0000,False,False,3/27/2015,,,3/27/2015,System.Byte[],Waived current late fee 1.
,1359,670612,1495,156875,3345579,1562,1949809,93,88,675584,3/27/2015,-15.0000,False,False,3/27/2015,,,3/27/2015,System.Byte[],Waived current late fee 1.
,157167,671173,1495,157035,3349623,159929,1951994,93,88,675942,3/30/2015,15.0000,False,False,3/30/2015,,,3/30/2015,System.Byte[],Waived current late fee 1.
,157167,671174,1495,157035,3349623,159929,1951994,93,88,675942,3/30/2015,-15.0000,False,False,3/30/2015,,,3/30/2015,System.Byte[],Waived current late fee 1.
,157167,671175,1495,157035,3349624,158736,1951994,93,88,675943,3/30/2015,15.0000,False,False,3/30/2015,,,3/30/2015,System.Byte[],Waived current late fee 1.
,157167,671176,1495,157035,3349624,158736,1951994,93,88,675943,3/30/2015,-15.0000,False,False,3/30/2015,,,3/30/2015,System.Byte[],Waived current late fee 1.
,157200,671505,1495,157175,3351325,158782,1952987,93,88,676101,3/31/2015,15.0000,False,False,3/31/2015,,,3/31/2015,System.Byte[],Waived current late fee 1.
,157200,671506,1495,157175,3351325,158782,1952987,93,88,676101,3/31/2015,-15.0000,False,False,3/31/2015,,,3/31/2015,System.Byte[],Waived current late fee 1.
,19424,671513,1495,157175,3351413,50682,1953035,93,88,676105,3/31/2015,15.0000,False,False,3/31/2015,,,3/31/2015,System.Byte[],Waived current late fee 1.
,19424,671514,1495,157175,3351413,50682,1953035,93,88,676105,3/31/2015,-15.0000,False,False,3/31/2015,,,3/31/2015,System.Byte[],Waived current late fee 1.
,157243,671535,1495,157175,3351541,158826,1953098,93,88,676112,3/31/2015,15.0000,False,False,3/31/2015,,,3/31/2015,System.Byte[],Waived current late fee 1.
,157243,671536,1495,157175,3351541,158826,1953098,93,88,676112,3/31/2015,-15.0000,False,False,3/31/2015,,,3/31/2015,System.Byte[],Waived current late fee 1.
,155305,673457,1495,157534,3371696,156964,1965347,1179,88,676890,4/4/2015,15.0000,False,False,4/4/2015,,,4/4/2015,System.Byte[],Waived current late fee 1.
,155305,673458,1495,157534,3371696,156964,1965347,1179,88,676890,4/4/2015,-15.0000,False,False,4/4/2015,,,4/4/2015,System.Byte[],Waived current late fee 1.
,41035,673903,1495,157624,3375375,46711,1967431,93,88,677148,4/6/2015,15.0000,False,False,4/6/2015,,,4/6/2015,System.Byte[],Waived current late fee 1.
,41035,673904,1495,157624,3375375,46711,1967431,93,88,677148,4/6/2015,-15.0000,False,False,4/6/2015,,,4/6/2015,System.Byte[],Waived current late fee 1.
,148161,674395,1495,157850,3379344,149761,1969809,1212,88,677912,4/8/2015,15.0000,False,False,4/8/2015,,,4/8/2015,System.Byte[],Waived current late fee 1.
,148161,674396,1495,157850,3379344,149761,1969809,1212,88,677912,4/8/2015,-15.0000,False,False,4/8/2015,,,4/8/2015,System.Byte[],Waived current late fee 1.
,157750,675717,1495,158023,3384622,159346,1972430,93,88,678245,4/10/2015,15.0000,False,False,4/10/2015,,,4/10/2015,System.Byte[],Waived current late fee 1.
,157750,675718,1495,158023,3384622,159346,1972430,93,88,678245,4/10/2015,-15.0000,False,False,4/10/2015,,,4/10/2015,System.Byte[],Waived current late fee 1.
,133295,678009,1495,158205,3390813,134223,1975206,1179,88,678732,4/13/2015,15.0000,False,False,4/13/2015,,,4/13/2015,System.Byte[],Waived current late fee 1.
,133295,678010,1495,158205,3390813,134223,1975206,1179,88,678732,4/13/2015,-15.0000,False,False,4/13/2015,,,4/13/2015,System.Byte[],Waived current late fee 1.
,155771,678029,1495,158205,3390868,159493,1975234,1179,88,678737,4/13/2015,15.0000,False,False,4/13/2015,,,4/13/2015,System.Byte[],Waived current late fee 1.
,155771,678030,1495,158205,3390868,159493,1975234,1179,88,678737,4/13/2015,-15.0000,False,False,4/13/2015,,,4/13/2015,System.Byte[],Waived current late fee 1.
,157243,679605,1495,158669,3397249,158826,1978191,1179,88,679361,4/18/2015,15.0000,False,False,4/18/2015,,,4/18/2015,System.Byte[],Waived current late fee 2.
,157243,679606,1495,158669,3397249,158826,1978191,1179,88,679361,4/18/2015,-15.0000,False,False,4/18/2015,,,4/18/2015,System.Byte[],Waived current late fee 2.
,157576,679609,1495,158669,3397262,1698,1978199,1179,88,679364,4/18/2015,15.0000,False,False,4/18/2015,,,4/18/2015,System.Byte[],Waived current late fee 1.
,157576,679610,1495,158669,3397262,1698,1978199,1179,88,679364,4/18/2015,-15.0000,False,False,4/18/2015,,,4/18/2015,System.Byte[],Waived current late fee 1.
,76898,680243,1495,158872,3400560,83077,1979828,1179,88,679749,4/21/2015,15.0000,False,False,4/21/2015,,,4/21/2015,System.Byte[],Waived current late fee 1.
,76898,680244,1495,158872,3400560,83077,1979828,1179,88,679749,4/21/2015,-15.0000,False,False,4/21/2015,,,4/21/2015,System.Byte[],Waived current late fee 1.
,156482,680835,1495,159036,3402857,158092,1980930,93,88,679992,4/23/2015,15.0000,False,False,4/23/2015,,,4/23/2015,System.Byte[],Waived current late fee 1.
,156482,680836,1495,159036,3402857,158092,1980930,93,88,679992,4/23/2015,-15.0000,False,False,4/23/2015,,,4/23/2015,System.Byte[],Waived current late fee 1.
,154736,680841,1495,159036,3402900,156404,1980949,93,88,679997,4/23/2015,15.0000,False,False,4/23/2015,,,4/23/2015,System.Byte[],Waived current late fee 1.
,154736,680842,1495,159036,3402900,156404,1980949,93,88,679997,4/23/2015,-15.0000,False,False,4/23/2015,,,4/23/2015,System.Byte[],Waived current late fee 1.
,154301,681177,1495,159122,3403778,155998,1981342,93,88,680154,4/24/2015,15.0000,False,False,4/24/2015,,,4/24/2015,System.Byte[],Waived current late fee 1.
,154301,681178,1495,159122,3403778,155998,1981342,93,88,680154,4/24/2015,-15.0000,False,False,4/24/2015,,,4/24/2015,System.Byte[],Waived current late fee 1.
,1346,681259,1495,159122,3404529,1549,1981699,93,88,680226,4/24/2015,15.0000,False,False,4/24/2015,,,4/24/2015,System.Byte[],Waived current late fee 1.
,1346,681260,1495,159122,3404529,1549,1981699,93,88,680226,4/24/2015,-15.0000,False,False,4/24/2015,,,4/24/2015,System.Byte[],Waived current late fee 1.
,157576,681917,1495,159287,3407554,159194,1983255,93,88,680562,4/27/2015,15.0000,False,False,4/27/2015,,,4/27/2015,System.Byte[],Waived current late fee 1.
,157576,681918,1495,159287,3407554,159194,1983255,93,88,680562,4/27/2015,-15.0000,False,False,4/27/2015,,,4/27/2015,System.Byte[],Waived current late fee 1.
,157576,681919,1495,159287,3407555,159194,1983255,93,88,680563,4/27/2015,15.0000,False,False,4/27/2015,,,4/27/2015,System.Byte[],Waived current late fee 2.
,157576,681920,1495,159287,3407555,159194,1983255,93,88,680563,4/27/2015,-15.0000,False,False,4/27/2015,,,4/27/2015,System.Byte[],Waived current late fee 2.
,134116,682011,1495,159419,3408297,135104,1983637,93,88,680619,4/28/2015,15.0000,False,False,4/28/2015,,,4/28/2015,System.Byte[],Waived current late fee 1.
,134116,682012,1495,159419,3408297,135104,1983637,93,88,680619,4/28/2015,-15.0000,False,False,4/28/2015,,,4/28/2015,System.Byte[],Waived current late fee 1.
,154969,682013,1495,159419,3408303,156627,1983641,93,88,680620,4/28/2015,15.0000,False,False,4/28/2015,,,4/28/2015,System.Byte[],Waived current late fee 1.
,154969,682014,1495,159419,3408303,156627,1983641,93,88,680620,4/28/2015,-15.0000,False,False,4/28/2015,,,4/28/2015,System.Byte[],Waived current late fee 1.
,145081,683227,1495,159669,3418448,151590,1989682,93,88,681264,5/1/2015,15.0000,False,False,5/1/2015,,,5/1/2015,System.Byte[],Waived current late fee 1.
,145081,683228,1495,159669,3418448,151590,1989682,93,88,681264,5/1/2015,-15.0000,False,False,5/1/2015,,,5/1/2015,System.Byte[],Waived current late fee 1.
,145081,683229,1495,159669,3418449,151590,1989682,93,88,681265,5/1/2015,15.0000,False,False,5/1/2015,,,5/1/2015,System.Byte[],Waived current late fee 2.
,145081,683230,1495,159669,3418449,151590,1989682,93,88,681265,5/1/2015,-15.0000,False,False,5/1/2015,,,5/1/2015,System.Byte[],Waived current late fee 2.
,155034,684347,1495,159854,3431851,156688,1997413,93,88,681783,5/4/2015,15.0000,False,False,5/4/2015,,,5/4/2015,System.Byte[],Waived current late fee 1.
,155034,684348,1495,159854,3431851,156688,1997413,93,88,681783,5/4/2015,-15.0000,False,False,5/4/2015,,,5/4/2015,System.Byte[],Waived current late fee 1.
,122415,685561,1495,160302,3441445,120813,2002971,93,88,682455,5/7/2015,15.0000,False,False,5/7/2015,,,5/7/2015,System.Byte[],Waived current late fee 1.
,122415,685562,1495,160302,3441445,120813,2002971,93,88,682455,5/7/2015,-15.0000,False,False,5/7/2015,,,5/7/2015,System.Byte[],Waived current late fee 1.
,157243,686801,1495,160484,3449338,163618,2007166,1179,88,683239,5/11/2015,15.0000,False,False,5/11/2015,,,5/11/2015,System.Byte[],Waived current late fee 1.
,157243,686802,1495,160484,3449338,163618,2007166,1179,88,683239,5/11/2015,-15.0000,False,False,5/11/2015,,,5/11/2015,System.Byte[],Waived current late fee 1.
,157243,686803,1495,160484,3449339,163618,2007166,1179,88,683240,5/11/2015,15.0000,False,False,5/11/2015,,,5/11/2015,System.Byte[],Waived current late fee 2.
,157243,686804,1495,160484,3449339,163618,2007166,1179,88,683240,5/11/2015,-15.0000,False,False,5/11/2015,,,5/11/2015,System.Byte[],Waived current late fee 2.
,121903,688737,1495,160982,3457108,120228,2010593,1179,88,684080,5/16/2015,15.0000,False,False,5/16/2015,,,5/16/2015,System.Byte[],Waived current late fee 1.
,121903,688738,1495,160982,3457108,120228,2010593,1179,88,684080,5/16/2015,-15.0000,False,False,5/16/2015,,,5/16/2015,System.Byte[],Waived current late fee 1.
,128868,688769,1495,160982,3457277,129520,2010664,93,88,684102,5/16/2015,15.0000,False,False,5/16/2015,,,5/16/2015,System.Byte[],Waived current late fee 1.
,128868,688770,1495,160982,3457277,129520,2010664,93,88,684102,5/16/2015,-15.0000,False,False,5/16/2015,,,5/16/2015,System.Byte[],Waived current late fee 1.
,156482,690515,1495,161372,3463367,158092,2013451,93,88,684734,5/21/2015,15.0000,False,False,5/21/2015,,,5/21/2015,System.Byte[],Waived current late fee 1.
,156482,690516,1495,161372,3463367,158092,2013451,93,88,684734,5/21/2015,-15.0000,False,False,5/21/2015,,,5/21/2015,System.Byte[],Waived current late fee 1.
,145081,690605,1495,161372,3463652,151590,2013591,93,88,684779,5/21/2015,15.0000,False,False,5/21/2015,,,5/21/2015,System.Byte[],Waived current late fee 1.
,145081,690606,1495,161372,3463652,151590,2013591,93,88,684779,5/21/2015,-15.0000,False,False,5/21/2015,,,5/21/2015,System.Byte[],Waived current late fee 1.
,145081,690607,1495,161372,3463653,151590,2013591,93,88,684780,5/21/2015,15.0000,False,False,5/21/2015,,,5/21/2015,System.Byte[],Waived current late fee 2.
,145081,690608,1495,161372,3463653,151590,2013591,93,88,684780,5/21/2015,-15.0000,False,False,5/21/2015,,,5/21/2015,System.Byte[],Waived current late fee 2.
,146772,690941,1495,161453,3464174,148352,2013758,93,88,684804,5/21/2015,15.0000,False,False,5/21/2015,,,5/21/2015,System.Byte[],Waived current late fee 1.
,146772,690942,1495,161453,3464174,148352,2013758,93,88,684804,5/21/2015,-15.0000,False,False,5/21/2015,,,5/21/2015,System.Byte[],Waived current late fee 1.
,154301,692617,1495,161983,3472912,155998,2018228,93,88,685767,5/29/2015,15.0000,False,False,5/29/2015,,,5/29/2015,System.Byte[],Waived current late fee 1.
,154301,692618,1495,161983,3472912,155998,2018228,93,88,685767,5/29/2015,-15.0000,False,False,5/29/2015,,,5/29/2015,System.Byte[],Waived current late fee 1.
,154301,692619,1495,161983,3472913,155998,2018228,93,88,685768,5/29/2015,15.0000,False,False,5/29/2015,,,5/29/2015,System.Byte[],Waived current late fee 2.
,154301,692620,1495,161983,3472913,155998,2018228,93,88,685768,5/29/2015,-15.0000,False,False,5/29/2015,,,5/29/2015,System.Byte[],Waived current late fee 2.
,154426,692683,1495,161983,3473414,156126,2018467,93,88,685831,5/29/2015,15.0000,False,False,5/29/2015,,,5/29/2015,System.Byte[],Waived current late fee 1.
,154426,692684,1495,161983,3473414,156126,2018467,93,88,685831,5/29/2015,-15.0000,False,False,5/29/2015,,,5/29/2015,System.Byte[],Waived current late fee 1.
,154426,692685,1495,161983,3473415,156126,2018467,93,88,685832,5/29/2015,15.0000,False,False,5/29/2015,,,5/29/2015,System.Byte[],Waived current late fee 2.
,154426,692686,1495,161983,3473415,156126,2018467,93,88,685832,5/29/2015,-15.0000,False,False,5/29/2015,,,5/29/2015,System.Byte[],Waived current late fee 2.
,157243,695885,1495,162697,3503729,163618,2036033,1179,88,687408,6/6/2015,15.0000,False,False,6/6/2015,,,6/6/2015,System.Byte[],Waived current late fee 1.
,157243,695886,1495,162697,3503729,163618,2036033,1179,88,687408,6/6/2015,-15.0000,False,False,6/6/2015,,,6/6/2015,System.Byte[],Waived current late fee 1.
,145081,697009,1495,163030,3511309,151590,2040313,1212,88,688095,6/10/2015,15.0000,False,False,6/10/2015,,,6/10/2015,System.Byte[],Waived current late fee 1.
,145081,697010,1495,163030,3511309,151590,2040313,1212,88,688095,6/10/2015,-15.0000,False,False,6/10/2015,,,6/10/2015,System.Byte[],Waived current late fee 1.
,145081,697011,1495,163030,3511310,151590,2040313,1212,88,688096,6/10/2015,15.0000,False,False,6/10/2015,,,6/10/2015,System.Byte[],Waived current late fee 1.
,145081,697012,1495,163030,3511310,151590,2040313,1212,88,688096,6/10/2015,-15.0000,False,False,6/10/2015,,,6/10/2015,System.Byte[],Waived current late fee 1.
,117792,698903,1495,163394,3520575,147446,2044778,1179,88,689019,6/15/2015,15.0000,False,False,6/15/2015,,,6/15/2015,System.Byte[],Waived current late fee 1.
,117792,698904,1495,163394,3520575,147446,2044778,1179,88,689019,6/15/2015,-15.0000,False,False,6/15/2015,,,6/15/2015,System.Byte[],Waived current late fee 1.
,168929,700553,1495,163949,3528935,167855,2048718,93,88,689824,6/22/2015,15.0000,False,False,6/22/2015,,,6/22/2015,System.Byte[],Waived current late fee 1.
,168929,700554,1495,163949,3528935,167855,2048718,93,88,689824,6/22/2015,-15.0000,False,False,6/22/2015,,,6/22/2015,System.Byte[],Waived current late fee 1.
,61636,701623,1495,164244,3533158,68702,2050698,93,88,690240,6/25/2015,5.0000,False,False,6/25/2015,,,6/25/2015,System.Byte[],Waived current late fee 2.
,61636,701624,1495,164244,3533158,68702,2050698,93,88,690240,6/25/2015,-5.0000,False,False,6/25/2015,,,6/25/2015,System.Byte[],Waived current late fee 2.
,43761,705773,1495,165216,3569181,49648,2071619,1212,88,692349,7/7/2015,15.0000,False,False,7/7/2015,,,7/7/2015,System.Byte[],Waived current late fee 1.
,43761,705774,1495,165216,3569181,49648,2071619,1212,88,692349,7/7/2015,-15.0000,False,False,7/7/2015,,,7/7/2015,System.Byte[],Waived current late fee 1.
,19424,706485,1495,165407,3573557,50682,2073884,93,88,692640,7/9/2015,15.0000,False,False,7/9/2015,,,7/9/2015,System.Byte[],Waived current late fee 2.
,19424,706486,1495,165407,3573557,50682,2073884,93,88,692640,7/9/2015,-15.0000,False,False,7/9/2015,,,7/9/2015,System.Byte[],Waived current late fee 2.
,168929,711135,1495,166262,3591323,167855,2082172,93,88,694431,7/20/2015,15.0000,False,False,7/20/2015,,,7/20/2015,System.Byte[],Waived current late fee 1.
,168929,711136,1495,166262,3591323,167855,2082172,93,88,694431,7/20/2015,-15.0000,False,False,7/20/2015,,,7/20/2015,System.Byte[],Waived current late fee 1.
,78863,712811,1495,166817,3599314,85225,2086109,93,88,695290,7/27/2015,15.0000,False,False,7/27/2015,,,7/27/2015,System.Byte[],Waived current late fee 1.
,78863,712812,1495,166817,3599314,85225,2086109,93,88,695290,7/27/2015,-15.0000,False,False,7/27/2015,,,7/27/2015,System.Byte[],Waived current late fee 1.
,157243,722917,1495,167541,3657660,163618,2122123,93,88,698885,8/4/2015,15.0000,False,False,8/4/2015,,,8/4/2015,System.Byte[],Waived current late fee 1.
,157243,722918,1495,167541,3657660,163618,2122123,93,88,698885,8/4/2015,-15.0000,False,False,8/4/2015,,,8/4/2015,System.Byte[],Waived current late fee 1.
,80049,724025,1495,168326,3665916,86393,2126965,93,88,699524,8/7/2015,15.0000,False,False,8/7/2015,,,8/7/2015,System.Byte[],Waived current late fee 1.
,80049,724026,1495,168326,3665916,86393,2126965,93,88,699524,8/7/2015,-15.0000,False,False,8/7/2015,,,8/7/2015,System.Byte[],Waived current late fee 1.
,172672,724029,1495,168326,3665931,171394,2126974,93,88,699525,8/7/2015,15.0000,False,False,8/7/2015,,,8/7/2015,System.Byte[],Waived current late fee 1.
,172672,724030,1495,168326,3665931,171394,2126974,93,88,699525,8/7/2015,-15.0000,False,False,8/7/2015,,,8/7/2015,System.Byte[],Waived current late fee 1.
,78801,724161,1495,168326,3666950,85142,2127513,93,88,699622,8/7/2015,15.0000,False,False,8/7/2015,,,8/7/2015,System.Byte[],Waived current late fee 2.
,78801,724162,1495,168326,3666950,85142,2127513,93,88,699622,8/7/2015,-15.0000,False,False,8/7/2015,,,8/7/2015,System.Byte[],Waived current late fee 2.
,150223,726399,1495,168867,3678841,167323,2133735,93,88,700744,8/13/2015,15.0000,False,False,8/13/2015,,,8/13/2015,System.Byte[],Waived current late fee 1.
,150223,726400,1495,168867,3678841,167323,2133735,93,88,700744,8/13/2015,-15.0000,False,False,8/13/2015,,,8/13/2015,System.Byte[],Waived current late fee 1.
,150309,726739,1495,168955,3680415,151930,2134411,93,88,700888,8/14/2015,15.0000,False,False,8/14/2015,,,8/14/2015,System.Byte[],Waived current late fee 1.
,150309,726740,1495,168955,3680415,151930,2134411,93,88,700888,8/14/2015,-15.0000,False,False,8/14/2015,,,8/14/2015,System.Byte[],Waived current late fee 1.
,148913,736515,1495,169669,3695286,150518,2140658,93,88,702090,8/24/2015,15.0000,False,False,8/24/2015,,,8/24/2015,System.Byte[],Waived current late fee 1.
,148913,736516,1495,169669,3695286,150518,2140658,93,88,702090,8/24/2015,-15.0000,False,False,8/24/2015,,,8/24/2015,System.Byte[],Waived current late fee 1.
,148913,736517,1495,169669,3695287,150622,2140658,93,88,702091,8/24/2015,15.0000,False,False,8/24/2015,,,8/24/2015,System.Byte[],Waived current late fee 1.
,148913,736518,1495,169669,3695287,150622,2140658,93,88,702091,8/24/2015,-15.0000,False,False,8/24/2015,,,8/24/2015,System.Byte[],Waived current late fee 1.
,73227,740113,1495,170700,3729069,79237,2160423,93,88,704183,9/4/2015,15.0000,False,False,9/4/2015,,,9/4/2015,System.Byte[],Waived current late fee 1.
,73227,740114,1495,170700,3729069,79237,2160423,93,88,704183,9/4/2015,-15.0000,False,False,9/4/2015,,,9/4/2015,System.Byte[],Waived current late fee 1.
,122415,742395,1495,171323,3743305,120813,2168170,93,88,705240,9/11/2015,15.0000,False,False,9/11/2015,,,9/11/2015,System.Byte[],Waived current late fee 1.
,122415,742396,1495,171323,3743305,120813,2168170,93,88,705240,9/11/2015,-15.0000,False,False,9/11/2015,,,9/11/2015,System.Byte[],Waived current late fee 1.
,117792,744439,1495,171526,3748796,147446,2170505,1179,88,705735,9/14/2015,15.0000,False,False,9/14/2015,,,9/14/2015,System.Byte[],Waived current late fee 1.
,117792,744440,1495,171526,3748796,147446,2170505,1179,88,705735,9/14/2015,-15.0000,False,False,9/14/2015,,,9/14/2015,System.Byte[],Waived current late fee 1.
,175722,745803,1495,171838,3752763,174434,2172274,93,88,706161,9/17/2015,15.0000,False,False,9/17/2015,,,9/17/2015,System.Byte[],Waived current late fee 1.
,175722,745804,1495,171838,3752763,174434,2172274,93,88,706161,9/17/2015,-15.0000,False,False,9/17/2015,,,9/17/2015,System.Byte[],Waived current late fee 1.
,102124,746195,1495,172017,3755334,107113,2173540,93,88,706388,9/19/2015,15.0000,False,False,9/19/2015,,,9/19/2015,System.Byte[],Waived current late fee 1.
,102124,746196,1495,172017,3755334,107113,2173540,93,88,706388,9/19/2015,-15.0000,False,False,9/19/2015,,,9/19/2015,System.Byte[],Waived current late fee 1.
,157576,746561,1495,172097,3757299,159194,2174519,1179,88,706545,9/21/2015,15.0000,False,False,9/21/2015,,,9/21/2015,System.Byte[],Waived current late fee 1.
,157576,746562,1495,172097,3757299,159194,2174519,1179,88,706545,9/21/2015,-15.0000,False,False,9/21/2015,,,9/21/2015,System.Byte[],Waived current late fee 1.
,78801,748007,1495,172656,3765826,85142,2178799,93,88,707407,9/28/2015,15.0000,False,False,9/28/2015,,,9/28/2015,System.Byte[],Waived current late fee 1.
,78801,748008,1495,172656,3765826,85142,2178799,93,88,707407,9/28/2015,-15.0000,False,False,9/28/2015,,,9/28/2015,System.Byte[],Waived current late fee 1.
,168935,749025,1495,172967,3778994,167865,2186738,93,88,708069,10/1/2015,15.0000,False,False,10/1/2015,,,10/1/2015,System.Byte[],Waived current late fee 2.
,168935,749026,1495,172967,3778994,167865,2186738,93,88,708069,10/1/2015,-15.0000,False,False,10/1/2015,,,10/1/2015,System.Byte[],Waived current late fee 2.
,19424,749037,1495,172967,3779125,50682,2186810,93,88,708074,10/1/2015,15.0000,False,False,10/1/2015,,,10/1/2015,System.Byte[],Waived current late fee 1.
,19424,749038,1495,172967,3779125,50682,2186810,93,88,708074,10/1/2015,-15.0000,False,False,10/1/2015,,,10/1/2015,System.Byte[],Waived current late fee 1.
,177368,754767,1495,174258,3812840,175991,2205252,1212,88,710267,10/14/2015,15.0000,False,False,10/14/2015,,,10/14/2015,System.Byte[],Waived current late fee 2.
,177368,754768,1495,174258,3812840,175991,2205252,1212,88,710267,10/14/2015,-15.0000,False,False,10/14/2015,,,10/14/2015,System.Byte[],Waived current late fee 2.
,1501,754873,1495,174258,3813426,116718,2205537,93,88,710312,10/15/2015,15.0000,False,False,10/15/2015,,,10/15/2015,System.Byte[],Waived current late fee 1.
,1501,754874,1495,174258,3813426,116718,2205537,93,88,710312,10/15/2015,-15.0000,False,False,10/15/2015,,,10/15/2015,System.Byte[],Waived current late fee 1.
,1501,754875,1495,174258,3813427,1707,2205537,93,88,710313,10/15/2015,15.0000,False,False,10/15/2015,,,10/15/2015,System.Byte[],Waived current late fee 1.
,1501,754876,1495,174258,3813427,1707,2205537,93,88,710313,10/15/2015,-15.0000,False,False,10/15/2015,,,10/15/2015,System.Byte[],Waived current late fee 1.
,1335,756297,1495,174749,3821006,1538,2209094,1212,88,711051,10/21/2015,15.0000,False,False,10/21/2015,,,10/21/2015,System.Byte[],Waived current late fee 2.
,1335,756298,1495,174749,3821006,1538,2209094,1212,88,711051,10/21/2015,-15.0000,False,False,10/21/2015,,,10/21/2015,System.Byte[],Waived current late fee 2.
,19424,759335,1495,175864,3853239,50682,2227735,2082,88,713587,11/3/2015,15.0000,False,False,11/3/2015,,,11/3/2015,System.Byte[],Waived current late fee 1.
,19424,759336,1495,175864,3853239,50682,2227735,2082,88,713587,11/3/2015,-15.0000,False,False,11/3/2015,,,11/3/2015,System.Byte[],Waived current late fee 1.
,178874,760205,1495,176170,3860156,177487,2231684,1212,88,714029,11/5/2015,15.0000,False,False,11/5/2015,,,11/5/2015,System.Byte[],Waived current late fee 2.
,178874,760206,1495,176170,3860156,177487,2231684,1212,88,714029,11/5/2015,-15.0000,False,False,11/5/2015,,,11/5/2015,System.Byte[],Waived current late fee 2.
,155609,760587,1495,176279,3864150,157265,2233949,1179,88,714315,11/7/2015,15.0000,False,False,11/7/2015,,,11/7/2015,System.Byte[],Waived current late fee 1.
,155609,760588,1495,176279,3864150,157265,2233949,1179,88,714315,11/7/2015,-15.0000,False,False,11/7/2015,,,11/7/2015,System.Byte[],Waived current late fee 1.
,146158,761027,1495,176373,3867696,148001,2235977,2082,88,714618,11/9/2015,15.0000,False,False,11/9/2015,,,11/9/2015,System.Byte[],Waived current late fee 1.
,146158,761028,1495,176373,3867696,148001,2235977,2082,88,714618,11/9/2015,-15.0000,False,False,11/9/2015,,,11/9/2015,System.Byte[],Waived current late fee 1.
,155305,761819,1495,176631,3873262,156964,2238843,1212,88,715121,11/11/2015,15.0000,False,False,11/11/2015,,,11/11/2015,System.Byte[],Waived current late fee 2.
,155305,761820,1495,176631,3873262,156964,2238843,1212,88,715121,11/11/2015,-15.0000,False,False,11/11/2015,,,11/11/2015,System.Byte[],Waived current late fee 2.
,169512,767587,1495,178101,3897581,168475,2250268,2082,88,717231,11/30/2015,15.0000,False,False,11/30/2015,,,11/30/2015,System.Byte[],Waived current late fee 1.
,169512,767588,1495,178101,3897581,168475,2250268,2082,88,717231,11/30/2015,-15.0000,False,False,11/30/2015,,,11/30/2015,System.Byte[],Waived current late fee 1.
,116012,767885,1495,178101,3898426,116155,2250757,2082,88,717279,11/30/2015,15.0000,False,False,11/30/2015,,,11/30/2015,System.Byte[],Waived current late fee 2.
,116012,767886,1495,178101,3898426,116155,2250757,2082,88,717279,11/30/2015,-15.0000,False,False,11/30/2015,,,11/30/2015,System.Byte[],Waived current late fee 2.
,154426,768805,1495,178453,3915756,156126,2261484,93,88,717913,12/3/2015,15.0000,False,False,12/3/2015,,,12/3/2015,System.Byte[],Waived current late fee 1.
,154426,768806,1495,178453,3915756,156126,2261484,93,88,717913,12/3/2015,-15.0000,False,False,12/3/2015,,,12/3/2015,System.Byte[],Waived current late fee 1.
,1564,769465,1495,178663,3922643,1629,2265538,93,88,718357,12/5/2015,15.0000,False,False,12/5/2015,,,12/5/2015,System.Byte[],Waived current late fee 1.
,1564,769466,1495,178663,3922643,1629,2265538,93,88,718357,12/5/2015,-15.0000,False,False,12/5/2015,,,12/5/2015,System.Byte[],Waived current late fee 1.
,1564,769467,1495,178663,3922645,1773,2265540,93,88,718358,12/5/2015,15.0000,False,False,12/5/2015,,,12/5/2015,System.Byte[],Waived current late fee 1.
,1564,769468,1495,178663,3922645,1773,2265540,93,88,718358,12/5/2015,-15.0000,False,False,12/5/2015,,,12/5/2015,System.Byte[],Waived current late fee 1.
,159962,772059,1495,179320,3938025,180629,2273745,1179,88,719582,12/12/2015,15.0000,False,False,12/12/2015,,,12/12/2015,System.Byte[],Waived current late fee 1.
,159962,772060,1495,179320,3938025,180629,2273745,1179,88,719582,12/12/2015,-15.0000,False,False,12/12/2015,,,12/12/2015,System.Byte[],Waived current late fee 1.
,159962,772061,1495,179320,3938026,177798,2273746,1179,88,719583,12/12/2015,15.0000,False,False,12/12/2015,,,12/12/2015,System.Byte[],Waived current late fee 1.
,159962,772062,1495,179320,3938026,177798,2273746,1179,88,719583,12/12/2015,-15.0000,False,False,12/12/2015,,,12/12/2015,System.Byte[],Waived current late fee 1.
,84529,772933,1495,179557,3941633,91593,2275439,93,88,719944,12/15/2015,15.0000,False,False,12/15/2015,,,12/15/2015,System.Byte[],Waived current late fee 1.
,84529,772934,1495,179557,3941633,91593,2275439,93,88,719944,12/15/2015,-15.0000,False,False,12/15/2015,,,12/15/2015,System.Byte[],Waived current late fee 1.
,94651,772935,1495,179557,3941635,115464,2275441,93,88,719945,12/15/2015,15.0000,False,False,12/15/2015,,,12/15/2015,System.Byte[],Waived current late fee 1.
,94651,772936,1495,179557,3941635,115464,2275441,93,88,719945,12/15/2015,-15.0000,False,False,12/15/2015,,,12/15/2015,System.Byte[],Waived current late fee 1.
,182605,773559,1495,179732,3944524,181283,2276804,93,88,720253,12/17/2015,15.0000,False,False,12/17/2015,,,12/17/2015,System.Byte[],Waived current late fee 1.
,182605,773560,1495,179732,3944524,181283,2276804,93,88,720253,12/17/2015,-15.0000,False,False,12/17/2015,,,12/17/2015,System.Byte[],Waived current late fee 1.
,154301,773605,1495,179732,3944714,155998,2276898,93,88,720284,12/17/2015,15.0000,False,False,12/17/2015,,,12/17/2015,System.Byte[],Waived current late fee 1.
,154301,773606,1495,179732,3944714,155998,2276898,93,88,720284,12/17/2015,-15.0000,False,False,12/17/2015,,,12/17/2015,System.Byte[],Waived current late fee 1.
,169009,774185,1495,180005,3948838,167948,2278904,93,88,720745,12/21/2015,15.0000,False,False,12/21/2015,,,12/21/2015,System.Byte[],Waived current late fee 1.
,169009,774186,1495,180005,3948838,167948,2278904,93,88,720745,12/21/2015,-15.0000,False,False,12/21/2015,,,12/21/2015,System.Byte[],Waived current late fee 1.
,169512,774959,1495,180315,3953093,168475,2281013,2082,88,721162,12/26/2015,15.0000,False,False,12/26/2015,,,12/26/2015,System.Byte[],Waived current late fee 1.
,169512,774960,1495,180315,3953093,168475,2281013,2082,88,721162,12/26/2015,-15.0000,False,False,12/26/2015,,,12/26/2015,System.Byte[],Waived current late fee 1.
,169512,774961,1495,180315,3953094,168477,2281013,2082,88,721163,12/26/2015,15.0000,False,False,12/26/2015,,,12/26/2015,System.Byte[],Waived current late fee 1.
,169512,774962,1495,180315,3953094,168477,2281013,2082,88,721163,12/26/2015,-15.0000,False,False,12/26/2015,,,12/26/2015,System.Byte[],Waived current late fee 1.
,176034,775789,1495,180659,3957244,174750,2283297,2082,88,721565,12/29/2015,15.0000,False,False,12/29/2015,,,12/29/2015,System.Byte[],Waived current late fee 2.
,176034,775790,1495,180659,3957244,174750,2283297,2082,88,721565,12/29/2015,-15.0000,False,False,12/29/2015,,,12/29/2015,System.Byte[],Waived current late fee 2.
,19278,775793,1495,180659,3957284,21887,2283319,2082,88,721569,12/29/2015,15.0000,False,False,12/29/2015,,,12/29/2015,System.Byte[],Waived current late fee 1.
,19278,775794,1495,180659,3957284,21887,2283319,2082,88,721569,12/29/2015,-15.0000,False,False,12/29/2015,,,12/29/2015,System.Byte[],Waived current late fee 1.
,181307,777383,1495,181082,3979044,179926,2296274,93,88,722578,1/4/2016,15.0000,False,False,1/4/2016,,,1/4/2016,System.Byte[],Waived current late fee 1.
,181307,777384,1495,181082,3979044,179926,2296274,93,88,722578,1/4/2016,-15.0000,False,False,1/4/2016,,,1/4/2016,System.Byte[],Waived current late fee 1.
,149704,777519,1495,181258,3981038,153869,2297505,2082,88,722704,1/5/2016,15.0000,False,False,1/5/2016,,,1/5/2016,System.Byte[],Waived current late fee 1.
,149704,777520,1495,181258,3981038,153869,2297505,2082,88,722704,1/5/2016,-15.0000,False,False,1/5/2016,,,1/5/2016,System.Byte[],Waived current late fee 1.
,1444,778875,1495,181659,3992066,1650,2303484,93,88,723570,1/9/2016,15.0000,False,False,1/9/2016,,,1/9/2016,System.Byte[],Waived current late fee 1.
,1444,778876,1495,181659,3992066,1650,2303484,93,88,723570,1/9/2016,-15.0000,False,False,1/9/2016,,,1/9/2016,System.Byte[],Waived current late fee 1.
,175722,781407,1495,182118,4002211,174434,2308391,93,88,724714,1/14/2016,15.0000,False,False,1/14/2016,,,1/14/2016,System.Byte[],Waived current late fee 1.
,175722,781408,1495,182118,4002211,174434,2308391,93,88,724714,1/14/2016,-15.0000,False,False,1/14/2016,,,1/14/2016,System.Byte[],Waived current late fee 1.
,84596,824472,1495,182377,4247126,91664,2410263,1179,88,745466,1/18/2016,15.0000,False,False,1/18/2016,,,1/18/2016,System.Byte[],Waived current late fee 1.
,84596,824473,1495,182377,4247126,91664,2410263,1179,88,745466,1/18/2016,-15.0000,False,False,1/18/2016,,,1/18/2016,System.Byte[],Waived current late fee 1.
,28547,888480,1495,197250,4459621,32954,2509281,93,88,786958,1/25/2016,15.0000,False,False,1/25/2016,,,1/25/2016,System.Byte[],Waived current late fee 1.
,28547,888481,1495,197250,4459621,32954,2509281,93,88,786958,1/25/2016,-15.0000,False,False,1/25/2016,,,1/25/2016,System.Byte[],Waived current late fee 1.
,75543,888542,1495,197250,4460060,81652,2509502,93,88,787009,1/25/2016,15.0000,False,False,1/25/2016,,,1/25/2016,System.Byte[],Waived current late fee 1.
,75543,888543,1495,197250,4460060,81652,2509502,93,88,787009,1/25/2016,-15.0000,False,False,1/25/2016,,,1/25/2016,System.Byte[],Waived current late fee 1.
,1534,888544,1495,197250,4460088,1741,2509514,93,88,787011,1/25/2016,15.0000,False,False,1/25/2016,,,1/25/2016,System.Byte[],Waived current late fee 1.
,1534,888545,1495,197250,4460088,1741,2509514,93,88,787011,1/25/2016,-15.0000,False,False,1/25/2016,,,1/25/2016,System.Byte[],Waived current late fee 1.
,166366,889678,1495,197564,4468672,165448,2513433,2082,88,787955,1/26/2016,15.0000,False,False,1/26/2016,,,1/26/2016,System.Byte[],Waived current late fee 1.
,166366,889679,1495,197564,4468672,165448,2513433,2082,88,787955,1/26/2016,-15.0000,False,False,1/26/2016,,,1/26/2016,System.Byte[],Waived current late fee 1.
,154969,889772,1495,197648,4469376,156627,2513786,1212,88,788008,1/27/2016,15.0000,False,False,1/27/2016,,,1/27/2016,System.Byte[],Waived current late fee 1.
,154969,889773,1495,197648,4469376,156627,2513786,1212,88,788008,1/27/2016,-15.0000,False,False,1/27/2016,,,1/27/2016,System.Byte[],Waived current late fee 1.
,75664,890026,1495,197741,4470651,81776,2514428,93,88,788112,1/28/2016,15.0000,False,False,1/28/2016,,,1/28/2016,System.Byte[],Waived current late fee 1.
,75664,890027,1495,197741,4470651,81776,2514428,93,88,788112,1/28/2016,-15.0000,False,False,1/28/2016,,,1/28/2016,System.Byte[],Waived current late fee 1.
,157243,891464,1495,198019,4480792,163618,2520397,93,88,788736,2/1/2016,15.0000,False,False,2/1/2016,,,2/1/2016,System.Byte[],Waived current late fee 1.
,157243,891465,1495,198019,4480792,163618,2520397,93,88,788736,2/1/2016,-15.0000,False,False,2/1/2016,,,2/1/2016,System.Byte[],Waived current late fee 1.
,185170,891860,1495,198193,4486250,183991,2523737,2082,88,788945,2/2/2016,15.0000,False,False,2/2/2016,,,2/2/2016,System.Byte[],Waived current late fee 1.
,185170,891861,1495,198193,4486250,183991,2523737,2082,88,788945,2/2/2016,-15.0000,False,False,2/2/2016,,,2/2/2016,System.Byte[],Waived current late fee 1.
,185431,894336,1495,199124,4510242,184224,2537350,93,88,791400,2/11/2016,15.0000,False,False,2/11/2016,,,2/11/2016,System.Byte[],Waived current late fee 1.
,185431,894337,1495,199124,4510242,184224,2537350,93,88,791400,2/11/2016,-15.0000,False,False,2/11/2016,,,2/11/2016,System.Byte[],Waived current late fee 1.
,155975,895798,1495,199584,4516299,157654,2540065,93,88,791958,2/16/2016,15.0000,False,False,2/16/2016,,,2/16/2016,System.Byte[],Waived current late fee 1.
,155975,895799,1495,199584,4516299,157654,2540065,93,88,791958,2/16/2016,-15.0000,False,False,2/16/2016,,,2/16/2016,System.Byte[],Waived current late fee 1.
,185709,896238,1495,199775,4519441,184506,2541500,93,88,792287,2/18/2016,15.0000,False,False,2/18/2016,,,2/18/2016,System.Byte[],Waived current late fee 1.
,185709,896239,1495,199775,4519441,184506,2541500,93,88,792287,2/18/2016,-15.0000,False,False,2/18/2016,,,2/18/2016,System.Byte[],Waived current late fee 1.
,1293,896848,1495,199874,4520689,129211,2541984,93,88,792391,2/19/2016,15.0000,False,False,2/19/2016,,,2/19/2016,System.Byte[],Waived current late fee 1.
,1293,896849,1495,199874,4520689,129211,2541984,93,88,792391,2/19/2016,-15.0000,False,False,2/19/2016,,,2/19/2016,System.Byte[],Waived current late fee 1.
,1367,897880,1495,200066,4523996,1570,2543380,93,88,792705,2/22/2016,15.0000,False,False,2/22/2016,,,2/22/2016,System.Byte[],Waived current late fee 1.
,1367,897881,1495,200066,4523996,1570,2543380,93,88,792705,2/22/2016,-15.0000,False,False,2/22/2016,,,2/22/2016,System.Byte[],Waived current late fee 1.
,1367,897882,1495,200066,4523997,1570,2543380,93,88,792706,2/22/2016,15.0000,False,False,2/22/2016,,,2/22/2016,System.Byte[],Waived current late fee 2.
,1367,897883,1495,200066,4523997,1570,2543380,93,88,792706,2/22/2016,-15.0000,False,False,2/22/2016,,,2/22/2016,System.Byte[],Waived current late fee 2.
,19424,899499,1495,200698,4533652,50682,2548257,93,88,793731,2/29/2016,15.0000,False,False,2/29/2016,,,2/29/2016,System.Byte[],Waived current late fee 1.
,19424,899500,1495,200698,4533652,50682,2548257,93,88,793731,2/29/2016,-15.0000,False,False,2/29/2016,,,2/29/2016,System.Byte[],Waived current late fee 1.
,132231,901461,1495,201084,4549578,133130,2558063,93,88,794591,3/3/2016,15.0000,False,False,3/3/2016,,,3/3/2016,System.Byte[],Waived current late fee 1.
,132231,901462,1495,201084,4549578,133130,2558063,93,88,794591,3/3/2016,-15.0000,False,False,3/3/2016,,,3/3/2016,System.Byte[],Waived current late fee 1.
,185421,902804,1495,201413,4560525,184217,2564471,93,88,795321,3/7/2016,15.0000,False,False,3/7/2016,,,3/7/2016,System.Byte[],Waived current late fee 1.
,185421,902805,1495,201413,4560525,184217,2564471,93,88,795321,3/7/2016,-15.0000,False,False,3/7/2016,,,3/7/2016,System.Byte[],Waived current late fee 1.
,185421,902806,1495,201413,4560526,184218,2564471,93,88,795322,3/7/2016,15.0000,False,False,3/7/2016,,,3/7/2016,System.Byte[],Waived current late fee 1.
,185421,902807,1495,201413,4560526,184218,2564471,93,88,795322,3/7/2016,-15.0000,False,False,3/7/2016,,,3/7/2016,System.Byte[],Waived current late fee 1.
,156090,905336,1495,202134,4574071,157759,2571304,93,88,796471,3/14/2016,15.0000,False,False,3/14/2016,,,3/14/2016,System.Byte[],Waived current late fee 1.
,156090,905337,1495,202134,4574071,157759,2571304,93,88,796471,3/14/2016,-15.0000,False,False,3/14/2016,,,3/14/2016,System.Byte[],Waived current late fee 1.
,1564,905722,1495,202294,4575455,1629,2571939,2082,88,796673,3/15/2016,15.0000,False,False,3/15/2016,,,3/15/2016,System.Byte[],Waived current late fee 1.
,1564,905723,1495,202294,4575455,1629,2571939,2082,88,796673,3/15/2016,-15.0000,False,False,3/15/2016,,,3/15/2016,System.Byte[],Waived current late fee 1.
,1564,905724,1495,202294,4575456,1773,2571939,2082,88,796674,3/15/2016,15.0000,False,False,3/15/2016,,,3/15/2016,System.Byte[],Waived current late fee 1.
,1564,905725,1495,202294,4575456,1773,2571939,2082,88,796674,3/15/2016,-15.0000,False,False,3/15/2016,,,3/15/2016,System.Byte[],Waived current late fee 1.
,1564,905726,1495,202294,4575457,1629,2571939,2082,88,796675,3/15/2016,15.0000,False,False,3/15/2016,,,3/15/2016,System.Byte[],Waived current late fee 2.
,1564,905727,1495,202294,4575457,1629,2571939,2082,88,796675,3/15/2016,-15.0000,False,False,3/15/2016,,,3/15/2016,System.Byte[],Waived current late fee 2.
,1564,905728,1495,202294,4575458,1773,2571939,2082,88,796676,3/15/2016,15.0000,False,False,3/15/2016,,,3/15/2016,System.Byte[],Waived current late fee 2.
,1564,905729,1495,202294,4575458,1773,2571939,2082,88,796676,3/15/2016,-15.0000,False,False,3/15/2016,,,3/15/2016,System.Byte[],Waived current late fee 2.
,178401,907101,1495,203163,4586879,177023,2578548,2082,88,798505,3/18/2016,15.0000,False,False,3/18/2016,,,3/18/2016,System.Byte[],Waived current late fee 1.
,178401,907102,1495,203163,4586879,177023,2578548,2082,88,798505,3/18/2016,-15.0000,False,False,3/18/2016,,,3/18/2016,System.Byte[],Waived current late fee 1.
,102124,907898,1495,203510,4591707,107113,2581052,2082,88,799329,3/22/2016,15.0000,False,False,3/22/2016,,,3/22/2016,System.Byte[],Waived current late fee 1.
,102124,907899,1495,203510,4591707,107113,2581052,2082,88,799329,3/22/2016,-15.0000,False,False,3/22/2016,,,3/22/2016,System.Byte[],Waived current late fee 1.
,144905,907940,1495,203510,4591797,146366,2581108,93,88,799344,3/22/2016,15.0000,False,False,3/22/2016,,,3/22/2016,System.Byte[],Waived current late fee 1.
,144905,907941,1495,203510,4591797,146366,2581108,93,88,799344,3/22/2016,-15.0000,False,False,3/22/2016,,,3/22/2016,System.Byte[],Waived current late fee 1.
,19424,909336,1495,204124,4599650,50682,2585113,2082,88,800165,3/29/2016,15.0000,False,False,3/29/2016,,,3/29/2016,System.Byte[],Waived current late fee 1.
,19424,909337,1495,204124,4599650,50682,2585113,2082,88,800165,3/29/2016,-15.0000,False,False,3/29/2016,,,3/29/2016,System.Byte[],Waived current late fee 1.
,49053,909776,1495,204223,4601713,55423,2586122,1212,88,800426,3/30/2016,15.0000,False,False,3/30/2016,,,3/30/2016,System.Byte[],Waived current late fee 1.
,49053,909777,1495,204223,4601713,55423,2586122,1212,88,800426,3/30/2016,-15.0000,False,False,3/30/2016,,,3/30/2016,System.Byte[],Waived current late fee 1.
,157167,910244,1495,204426,4604064,159929,2587420,2082,88,800685,3/31/2016,15.0000,False,False,3/31/2016,,,3/31/2016,System.Byte[],Waived current late fee 1.
,157167,910245,1495,204426,4604064,159929,2587420,2082,88,800685,3/31/2016,-15.0000,False,False,3/31/2016,,,3/31/2016,System.Byte[],Waived current late fee 1.
,157167,910246,1495,204426,4604065,158736,2587420,2082,88,800686,3/31/2016,15.0000,False,False,3/31/2016,,,3/31/2016,System.Byte[],Waived current late fee 1.
,157167,910247,1495,204426,4604065,158736,2587420,2082,88,800686,3/31/2016,-15.0000,False,False,3/31/2016,,,3/31/2016,System.Byte[],Waived current late fee 1.
,206808,910864,1495,204540,4615290,206729,2594668,1179,88,801060,4/2/2016,15.0000,False,False,4/2/2016,,,4/2/2016,System.Byte[],Waived current late fee 1.
,206808,910865,1495,204540,4615290,206729,2594668,1179,88,801060,4/2/2016,-15.0000,False,False,4/2/2016,,,4/2/2016,System.Byte[],Waived current late fee 1.
,132231,911315,1495,204659,4620264,133130,2597731,93,88,801321,4/4/2016,15.0000,False,False,4/4/2016,,,4/4/2016,System.Byte[],Waived current late fee 2.
,132231,911316,1495,204659,4620264,133130,2597731,93,88,801321,4/4/2016,-15.0000,False,False,4/4/2016,,,4/4/2016,System.Byte[],Waived current late fee 2.
,87073,911371,1495,204659,4621625,94395,2598531,93,88,801402,4/4/2016,15.0000,False,False,4/4/2016,,,4/4/2016,System.Byte[],Waived current late fee 1.
,87073,911372,1495,204659,4621625,94395,2598531,93,88,801402,4/4/2016,-15.0000,False,False,4/4/2016,,,4/4/2016,System.Byte[],Waived current late fee 1.
,78083,913267,1495,205196,4631559,84383,2604080,93,88,802042,4/8/2016,15.0000,False,False,4/8/2016,,,4/8/2016,System.Byte[],Waived current late fee 1.
,78083,913268,1495,205196,4631559,84383,2604080,93,88,802042,4/8/2016,-15.0000,False,False,4/8/2016,,,4/8/2016,System.Byte[],Waived current late fee 1.
,185709,914135,1495,205407,4638437,184506,2607710,1179,88,802615,4/11/2016,15.0000,False,False,4/11/2016,,,4/11/2016,System.Byte[],Waived current late fee 1.
,185709,914136,1495,205407,4638437,184506,2607710,1179,88,802615,4/11/2016,-15.0000,False,False,4/11/2016,,,4/11/2016,System.Byte[],Waived current late fee 1.
,155975,914756,1495,205601,4640832,157654,2608761,1212,88,802961,4/12/2016,15.0000,False,False,4/12/2016,,,4/12/2016,System.Byte[],Waived current late fee 1.
,155975,914757,1495,205601,4640832,157654,2608761,1212,88,802961,4/12/2016,-15.0000,False,False,4/12/2016,,,4/12/2016,System.Byte[],Waived current late fee 1.
,148161,915533,1495,205801,4643445,149761,2609875,1212,88,803214,4/14/2016,15.0000,False,False,4/14/2016,,,4/14/2016,System.Byte[],Waived current late fee 1.
,148161,915534,1495,205801,4643445,149761,2609875,1212,88,803214,4/14/2016,-15.0000,False,False,4/14/2016,,,4/14/2016,System.Byte[],Waived current late fee 1.
,1293,916612,1495,206088,4648644,129211,2612275,1212,88,803685,4/18/2016,15.0000,False,False,4/18/2016,,,4/18/2016,System.Byte[],Waived current late fee 1.
,1293,916613,1495,206088,4648644,129211,2612275,1212,88,803685,4/18/2016,-15.0000,False,False,4/18/2016,,,4/18/2016,System.Byte[],Waived current late fee 1.
,117792,916702,1495,206088,4649380,147446,2612651,1179,88,803759,4/18/2016,15.0000,False,False,4/18/2016,,,4/18/2016,System.Byte[],Waived current late fee 1.
,117792,916703,1495,206088,4649380,147446,2612651,1179,88,803759,4/18/2016,-15.0000,False,False,4/18/2016,,,4/18/2016,System.Byte[],Waived current late fee 1.
,157576,917248,1495,206239,4650602,1698,2613140,1212,88,803861,4/19/2016,15.0000,False,False,4/19/2016,,,4/19/2016,System.Byte[],Waived current late fee 1.
,157576,917249,1495,206239,4650602,1698,2613140,1212,88,803861,4/19/2016,-15.0000,False,False,4/19/2016,,,4/19/2016,System.Byte[],Waived current late fee 1.
,157576,917250,1495,206239,4650603,159194,2613140,1212,88,803862,4/19/2016,15.0000,False,False,4/19/2016,,,4/19/2016,System.Byte[],Waived current late fee 1.
,157576,917251,1495,206239,4650603,159194,2613140,1212,88,803862,4/19/2016,-15.0000,False,False,4/19/2016,,,4/19/2016,System.Byte[],Waived current late fee 1.
,154426,918092,1495,206517,4653974,156126,2614652,93,88,804157,4/22/2016,15.0000,False,False,4/22/2016,,,4/22/2016,System.Byte[],Waived current late fee 1.
,154426,918093,1495,206517,4653974,156126,2614652,93,88,804157,4/22/2016,-15.0000,False,False,4/22/2016,,,4/22/2016,System.Byte[],Waived current late fee 1.
,154301,928197,1495,208815,4692486,155998,2636528,93,88,811529,4/25/2016,15.0000,False,False,4/25/2016,,,4/25/2016,System.Byte[],Waived current late fee 1.
,154301,928198,1495,208815,4692486,155998,2636528,93,88,811529,4/25/2016,-15.0000,False,False,4/25/2016,,,4/25/2016,System.Byte[],Waived current late fee 1.
,154969,928595,1495,209063,4695216,156627,2637951,1212,88,811842,4/27/2016,15.0000,False,False,4/27/2016,,,4/27/2016,System.Byte[],Waived current late fee 1.
,154969,928596,1495,209063,4695216,156627,2637951,1212,88,811842,4/27/2016,-15.0000,False,False,4/27/2016,,,4/27/2016,System.Byte[],Waived current late fee 1.
,186178,928828,1495,209159,4697447,185092,2639172,93,88,812078,4/28/2016,15.0000,False,False,4/28/2016,,,4/28/2016,System.Byte[],Waived current late fee 2.
,186178,928829,1495,209159,4697447,185092,2639172,93,88,812078,4/28/2016,-15.0000,False,False,4/28/2016,,,4/28/2016,System.Byte[],Waived current late fee 2.
,180912,929926,1495,209457,4707085,179528,2644960,93,88,812737,5/2/2016,15.0000,False,False,5/2/2016,,,5/2/2016,System.Byte[],Waived current late fee 1.
,180912,929927,1495,209457,4707085,179528,2644960,93,88,812737,5/2/2016,-15.0000,False,False,5/2/2016,,,5/2/2016,System.Byte[],Waived current late fee 1.
,131248,931832,1495,209889,4722992,132070,2654766,93,88,814288,5/5/2016,15.0000,False,False,5/5/2016,,,5/5/2016,System.Byte[],Waived current late fee 1.
,131248,931833,1495,209889,4722992,132070,2654766,93,88,814288,5/5/2016,-15.0000,False,False,5/5/2016,,,5/5/2016,System.Byte[],Waived current late fee 1.
,212554,933496,1495,210218,4731808,210601,2659625,93,88,814979,5/9/2016,15.0000,False,False,5/9/2016,,,5/9/2016,System.Byte[],Waived current late fee 1.
,212554,933497,1495,210218,4731808,210601,2659625,93,88,814979,5/9/2016,-15.0000,False,False,5/9/2016,,,5/9/2016,System.Byte[],Waived current late fee 1.
,202580,933646,1495,210218,4732856,204446,2660201,93,88,815090,5/9/2016,15.0000,False,False,5/9/2016,,,5/9/2016,System.Byte[],Waived current late fee 1.
,202580,933647,1495,210218,4732856,204446,2660201,93,88,815090,5/9/2016,-15.0000,False,False,5/9/2016,,,5/9/2016,System.Byte[],Waived current late fee 1.
,211583,934837,1495,210614,4739533,210114,2663592,93,88,815614,5/12/2016,15.0000,False,False,5/12/2016,,,5/12/2016,System.Byte[],Waived current late fee 1.
,211583,934838,1495,210614,4739533,210114,2663592,93,88,815614,5/12/2016,-15.0000,False,False,5/12/2016,,,5/12/2016,System.Byte[],Waived current late fee 1.
,211583,934839,1495,210614,4739534,210114,2663592,93,88,815615,5/12/2016,15.0000,False,False,5/12/2016,,,5/12/2016,System.Byte[],Waived current late fee 2.
,211583,934840,1495,210614,4739534,210114,2663592,93,88,815615,5/12/2016,-15.0000,False,False,5/12/2016,,,5/12/2016,System.Byte[],Waived current late fee 2.
,206722,936002,1495,210815,4744043,207492,2665693,1179,88,816541,5/14/2016,15.0000,False,False,5/14/2016,,,5/14/2016,System.Byte[],Waived current late fee 1.
,206722,936003,1495,210815,4744043,207492,2665693,1179,88,816541,5/14/2016,-15.0000,False,False,5/14/2016,,,5/14/2016,System.Byte[],Waived current late fee 1.
,156090,936347,1495,210904,4745742,157759,2666498,2082,88,816766,5/16/2016,15.0000,False,False,5/16/2016,,,5/16/2016,System.Byte[],Waived current late fee 1.
,156090,936348,1495,210904,4745742,157759,2666498,2082,88,816766,5/16/2016,-15.0000,False,False,5/16/2016,,,5/16/2016,System.Byte[],Waived current late fee 1.
,154301,937677,1495,211336,4751509,155998,2669250,93,88,817355,5/20/2016,15.0000,False,False,5/20/2016,,,5/20/2016,System.Byte[],Waived current late fee 1.
,154301,937678,1495,211336,4751509,155998,2669250,93,88,817355,5/20/2016,-15.0000,False,False,5/20/2016,,,5/20/2016,System.Byte[],Waived current late fee 1.
,154426,937679,1495,211336,4751514,156126,2669252,93,88,817356,5/20/2016,15.0000,False,False,5/20/2016,,,5/20/2016,System.Byte[],Waived current late fee 1.
,154426,937680,1495,211336,4751514,156126,2669252,93,88,817356,5/20/2016,-15.0000,False,False,5/20/2016,,,5/20/2016,System.Byte[],Waived current late fee 1.
,144905,938443,1495,211670,4756208,146366,2671561,2082,88,817834,5/24/2016,15.0000,False,False,5/24/2016,,,5/24/2016,System.Byte[],Waived current late fee 1.
,144905,938444,1495,211670,4756208,146366,2671561,2082,88,817834,5/24/2016,-15.0000,False,False,5/24/2016,,,5/24/2016,System.Byte[],Waived current late fee 1.
,78801,941272,1495,212386,4776901,85142,2683309,1212,88,820952,6/1/2016,15.0000,False,False,6/1/2016,,,6/1/2016,System.Byte[],Waived current late fee 2.
,78801,941273,1495,212386,4776901,85142,2683309,1212,88,820952,6/1/2016,-15.0000,False,False,6/1/2016,,,6/1/2016,System.Byte[],Waived current late fee 2.
,206105,943330,1495,213046,4797653,206927,2695782,2082,88,822449,6/7/2016,15.0000,False,False,6/7/2016,,,6/7/2016,System.Byte[],Waived current late fee 1.
,206105,943331,1495,213046,4797653,206927,2695782,2082,88,822449,6/7/2016,-15.0000,False,False,6/7/2016,,,6/7/2016,System.Byte[],Waived current late fee 1.
,1576,944511,1495,213276,4802389,1786,2698153,93,88,822807,6/9/2016,15.0000,False,False,6/9/2016,,,6/9/2016,System.Byte[],Waived current late fee 1.
,1576,944512,1495,213276,4802389,1786,2698153,93,88,822807,6/9/2016,-15.0000,False,False,6/9/2016,,,6/9/2016,System.Byte[],Waived current late fee 1.
,216186,944517,1495,213276,4802479,214147,2698199,93,88,822814,6/9/2016,15.0000,False,False,6/9/2016,,,6/9/2016,System.Byte[],Waived current late fee 1.
,216186,944518,1495,213276,4802479,214147,2698199,93,88,822814,6/9/2016,-15.0000,False,False,6/9/2016,,,6/9/2016,System.Byte[],Waived current late fee 1.
,41371,948065,1495,214260,4820087,47056,2706762,93,88,824613,6/20/2016,15.0000,False,False,6/20/2016,,,6/20/2016,System.Byte[],Waived current late fee 1.
,41371,948066,1495,214260,4820087,47056,2706762,93,88,824613,6/20/2016,-15.0000,False,False,6/20/2016,,,6/20/2016,System.Byte[],Waived current late fee 1.
,216429,949923,1495,214872,4829731,214381,2711457,93,88,825693,6/27/2016,15.0000,False,False,6/27/2016,,,6/27/2016,System.Byte[],Waived current late fee 2.
,216429,949924,1495,214872,4829731,214381,2711457,93,88,825693,6/27/2016,-15.0000,False,False,6/27/2016,,,6/27/2016,System.Byte[],Waived current late fee 2.
,122852,950095,1495,215020,4831064,1589,2712232,2082,88,825863,6/28/2016,15.0000,False,False,6/28/2016,,,6/28/2016,System.Byte[],Waived current late fee 1.
,122852,950096,1495,215020,4831064,1589,2712232,2082,88,825863,6/28/2016,-15.0000,False,False,6/28/2016,,,6/28/2016,System.Byte[],Waived current late fee 1.
,122852,950097,1495,215020,4831065,1827,2712232,2082,88,825864,6/28/2016,15.0000,False,False,6/28/2016,,,6/28/2016,System.Byte[],Waived current late fee 1.
,122852,950098,1495,215020,4831065,1827,2712232,2082,88,825864,6/28/2016,-15.0000,False,False,6/28/2016,,,6/28/2016,System.Byte[],Waived current late fee 1.
,122852,950099,1495,215020,4831066,154199,2712232,2082,88,825865,6/28/2016,15.0000,False,False,6/28/2016,,,6/28/2016,System.Byte[],Waived current late fee 1.
,122852,950100,1495,215020,4831066,154199,2712232,2082,88,825865,6/28/2016,-15.0000,False,False,6/28/2016,,,6/28/2016,System.Byte[],Waived current late fee 1.
,78801,953314,1495,215412,4850145,85142,2723320,1179,88,826941,7/2/2016,15.0000,False,False,7/2/2016,,,7/2/2016,System.Byte[],Waived current late fee 2.
,78801,953315,1495,215412,4850145,85142,2723320,1179,88,826941,7/2/2016,-15.0000,False,False,7/2/2016,,,7/2/2016,System.Byte[],Waived current late fee 2.
,1306,953376,1495,215412,4851203,1509,2724050,1179,88,827019,7/2/2016,15.0000,False,False,7/2/2016,,,7/2/2016,System.Byte[],Waived current late fee 2.
,1306,953377,1495,215412,4851203,1509,2724050,1179,88,827019,7/2/2016,-15.0000,False,False,7/2/2016,,,7/2/2016,System.Byte[],Waived current late fee 2.
,224530,954594,1495,215523,4857784,218260,2727911,2082,88,827406,7/5/2016,15.0000,False,False,7/5/2016,,,7/5/2016,System.Byte[],Waived current late fee 1.
,224530,954595,1495,215523,4857784,218260,2727911,2082,88,827406,7/5/2016,-15.0000,False,False,7/5/2016,,,7/5/2016,System.Byte[],Waived current late fee 1.
,224530,954596,1495,215523,4857793,218261,2727916,2082,88,827409,7/5/2016,15.0000,False,False,7/5/2016,,,7/5/2016,System.Byte[],Waived current late fee 1.
,224530,954597,1495,215523,4857793,218261,2727916,2082,88,827409,7/5/2016,-15.0000,False,False,7/5/2016,,,7/5/2016,System.Byte[],Waived current late fee 1.
,46363,954608,1495,215523,4858086,52671,2728109,2082,88,827422,7/5/2016,15.0000,False,False,7/5/2016,,,7/5/2016,System.Byte[],Waived current late fee 1.
,46363,954609,1495,215523,4858086,52671,2728109,2082,88,827422,7/5/2016,-15.0000,False,False,7/5/2016,,,7/5/2016,System.Byte[],Waived current late fee 1.
,33259,957071,1495,216208,4873979,36864,2736936,93,88,828566,7/11/2016,15.0000,False,False,7/11/2016,,,7/11/2016,System.Byte[],Waived current late fee 1.
,33259,957072,1495,216208,4873979,36864,2736936,93,88,828566,7/11/2016,-15.0000,False,False,7/11/2016,,,7/11/2016,System.Byte[],Waived current late fee 1.
,223208,957433,1495,216208,4875416,217058,2737622,1179,88,828764,7/11/2016,15.0000,False,False,7/11/2016,,,7/11/2016,System.Byte[],Waived current late fee 2.
,223208,957434,1495,216208,4875416,217058,2737622,1179,88,828764,7/11/2016,-15.0000,False,False,7/11/2016,,,7/11/2016,System.Byte[],Waived current late fee 2.
,156090,963527,1495,218328,4934074,157759,2770190,93,88,833801,7/14/2016,15.0000,False,False,7/14/2016,,,7/14/2016,System.Byte[],Waived current late fee 1.
,156090,963528,1495,218328,4934074,157759,2770190,93,88,833801,7/14/2016,-15.0000,False,False,7/14/2016,,,7/14/2016,System.Byte[],Waived current late fee 1.
,204876,964363,1495,218519,4939459,205762,2772822,93,88,834262,7/18/2016,15.0000,False,False,7/18/2016,,,7/18/2016,System.Byte[],Waived current late fee 1.
,204876,964364,1495,218519,4939459,205762,2772822,93,88,834262,7/18/2016,-15.0000,False,False,7/18/2016,,,7/18/2016,System.Byte[],Waived current late fee 1.
,165646,966059,1495,219227,4947895,164745,2776949,93,88,835192,7/25/2016,15.0000,False,False,7/25/2016,,,7/25/2016,System.Byte[],Waived current late fee 2.
,165646,966060,1495,219227,4947895,164745,2776949,93,88,835192,7/25/2016,-15.0000,False,False,7/25/2016,,,7/25/2016,System.Byte[],Waived current late fee 2.
,172550,968411,1495,219856,4965643,171265,2787320,93,88,836639,8/1/2016,15.0000,False,False,8/1/2016,,,8/1/2016,System.Byte[],Waived current late fee 1.
,172550,968412,1495,219856,4965643,171265,2787320,93,88,836639,8/1/2016,-15.0000,False,False,8/1/2016,,,8/1/2016,System.Byte[],Waived current late fee 1.
,172550,968413,1495,219856,4965646,171264,2787322,93,88,836640,8/1/2016,15.0000,False,False,8/1/2016,,,8/1/2016,System.Byte[],Waived current late fee 1.
,172550,968414,1495,219856,4965646,171264,2787322,93,88,836640,8/1/2016,-15.0000,False,False,8/1/2016,,,8/1/2016,System.Byte[],Waived current late fee 1.
,3003,968773,1495,220042,4970842,3478,2790574,93,88,836853,8/2/2016,15.0000,False,False,8/2/2016,,,8/2/2016,System.Byte[],Waived current late fee 1.
,3003,968774,1495,220042,4970842,3478,2790574,93,88,836853,8/2/2016,-15.0000,False,False,8/2/2016,,,8/2/2016,System.Byte[],Waived current late fee 1.
,1293,970145,1495,220389,4982312,129211,2797417,93,88,838120,8/5/2016,15.0000,False,False,8/5/2016,,,8/5/2016,System.Byte[],Waived current late fee 2.
,1293,970146,1495,220389,4982312,129211,2797417,93,88,838120,8/5/2016,-15.0000,False,False,8/5/2016,,,8/5/2016,System.Byte[],Waived current late fee 2.
,213901,970147,1495,220389,4982325,211838,2797425,93,88,838122,8/5/2016,15.0000,False,False,8/5/2016,,,8/5/2016,System.Byte[],Waived current late fee 2.
,213901,970148,1495,220389,4982325,211838,2797425,93,88,838122,8/5/2016,-15.0000,False,False,8/5/2016,,,8/5/2016,System.Byte[],Waived current late fee 2.
,43761,970891,1495,220606,4988793,49648,2801286,93,88,838581,8/8/2016,15.0000,False,False,8/8/2016,,,8/8/2016,System.Byte[],Waived current late fee 1.
,43761,970892,1495,220606,4988793,49648,2801286,93,88,838581,8/8/2016,-15.0000,False,False,8/8/2016,,,8/8/2016,System.Byte[],Waived current late fee 1.
,228077,971536,1495,220903,4993362,221530,2803821,1212,88,838939,8/10/2016,15.0000,False,False,8/10/2016,,,8/10/2016,System.Byte[],Waived current late fee 2.
,228077,971537,1495,220903,4993362,221530,2803821,1212,88,838939,8/10/2016,-15.0000,False,False,8/10/2016,,,8/10/2016,System.Byte[],Waived current late fee 2.
,228077,971538,1495,220903,4993363,222271,2803821,1212,88,838940,8/10/2016,15.0000,False,False,8/10/2016,,,8/10/2016,System.Byte[],Waived current late fee 2.
,228077,971539,1495,220903,4993363,222271,2803821,1212,88,838940,8/10/2016,-15.0000,False,False,8/10/2016,,,8/10/2016,System.Byte[],Waived current late fee 2.
,140513,971950,1495,221022,4996661,141863,2805600,93,88,839135,8/11/2016,15.0000,False,False,8/11/2016,,,8/11/2016,System.Byte[],Waived current late fee 2.
,140513,971951,1495,221022,4996661,141863,2805600,93,88,839135,8/11/2016,-15.0000,False,False,8/11/2016,,,8/11/2016,System.Byte[],Waived current late fee 2.
,1307,973379,1495,221251,5001795,1510,2807818,1179,88,839655,8/13/2016,15.0000,False,False,8/13/2016,,,8/13/2016,System.Byte[],Waived current late fee 1.
,1307,973380,1495,221251,5001795,1510,2807818,1179,88,839655,8/13/2016,-15.0000,False,False,8/13/2016,,,8/13/2016,System.Byte[],Waived current late fee 1.
,1304,974816,1495,221694,5008344,1507,2810960,93,88,840318,8/18/2016,15.0000,False,False,8/18/2016,,,8/18/2016,System.Byte[],Waived current late fee 2.
,1304,974817,1495,221694,5008344,1507,2810960,93,88,840318,8/18/2016,-15.0000,False,False,8/18/2016,,,8/18/2016,System.Byte[],Waived current late fee 2.
,75313,975056,1495,221784,5009759,81416,2811624,93,88,840490,8/19/2016,15.0000,False,False,8/19/2016,,,8/19/2016,System.Byte[],Waived current late fee 1.
,75313,975057,1495,221784,5009759,81416,2811624,93,88,840490,8/19/2016,-15.0000,False,False,8/19/2016,,,8/19/2016,System.Byte[],Waived current late fee 1.
,1293,975210,1495,221784,5010661,129211,2812039,93,88,840605,8/19/2016,15.0000,False,False,8/19/2016,,,8/19/2016,System.Byte[],Waived current late fee 1.
,1293,975211,1495,221784,5010661,129211,2812039,93,88,840605,8/19/2016,-15.0000,False,False,8/19/2016,,,8/19/2016,System.Byte[],Waived current late fee 1.
,1307,976551,1495,222324,5017752,1510,2815580,93,88,841484,8/25/2016,15.0000,False,False,8/25/2016,,8/25/2016,8/25/2016,System.Byte[],Waived current late fee 2.
,1307,976552,1495,222324,5017752,1510,2815580,93,88,841484,8/25/2016,-15.0000,False,False,8/25/2016,,8/25/2016,8/25/2016,System.Byte[],Waived current late fee 2.
,1307,976661,1495,222324,5018138,1510,2815762,93,88,841544,8/25/2016,15.0000,False,False,8/25/2016,,,8/25/2016,System.Byte[],Waived current late fee 2.
,1307,976662,1495,222324,5018138,1510,2815762,93,88,841544,8/25/2016,-15.0000,False,False,8/25/2016,,,8/25/2016,System.Byte[],Waived current late fee 2.
,226596,976811,1495,222423,5019113,220212,2816272,93,88,841634,8/26/2016,15.0000,False,False,8/26/2016,,,8/26/2016,System.Byte[],Waived current late fee 2.
,226596,976812,1495,222423,5019113,220212,2816272,93,88,841634,8/26/2016,-15.0000,False,False,8/26/2016,,,8/26/2016,System.Byte[],Waived current late fee 2.
,150919,980466,1495,223213,5046547,152543,2832805,93,88,843380,9/3/2016,15.0000,False,False,9/3/2016,,,9/3/2016,System.Byte[],Waived current late fee 1.
,150919,980467,1495,223213,5046547,152543,2832805,93,88,843380,9/3/2016,-15.0000,False,False,9/3/2016,,,9/3/2016,System.Byte[],Waived current late fee 1.
,236172,983965,1495,224083,5068278,227108,2844972,93,88,845511,9/12/2016,15.0000,False,False,9/12/2016,,,9/12/2016,System.Byte[],Waived current late fee 1.
,236172,983966,1495,224083,5068278,227108,2844972,93,88,845511,9/12/2016,-15.0000,False,False,9/12/2016,,,9/12/2016,System.Byte[],Waived current late fee 1.
,185335,985413,1495,224475,5075187,184146,2848247,93,88,846546,9/15/2016,15.0000,False,False,9/15/2016,,,9/15/2016,System.Byte[],Waived current late fee 2.
,185335,985414,1495,224475,5075187,184146,2848247,93,88,846546,9/15/2016,-15.0000,False,False,9/15/2016,,,9/15/2016,System.Byte[],Waived current late fee 2.
,148161,986315,1495,224574,5076943,228606,2848921,93,88,846693,9/16/2016,15.0000,False,False,9/16/2016,,,9/16/2016,System.Byte[],Waived current late fee 1.
,148161,986316,1495,224574,5076943,228606,2848921,93,88,846693,9/16/2016,-15.0000,False,False,9/16/2016,,,9/16/2016,System.Byte[],Waived current late fee 1.
,229836,987164,1495,224672,5078980,223181,2849742,93,88,846887,9/17/2016,15.0000,False,False,9/17/2016,,,9/17/2016,System.Byte[],Waived current late fee 1.
,229836,987165,1495,224672,5078980,223181,2849742,93,88,846887,9/17/2016,-15.0000,False,False,9/17/2016,,,9/17/2016,System.Byte[],Waived current late fee 1.
,157576,988468,1495,225002,5083741,1698,2852260,1212,88,847559,9/21/2016,15.0000,False,False,9/21/2016,,,9/21/2016,System.Byte[],Waived current late fee 1.
,157576,988469,1495,225002,5083741,1698,2852260,1212,88,847559,9/21/2016,-15.0000,False,False,9/21/2016,,,9/21/2016,System.Byte[],Waived current late fee 1.
,144905,988732,1495,225101,5085215,146366,2852998,93,88,847693,9/22/2016,15.0000,False,False,9/22/2016,,,9/22/2016,System.Byte[],Waived current late fee 1.
,144905,988733,1495,225101,5085215,146366,2852998,93,88,847693,9/22/2016,-15.0000,False,False,9/22/2016,,,9/22/2016,System.Byte[],Waived current late fee 1.
,1531,989869,1495,225390,5090080,1738,2855319,93,88,848244,9/26/2016,15.0000,False,False,9/26/2016,,,9/26/2016,System.Byte[],Waived current late fee 1.
,1531,989870,1495,225390,5090080,1738,2855319,93,88,848244,9/26/2016,-15.0000,False,False,9/26/2016,,,9/26/2016,System.Byte[],Waived current late fee 1.
,1531,989871,1495,225390,5090081,1738,2855319,93,88,848245,9/26/2016,15.0000,False,False,9/26/2016,,,9/26/2016,System.Byte[],Waived current late fee 2.
,1531,989872,1495,225390,5090081,1738,2855319,93,88,848245,9/26/2016,-15.0000,False,False,9/26/2016,,,9/26/2016,System.Byte[],Waived current late fee 2.
,213901,990965,1495,225836,5096974,211838,2859009,93,88,849050,9/30/2016,15.0000,False,False,9/30/2016,,,9/30/2016,System.Byte[],Waived current late fee 1.
,213901,990966,1495,225836,5096974,211838,2859009,93,88,849050,9/30/2016,-15.0000,False,False,9/30/2016,,,9/30/2016,System.Byte[],Waived current late fee 1.
,239317,993407,1495,226266,5120839,229946,2873923,2082,88,850472,10/4/2016,15.0000,False,False,10/4/2016,,,10/4/2016,System.Byte[],Waived current late fee 1.
,239317,993408,1495,226266,5120839,229946,2873923,2082,88,850472,10/4/2016,-15.0000,False,False,10/4/2016,,,10/4/2016,System.Byte[],Waived current late fee 1.
,150919,994945,1495,226741,5131604,152543,2880139,1179,88,851342,10/8/2016,15.0000,False,False,10/8/2016,,,10/8/2016,System.Byte[],Waived current late fee 1.
,150919,994946,1495,226741,5131604,152543,2880139,1179,88,851342,10/8/2016,-15.0000,False,False,10/8/2016,,,10/8/2016,System.Byte[],Waived current late fee 1.
,150223,997014,1495,227276,5142456,167323,2885679,93,88,852360,10/13/2016,15.0000,False,False,10/13/2016,,,10/13/2016,System.Byte[],Waived current late fee 1.
,150223,997015,1495,227276,5142456,167323,2885679,93,88,852360,10/13/2016,-15.0000,False,False,10/13/2016,,,10/13/2016,System.Byte[],Waived current late fee 1.
,157576,999064,1495,227829,5151432,1698,2889822,1212,88,853236,10/19/2016,15.0000,False,False,10/19/2016,,,10/19/2016,System.Byte[],Waived current late fee 1.
,157576,999065,1495,227829,5151432,1698,2889822,1212,88,853236,10/19/2016,-15.0000,False,False,10/19/2016,,,10/19/2016,System.Byte[],Waived current late fee 1.
,157576,999066,1495,227829,5151433,159194,2889822,1212,88,853237,10/19/2016,15.0000,False,False,10/19/2016,,,10/19/2016,System.Byte[],Waived current late fee 1.
,157576,999067,1495,227829,5151433,159194,2889822,1212,88,853237,10/19/2016,-15.0000,False,False,10/19/2016,,,10/19/2016,System.Byte[],Waived current late fee 1.
,1568,1000867,1495,228219,5157909,1777,2892857,93,88,853976,10/24/2016,15.0000,False,False,10/24/2016,,,10/24/2016,System.Byte[],Waived current late fee 1.
,1568,1000868,1495,228219,5157909,1777,2892857,93,88,853976,10/24/2016,-15.0000,False,False,10/24/2016,,,10/24/2016,System.Byte[],Waived current late fee 1.
,239321,1003383,1495,229141,5183501,230026,2908164,93,88,855606,11/2/2016,15.0000,False,False,11/2/2016,,,11/2/2016,System.Byte[],Waived current late fee 1.
,239321,1003384,1495,229141,5183501,230026,2908164,93,88,855606,11/2/2016,-15.0000,False,False,11/2/2016,,,11/2/2016,System.Byte[],Waived current late fee 1.
,172111,1004142,1495,229273,5189195,170877,2911571,93,88,856025,11/3/2016,15.0000,False,False,11/3/2016,,,11/3/2016,System.Byte[],Waived current late fee 1.
,172111,1004143,1495,229273,5189195,170877,2911571,93,88,856025,11/3/2016,-15.0000,False,False,11/3/2016,,,11/3/2016,System.Byte[],Waived current late fee 1.
,150919,1004962,1495,229518,5194101,152543,2914311,93,88,856346,11/5/2016,15.0000,False,False,11/5/2016,,,11/5/2016,System.Byte[],Waived current late fee 1.
,150919,1004963,1495,229518,5194101,152543,2914311,93,88,856346,11/5/2016,-15.0000,False,False,11/5/2016,,,11/5/2016,System.Byte[],Waived current late fee 1.
,157243,1005399,1495,229633,5197914,233148,2916632,93,88,856632,11/7/2016,15.0000,False,False,11/7/2016,,,11/7/2016,System.Byte[],Waived current late fee 1.
,157243,1005400,1495,229633,5197914,233148,2916632,93,88,856632,11/7/2016,-15.0000,False,False,11/7/2016,,,11/7/2016,System.Byte[],Waived current late fee 1.
,148161,1006624,1495,230049,5206562,228606,2921569,93,88,857358,11/10/2016,15.0000,False,False,11/10/2016,,,11/10/2016,System.Byte[],Waived current late fee 1.
,148161,1006625,1495,230049,5206562,228606,2921569,93,88,857358,11/10/2016,-15.0000,False,False,11/10/2016,,,11/10/2016,System.Byte[],Waived current late fee 1.
,157243,1007038,1495,230161,5209250,233148,2922954,93,88,857587,11/11/2016,15.0000,False,False,11/11/2016,,,11/11/2016,System.Byte[],Waived current late fee 2.
,157243,1007039,1495,230161,5209250,233148,2922954,93,88,857587,11/11/2016,-15.0000,False,False,11/11/2016,,,11/11/2016,System.Byte[],Waived current late fee 2.
,117792,1008283,1495,230388,5213678,147446,2925059,93,88,858085,11/14/2016,15.0000,False,False,11/14/2016,,,11/14/2016,System.Byte[],Waived current late fee 1.
,117792,1008284,1495,230388,5213678,147446,2925059,93,88,858085,11/14/2016,-15.0000,False,False,11/14/2016,,,11/14/2016,System.Byte[],Waived current late fee 1.
,218804,1008713,1495,230545,5215190,228332,2925759,93,88,858235,11/15/2016,15.0000,False,False,11/15/2016,,,11/15/2016,System.Byte[],Waived current late fee 1.
,218804,1008714,1495,230545,5215190,228332,2925759,93,88,858235,11/15/2016,-15.0000,False,False,11/15/2016,,,11/15/2016,System.Byte[],Waived current late fee 1.
,250019,1010341,1495,231019,5221340,237112,2928540,2756,88,858882,11/19/2016,15.0000,False,False,11/19/2016,,,11/19/2016,System.Byte[],Waived current late fee 2.
,250019,1010342,1495,231019,5221340,237112,2928540,2756,88,858882,11/19/2016,-15.0000,False,False,11/19/2016,,,11/19/2016,System.Byte[],Waived current late fee 2.
,237962,1010800,1495,231019,5222882,228848,2929267,93,88,859009,11/21/2016,15.0000,False,False,11/21/2016,,,11/21/2016,System.Byte[],Waived current late fee 1.
,237962,1010801,1495,231019,5222882,228848,2929267,93,88,859009,11/21/2016,-15.0000,False,False,11/21/2016,,,11/21/2016,System.Byte[],Waived current late fee 1.
,47652,1011284,1495,231171,5224955,236423,2930290,2082,88,859242,11/22/2016,15.0000,False,False,11/22/2016,,,11/22/2016,System.Byte[],Waived current late fee 1.
,47652,1011285,1495,231171,5224955,236423,2930290,2082,88,859242,11/22/2016,-15.0000,False,False,11/22/2016,,,11/22/2016,System.Byte[],Waived current late fee 1.
,166732,1012368,1495,231721,5232332,211203,2934180,2082,88,859965,11/29/2016,15.0000,False,False,11/29/2016,,,11/29/2016,System.Byte[],Waived current late fee 1.
,166732,1012369,1495,231721,5232332,211203,2934180,2082,88,859965,11/29/2016,-15.0000,False,False,11/29/2016,,,11/29/2016,System.Byte[],Waived current late fee 1.
,248759,1012622,1495,231823,5234119,235860,2935149,93,88,860174,11/30/2016,15.0000,False,False,11/30/2016,,,11/30/2016,System.Byte[],Waived current late fee 1.
,248759,1012623,1495,231823,5234119,235860,2935149,93,88,860174,11/30/2016,-15.0000,False,False,11/30/2016,,,11/30/2016,System.Byte[],Waived current late fee 1.
,1444,1016473,1495,232930,5272226,1650,2958183,2082,88,862531,12/10/2016,15.0000,False,False,12/10/2016,,,12/10/2016,System.Byte[],Waived current late fee 1.
,1444,1016474,1495,232930,5272226,1650,2958183,2082,88,862531,12/10/2016,-15.0000,False,False,12/10/2016,,,12/10/2016,System.Byte[],Waived current late fee 1.
,212149,1016916,1495,233041,5275397,210183,2959931,93,88,862759,12/12/2016,15.0000,False,False,12/12/2016,,,12/12/2016,System.Byte[],Waived current late fee 1.
,212149,1016917,1495,233041,5275397,210183,2959931,93,88,862759,12/12/2016,-15.0000,False,False,12/12/2016,,,12/12/2016,System.Byte[],Waived current late fee 1.
,1442,1017604,1495,233233,5277929,1648,2961071,2082,88,863048,12/13/2016,15.0000,False,False,12/13/2016,,,12/13/2016,System.Byte[],Waived current late fee 1.
,1442,1017605,1495,233233,5277929,1648,2961071,2082,88,863048,12/13/2016,-15.0000,False,False,12/13/2016,,,12/13/2016,System.Byte[],Waived current late fee 1.
,166732,1021788,1495,234459,5296996,211203,2970012,93,88,864930,12/27/2016,15.0000,False,False,12/27/2016,,,12/27/2016,System.Byte[],Waived current late fee 1.
,166732,1021789,1495,234459,5296996,211203,2970012,93,88,864930,12/27/2016,-15.0000,False,False,12/27/2016,,,12/27/2016,System.Byte[],Waived current late fee 1.
,150919,1027448,1495,237547,5331544,152543,2991094,2082,88,874553,1/3/2017,15.0000,False,False,1/3/2017,,,1/3/2017,System.Byte[],Waived current late fee 1.
,150919,1027449,1495,237547,5331544,152543,2991094,2082,88,874553,1/3/2017,-15.0000,False,False,1/3/2017,,,1/3/2017,System.Byte[],Waived current late fee 1.
,1383,1027472,1495,237547,5332597,1586,2991896,2082,88,874593,1/3/2017,15.0000,False,False,1/3/2017,,,1/3/2017,System.Byte[],Waived current late fee 1.
,1383,1027473,1495,237547,5332597,1586,2991896,2082,88,874593,1/3/2017,-15.0000,False,False,1/3/2017,,,1/3/2017,System.Byte[],Waived current late fee 1.
,228399,1027936,1495,237547,5334534,221877,2993003,93,88,874700,1/3/2017,15.0000,False,False,1/3/2017,,,1/3/2017,System.Byte[],Waived current late fee 1.
,228399,1027937,1495,237547,5334534,221877,2993003,93,88,874700,1/3/2017,-15.0000,False,False,1/3/2017,,,1/3/2017,System.Byte[],Waived current late fee 1.
,172550,1028612,1495,237825,5338763,171265,2995409,2082,88,874916,1/4/2017,15.0000,False,False,1/4/2017,,,1/4/2017,System.Byte[],Waived current late fee 1.
,172550,1028613,1495,237825,5338763,171265,2995409,2082,88,874916,1/4/2017,-15.0000,False,False,1/4/2017,,,1/4/2017,System.Byte[],Waived current late fee 1.
,172550,1028614,1495,237825,5338764,171264,2995409,2082,88,874917,1/4/2017,15.0000,False,False,1/4/2017,,,1/4/2017,System.Byte[],Waived current late fee 1.
,172550,1028615,1495,237825,5338764,171264,2995409,2082,88,874917,1/4/2017,-15.0000,False,False,1/4/2017,,,1/4/2017,System.Byte[],Waived current late fee 1.
,245105,1033187,1495,238713,5362636,233722,3008040,93,88,876916,1/12/2017,15.0000,False,False,1/12/2017,,,1/12/2017,System.Byte[],Waived current late fee 2.
,245105,1033188,1495,238713,5362636,233722,3008040,93,88,876916,1/12/2017,-15.0000,False,False,1/12/2017,,,1/12/2017,System.Byte[],Waived current late fee 2.
,1566,1038690,1495,240108,5383372,1775,3017285,93,88,879012,1/27/2017,25.0000,False,False,1/27/2017,,,1/27/2017,System.Byte[],Waived current late fee 2.
,1566,1038691,1495,240108,5383372,1775,3017285,93,88,879012,1/27/2017,-25.0000,False,False,1/27/2017,,,1/27/2017,System.Byte[],Waived current late fee 2.
,1566,1038692,1495,240108,5383373,44381,3017286,93,88,879013,1/27/2017,25.0000,False,False,1/27/2017,,,1/27/2017,System.Byte[],Waived current late fee 2.
,1566,1038693,1495,240108,5383373,44381,3017286,93,88,879013,1/27/2017,-25.0000,False,False,1/27/2017,,,1/27/2017,System.Byte[],Waived current late fee 2.
,247186,1042863,1495,241345,5421470,234467,3039812,1212,88,881744,2/8/2017,15.0000,False,False,2/8/2017,,,2/8/2017,System.Byte[],Waived current late fee 1.
,247186,1042864,1495,241345,5421470,234467,3039812,1212,88,881744,2/8/2017,-15.0000,False,False,2/8/2017,,,2/8/2017,System.Byte[],Waived current late fee 1.
,247186,1042865,1495,241345,5421471,234468,3039812,1212,88,881745,2/8/2017,15.0000,False,False,2/8/2017,,,2/8/2017,System.Byte[],Waived current late fee 1.
,247186,1042866,1495,241345,5421471,234468,3039812,1212,88,881745,2/8/2017,-15.0000,False,False,2/8/2017,,,2/8/2017,System.Byte[],Waived current late fee 1.
,218784,1048001,1495,242585,5443772,215488,3050701,2082,88,883694,2/21/2017,25.0000,False,False,2/21/2017,,,2/21/2017,System.Byte[],Waived current late fee 2.
,218784,1048002,1495,242585,5443772,215488,3050701,2082,88,883694,2/21/2017,-25.0000,False,False,2/21/2017,,,2/21/2017,System.Byte[],Waived current late fee 2.
,178704,1048553,1495,242772,5447475,177319,3052302,93,88,884068,2/23/2017,15.0000,False,False,2/23/2017,,,2/23/2017,System.Byte[],Waived current late fee 1.
,178704,1048554,1495,242772,5447475,177319,3052302,93,88,884068,2/23/2017,-15.0000,False,False,2/23/2017,,,2/23/2017,System.Byte[],Waived current late fee 1.
,1293,1048557,1495,242772,5447530,129211,3052329,93,88,884072,2/23/2017,15.0000,False,False,2/23/2017,,,2/23/2017,System.Byte[],Waived current late fee 1.
,1293,1048558,1495,242772,5447530,129211,3052329,93,88,884072,2/23/2017,-15.0000,False,False,2/23/2017,,,2/23/2017,System.Byte[],Waived current late fee 1.
,185335,1049835,1495,243063,5453859,184146,3055376,93,88,884824,2/27/2017,15.0000,False,False,2/27/2017,,,2/27/2017,System.Byte[],Waived current late fee 1.
,185335,1049836,1495,243063,5453859,184146,3055376,93,88,884824,2/27/2017,-15.0000,False,False,2/27/2017,,,2/27/2017,System.Byte[],Waived current late fee 1.
,185335,1049837,1495,243063,5453860,184146,3055376,93,88,884825,2/27/2017,25.0000,False,False,2/27/2017,,,2/27/2017,System.Byte[],Waived current late fee 2.
,185335,1049838,1495,243063,5453860,184146,3055376,93,88,884825,2/27/2017,-25.0000,False,False,2/27/2017,,,2/27/2017,System.Byte[],Waived current late fee 2.
,157167,1051675,1495,243563,5476029,159929,3068958,93,88,886138,3/3/2017,15.0000,False,False,3/3/2017,,,3/3/2017,System.Byte[],Waived current late fee 1.
,157167,1051676,1495,243563,5476029,159929,3068958,93,88,886138,3/3/2017,-15.0000,False,False,3/3/2017,,,3/3/2017,System.Byte[],Waived current late fee 1.
,256527,1053906,1495,244230,5492508,243987,3077973,93,88,887327,3/9/2017,15.0000,False,False,3/9/2017,,,3/9/2017,System.Byte[],Waived current late fee 1.
,256527,1053907,1495,244230,5492508,243987,3077973,93,88,887327,3/9/2017,-15.0000,False,False,3/9/2017,,,3/9/2017,System.Byte[],Waived current late fee 1.
,172550,1054971,1495,244338,5496876,171265,3080171,93,88,887623,3/10/2017,15.0000,False,False,3/10/2017,,,3/10/2017,System.Byte[],Waived current late fee 1.
,172550,1054972,1495,244338,5496876,171265,3080171,93,88,887623,3/10/2017,-15.0000,False,False,3/10/2017,,,3/10/2017,System.Byte[],Waived current late fee 1.
,212670,1057930,1495,244922,5508002,210702,3085373,93,88,888705,3/16/2017,15.0000,False,False,3/16/2017,,,3/16/2017,System.Byte[],Waived current late fee 1.
,212670,1057931,1495,244922,5508002,210702,3085373,93,88,888705,3/16/2017,-15.0000,False,False,3/16/2017,,,3/16/2017,System.Byte[],Waived current late fee 1.
,122083,1058074,1495,245023,5508478,120450,3085588,93,88,888741,3/17/2017,15.0000,False,False,3/17/2017,,,3/17/2017,System.Byte[],Waived current late fee 1.
,122083,1058075,1495,245023,5508478,120450,3085588,93,88,888741,3/17/2017,-15.0000,False,False,3/17/2017,,,3/17/2017,System.Byte[],Waived current late fee 1.
,229011,1058198,1495,245023,5509142,222434,3085876,93,88,888841,3/17/2017,25.0000,False,False,3/17/2017,,,3/17/2017,System.Byte[],Waived current late fee 2.
,229011,1058199,1495,245023,5509142,222434,3085876,93,88,888841,3/17/2017,-25.0000,False,False,3/17/2017,,,3/17/2017,System.Byte[],Waived current late fee 2.
,259832,1062710,1495,246490,5545762,245857,3106374,93,88,891799,4/3/2017,15.0000,False,False,4/3/2017,,,4/3/2017,System.Byte[],Waived current late fee 1.
,259832,1062711,1495,246490,5545762,245857,3106374,93,88,891799,4/3/2017,-15.0000,False,False,4/3/2017,,,4/3/2017,System.Byte[],Waived current late fee 1.
,211430,1063190,1495,246696,5549172,209565,3108390,2082,88,892059,4/4/2017,25.0000,False,False,4/4/2017,,,4/4/2017,System.Byte[],Waived current late fee 2.
,211430,1063191,1495,246696,5549172,209565,3108390,2082,88,892059,4/4/2017,-25.0000,False,False,4/4/2017,,,4/4/2017,System.Byte[],Waived current late fee 2.
,1383,1063218,1495,246696,5549536,1586,3108594,2082,88,892079,4/4/2017,25.0000,False,False,4/4/2017,,,4/4/2017,System.Byte[],Waived current late fee 2.
,1383,1063219,1495,246696,5549536,1586,3108594,2082,88,892079,4/4/2017,-25.0000,False,False,4/4/2017,,,4/4/2017,System.Byte[],Waived current late fee 2.
,260067,1064348,1495,247059,5558657,246055,3113870,93,88,892819,4/7/2017,15.0000,False,False,4/7/2017,,,4/7/2017,System.Byte[],Waived current late fee 1.
,260067,1064349,1495,247059,5558657,246055,3113870,93,88,892819,4/7/2017,-15.0000,False,False,4/7/2017,,,4/7/2017,System.Byte[],Waived current late fee 1.
,150919,1064689,1495,247174,5560394,152543,3114768,1179,88,892974,4/8/2017,15.0000,False,False,4/8/2017,,,4/8/2017,System.Byte[],Waived current late fee 1.
,150919,1064690,1495,247174,5560394,152543,3114768,1179,88,892974,4/8/2017,-15.0000,False,False,4/8/2017,,,4/8/2017,System.Byte[],Waived current late fee 1.
,252470,1065196,1495,247281,5564939,239303,3117415,93,88,893336,4/10/2017,15.0000,False,False,4/10/2017,,,4/10/2017,System.Byte[],Waived current late fee 1.
,252470,1065197,1495,247281,5564939,239303,3117415,93,88,893336,4/10/2017,-15.0000,False,False,4/10/2017,,,4/10/2017,System.Byte[],Waived current late fee 1.
,148161,1067302,1495,247685,5571424,228606,3120503,93,88,893918,4/13/2017,15.0000,False,False,4/13/2017,,,4/13/2017,System.Byte[],Waived current late fee 1.
,148161,1067303,1495,247685,5571424,228606,3120503,93,88,893918,4/13/2017,-15.0000,False,False,4/13/2017,,,4/13/2017,System.Byte[],Waived current late fee 1.
,260434,1067533,1495,247685,5572138,246405,3120818,93,88,894009,4/13/2017,15.0000,False,False,4/13/2017,,,4/13/2017,System.Byte[],Waived current late fee 1.
,260434,1067534,1495,247685,5572138,246405,3120818,93,88,894009,4/13/2017,-15.0000,False,False,4/13/2017,,,4/13/2017,System.Byte[],Waived current late fee 1.
,149704,1068108,1495,247785,5574238,153869,3121678,93,88,894270,4/14/2017,25.0000,False,False,4/14/2017,,,4/14/2017,System.Byte[],Waived current late fee 2.
,149704,1068109,1495,247785,5574238,153869,3121678,93,88,894270,4/14/2017,-25.0000,False,False,4/14/2017,,,4/14/2017,System.Byte[],Waived current late fee 2.
,41256,1655739,1495,385174,8668227,401040,4995297,2082,88,1205232,3/6/2020,25.0000,False,False,3/6/2020,,,3/6/2020,System.Byte[],Reservation Fee
,41256,1655740,1495,385174,8668227,401040,4995297,2082,88,1205232,3/6/2020,-25.0000,False,False,3/6/2020,,,3/6/2020,System.Byte[],Reservation Fee
,433944,1657247,1495,385581,8676012,399477,4999441,2082,88,1206201,3/17/2020,15.0000,False,False,3/17/2020,,,3/17/2020,System.Byte[],Waived current late fee 1.
,433944,1657248,1495,385581,8676012,399477,4999441,2082,88,1206201,3/17/2020,-15.0000,False,False,3/17/2020,,,3/17/2020,System.Byte[],Waived current late fee 1.
,102414,1657465,1495,385668,8677127,106145,5000028,93,88,1206334,3/19/2020,15.0000,False,False,3/19/2020,,,3/19/2020,System.Byte[],Waived current late fee 1.
,102414,1657466,1495,385668,8677127,106145,5000028,93,88,1206334,3/19/2020,-15.0000,False,False,3/19/2020,,,3/19/2020,System.Byte[],Waived current late fee 1.
,102414,1657467,1495,385668,8677128,106145,5000028,93,88,1206335,3/19/2020,25.0000,False,False,3/19/2020,,,3/19/2020,System.Byte[],Waived current late fee 2.
,102414,1657468,1495,385668,8677128,106145,5000028,93,88,1206335,3/19/2020,-25.0000,False,False,3/19/2020,,,3/19/2020,System.Byte[],Waived current late fee 2.
,136078,1657979,1495,385845,8679755,137163,5001494,2082,88,1206612,3/24/2020,15.0000,False,False,3/24/2020,,,3/24/2020,System.Byte[],Waived current late fee 1.
,136078,1657980,1495,385845,8679755,137163,5001494,2082,88,1206612,3/24/2020,-15.0000,False,False,3/24/2020,,,3/24/2020,System.Byte[],Waived current late fee 1.
,297401,1658283,1495,385923,8680845,278673,5002136,5265,88,1206777,3/26/2020,15.0000,False,False,3/26/2020,,,3/26/2020,System.Byte[],Waived current late fee 1.
,297401,1658284,1495,385923,8680845,278673,5002136,5265,88,1206777,3/26/2020,-15.0000,False,False,3/26/2020,,,3/26/2020,System.Byte[],Waived current late fee 1.
,150919,1660807,1495,387323,8693183,152543,5010492,93,88,1208829,4/6/2020,15.0000,False,False,4/6/2020,,,4/6/2020,System.Byte[],Waived current late fee 1.
,150919,1660808,1495,387323,8693183,152543,5010492,93,88,1208829,4/6/2020,-15.0000,False,False,4/6/2020,,,4/6/2020,System.Byte[],Waived current late fee 1.
,157167,1661451,1495,387428,8695529,158736,5011846,93,88,1209190,4/9/2020,25.0000,False,False,4/9/2020,,,4/9/2020,System.Byte[],Waived current late fee 2.
,157167,1661452,1495,387428,8695529,158736,5011846,93,88,1209190,4/9/2020,-25.0000,False,False,4/9/2020,,,4/9/2020,System.Byte[],Waived current late fee 2.
,419718,1662471,1495,387592,8698853,385377,5013637,93,88,1209582,4/15/2020,15.0000,False,False,4/15/2020,,,4/15/2020,System.Byte[],Waived current late fee 1.
,419718,1662472,1495,387592,8698853,385377,5013637,93,88,1209582,4/15/2020,-15.0000,False,False,4/15/2020,,,4/15/2020,System.Byte[],Waived current late fee 1.
,433120,1667861,1495,388262,8717068,398611,5024450,2082,88,1212078,5/4/2020,15.0000,False,False,5/4/2020,,,5/4/2020,System.Byte[],Waived current late fee 1.
,433120,1667862,1495,388262,8717068,398611,5024450,2082,88,1212078,5/4/2020,-15.0000,False,False,5/4/2020,,,5/4/2020,System.Byte[],Waived current late fee 1.
,33259,1667941,1495,388322,8717912,36864,5025019,93,88,1212172,5/5/2020,15.0000,False,False,5/5/2020,,,5/5/2020,System.Byte[],Waived current late fee 1.
,33259,1667942,1495,388322,8717912,36864,5025019,93,88,1212172,5/5/2020,-15.0000,False,False,5/5/2020,,,5/5/2020,System.Byte[],Waived current late fee 1.
,421468,1668195,1495,388361,8719577,386986,5026012,2082,88,1212367,5/6/2020,25.0000,False,False,5/6/2020,,,5/6/2020,System.Byte[],Waived current late fee 2.
,421468,1668196,1495,388361,8719577,386986,5026012,2082,88,1212367,5/6/2020,-25.0000,False,False,5/6/2020,,,5/6/2020,System.Byte[],Waived current late fee 2.
,268428,1668709,1495,388478,8721667,253062,5027243,93,88,1212676,5/9/2020,25.0000,False,False,5/9/2020,,,5/9/2020,System.Byte[],Waived current late fee 2.
,268428,1668710,1495,388478,8721667,253062,5027243,93,88,1212676,5/9/2020,-25.0000,False,False,5/9/2020,,,5/9/2020,System.Byte[],Waived current late fee 2.
,282952,1668715,1495,388478,8721699,265841,5027262,93,88,1212682,5/9/2020,15.0000,False,False,5/9/2020,,,5/9/2020,System.Byte[],Waived current late fee 1.
,282952,1668716,1495,388478,8721699,265841,5027262,93,88,1212682,5/9/2020,-15.0000,False,False,5/9/2020,,,5/9/2020,System.Byte[],Waived current late fee 1.
,436149,1668727,1495,388478,8721826,402748,5027342,93,88,1212699,5/9/2020,15.0000,False,False,5/9/2020,,,5/9/2020,System.Byte[],Waived current late fee 1.
,436149,1668728,1495,388478,8721826,402748,5027342,93,88,1212699,5/9/2020,-15.0000,False,False,5/9/2020,,,5/9/2020,System.Byte[],Waived current late fee 1.
,422207,1669387,1495,388613,8724324,395990,5028684,2082,88,1213037,5/13/2020,15.0000,False,False,5/13/2020,,,5/13/2020,System.Byte[],Waived current late fee 1.
,422207,1669388,1495,388613,8724324,395990,5028684,2082,88,1213037,5/13/2020,-15.0000,False,False,5/13/2020,,,5/13/2020,System.Byte[],Waived current late fee 1.
,437237,1670035,1495,388688,8726257,402782,5029651,3240,88,1213386,5/15/2020,15.0000,False,False,5/15/2020,,,5/15/2020,System.Byte[],Waived current late fee 1.
,437237,1670036,1495,388688,8726257,402782,5029651,3240,88,1213386,5/15/2020,-15.0000,False,False,5/15/2020,,,5/15/2020,System.Byte[],Waived current late fee 1.
,434009,1670231,1495,388729,8726993,399532,5030055,93,88,1213476,5/16/2020,15.0000,False,False,5/16/2020,,,5/16/2020,System.Byte[],Waived current late fee 1.
,434009,1670232,1495,388729,8726993,399532,5030055,93,88,1213476,5/16/2020,-15.0000,False,False,5/16/2020,,,5/16/2020,System.Byte[],Waived current late fee 1.
,154969,1671805,1495,389079,8733310,156627,5033560,2082,88,1214285,5/27/2020,15.0000,False,False,5/27/2020,,,5/27/2020,System.Byte[],Waived current late fee 1.
,154969,1671806,1495,389079,8733310,156627,5033560,2082,88,1214285,5/27/2020,-15.0000,False,False,5/27/2020,,,5/27/2020,System.Byte[],Waived current late fee 1.
,1293,1672077,1495,389079,8733692,337455,5033717,2082,88,1214334,5/27/2020,15.0000,False,False,5/27/2020,,,5/27/2020,System.Byte[],Waived current late fee 1.
,1293,1672078,1495,389079,8733692,337455,5033717,2082,88,1214334,5/27/2020,-15.0000,False,False,5/27/2020,,,5/27/2020,System.Byte[],Waived current late fee 1.
,1293,1672079,1495,389079,8733693,337455,5033717,2082,88,1214335,5/27/2020,25.0000,False,False,5/27/2020,,,5/27/2020,System.Byte[],Waived current late fee 2.
,1293,1672080,1495,389079,8733693,337455,5033717,2082,88,1214335,5/27/2020,-25.0000,False,False,5/27/2020,,,5/27/2020,System.Byte[],Waived current late fee 2.
,437676,1673204,1495,389235,8738294,403178,5036720,2082,88,1214767,6/1/2020,15.0000,False,False,6/1/2020,,,6/1/2020,System.Byte[],Waived current late fee 1.
,437676,1673205,1495,389235,8738294,403178,5036720,2082,88,1214767,6/1/2020,-15.0000,False,False,6/1/2020,,,6/1/2020,System.Byte[],Waived current late fee 1.
,166732,1673400,1495,389235,8739853,211203,5037835,2082,88,1214865,6/1/2020,15.0000,False,False,6/1/2020,,,6/1/2020,System.Byte[],Waived current late fee 1.
,166732,1673401,1495,389235,8739853,211203,5037835,2082,88,1214865,6/1/2020,-15.0000,False,False,6/1/2020,,,6/1/2020,System.Byte[],Waived current late fee 1.
,421418,1673442,1495,389235,8740028,386928,5037943,2082,88,1214904,6/1/2020,15.0000,False,False,6/1/2020,,,6/1/2020,System.Byte[],Waived current late fee 1.
,421418,1673443,1495,389235,8740028,386928,5037943,2082,88,1214904,6/1/2020,-15.0000,False,False,6/1/2020,,,6/1/2020,System.Byte[],Waived current late fee 1.
,437650,1674162,1495,389421,8744077,403148,5040513,93,88,1215364,6/4/2020,15.0000,False,False,6/4/2020,,,6/4/2020,System.Byte[],Waived current late fee 1.
,437650,1674163,1495,389421,8744077,403148,5040513,93,88,1215364,6/4/2020,-15.0000,False,False,6/4/2020,,,6/4/2020,System.Byte[],Waived current late fee 1.
,435350,1674350,1495,389421,8744969,400873,5041033,93,88,1215463,6/5/2020,15.0000,False,False,6/5/2020,,,6/5/2020,System.Byte[],Waived current late fee 1.
,435350,1674351,1495,389421,8744969,400873,5041033,93,88,1215463,6/5/2020,-15.0000,False,False,6/5/2020,,,6/5/2020,System.Byte[],Waived current late fee 1.
,359521,1674590,1495,389497,8746359,338732,5041911,93,88,1215647,6/8/2020,15.0000,False,False,6/8/2020,,,6/8/2020,System.Byte[],Waived current late fee 1.
,359521,1674591,1495,389497,8746359,338732,5041911,93,88,1215647,6/8/2020,-15.0000,False,False,6/8/2020,,,6/8/2020,System.Byte[],Waived current late fee 1.
,150919,1674974,1495,389557,8747252,152543,5042368,93,88,1215831,6/8/2020,15.0000,False,False,6/8/2020,,,6/8/2020,System.Byte[],Waived current late fee 1.
,150919,1674975,1495,389557,8747252,152543,5042368,93,88,1215831,6/8/2020,-15.0000,False,False,6/8/2020,,,6/8/2020,System.Byte[],Waived current late fee 1.
,33259,1675845,1495,389715,8750793,36864,5044312,93,88,1216344,6/13/2020,25.0000,False,False,6/13/2020,,,6/13/2020,System.Byte[],Waived current late fee 2.
,33259,1675846,1495,389715,8750793,36864,5044312,93,88,1216344,6/13/2020,-25.0000,False,False,6/13/2020,,,6/13/2020,System.Byte[],Waived current late fee 2.
,78801,1677195,1495,391057,8756612,85142,5047558,2082,88,1217215,6/23/2020,15.0000,False,False,6/23/2020,,,6/23/2020,System.Byte[],Waived current late fee 1.
,78801,1677196,1495,391057,8756612,85142,5047558,2082,88,1217215,6/23/2020,-15.0000,False,False,6/23/2020,,,6/23/2020,System.Byte[],Waived current late fee 1.
,359521,1679979,1495,391555,8771500,338732,5056832,2082,88,1218859,7/7/2020,15.0000,False,False,7/7/2020,,,7/7/2020,System.Byte[],Waived current late fee 1.
,359521,1679980,1495,391555,8771500,338732,5056832,2082,88,1218859,7/7/2020,-15.0000,False,False,7/7/2020,,,7/7/2020,System.Byte[],Waived current late fee 1.
,150919,1680775,1495,391676,8775001,152543,5058750,93,88,1219374,7/10/2020,15.0000,False,False,7/10/2020,,,7/10/2020,System.Byte[],Waived current late fee 1.
,150919,1680776,1495,391676,8775001,152543,5058750,93,88,1219374,7/10/2020,-15.0000,False,False,7/10/2020,,,7/10/2020,System.Byte[],Waived current late fee 1.
,33259,1680963,1495,391749,8776041,36864,5059345,93,88,1219508,7/13/2020,25.0000,False,False,7/13/2020,,,7/13/2020,System.Byte[],Waived current late fee 2.
,33259,1680964,1495,391749,8776041,36864,5059345,93,88,1219508,7/13/2020,-25.0000,False,False,7/13/2020,,,7/13/2020,System.Byte[],Waived current late fee 2.
,441599,1682612,1495,392176,8783432,406171,5063466,2756,88,1220569,7/24/2020,15.0000,False,False,7/24/2020,,,7/24/2020,System.Byte[],Reservation Fee
,441599,1682613,1495,392176,8783432,406171,5063466,2756,88,1220569,7/24/2020,-15.0000,False,False,7/24/2020,,,7/24/2020,System.Byte[],Reservation Fee
,441599,1682614,1495,392176,8783434,406171,5063466,2756,88,1220570,7/24/2020,10.0000,False,False,7/24/2020,,,7/24/2020,System.Byte[],Reservation Fee
,441599,1682615,1495,392176,8783434,406171,5063466,2756,88,1220570,7/24/2020,-10.0000,False,False,7/24/2020,,,7/24/2020,System.Byte[],Reservation Fee
,1293,1683140,1495,392312,8786063,390399,5064920,93,88,1220920,7/28/2020,25.0000,False,False,7/28/2020,,,7/28/2020,System.Byte[],Waived current late fee 2.
,1293,1683141,1495,392312,8786063,390399,5064920,93,88,1220920,7/28/2020,-25.0000,False,False,7/28/2020,,,7/28/2020,System.Byte[],Waived current late fee 2.
,1293,1683142,1495,392312,8786064,337455,5064920,93,88,1220921,7/28/2020,25.0000,False,False,7/28/2020,,,7/28/2020,System.Byte[],Waived current late fee 2.
,1293,1683143,1495,392312,8786064,337455,5064920,93,88,1220921,7/28/2020,-25.0000,False,False,7/28/2020,,,7/28/2020,System.Byte[],Waived current late fee 2.
,441599,1683420,1495,392350,8786866,406354,5065345,2756,88,1221021,7/29/2020,25.0000,False,False,7/29/2020,,,7/29/2020,System.Byte[],Reservation Fee
,441599,1683421,1495,392350,8786866,406354,5065345,2756,88,1221021,7/29/2020,-25.0000,False,False,7/29/2020,,,7/29/2020,System.Byte[],Reservation Fee
,166732,1684714,1495,392391,8788647,211203,5066191,2756,88,1221371,7/30/2020,15.0000,False,False,7/30/2020,,,7/30/2020,System.Byte[],Waived current late fee 1.
,166732,1684715,1495,392391,8788647,211203,5066191,2756,88,1221371,7/30/2020,-15.0000,False,False,7/30/2020,,,7/30/2020,System.Byte[],Waived current late fee 1.
,80049,1685126,1495,392507,8792896,86393,5069229,2082,88,1221851,8/3/2020,15.0000,False,False,8/3/2020,,,8/3/2020,System.Byte[],Waived current late fee 1.
,80049,1685127,1495,392507,8792896,86393,5069229,2082,88,1221851,8/3/2020,-15.0000,False,False,8/3/2020,,,8/3/2020,System.Byte[],Waived current late fee 1.
,80049,1685128,1495,392507,8792897,330254,5069229,2082,88,1221852,8/3/2020,15.0000,False,False,8/3/2020,,,8/3/2020,System.Byte[],Waived current late fee 1.
,80049,1685129,1495,392507,8792897,330254,5069229,2082,88,1221852,8/3/2020,-15.0000,False,False,8/3/2020,,,8/3/2020,System.Byte[],Waived current late fee 1.
,150919,1687038,1495,392864,8802737,152543,5075189,93,88,1222936,8/11/2020,15.0000,False,False,8/11/2020,,,8/11/2020,System.Byte[],Waived current late fee 1.
,150919,1687039,1495,392864,8802737,152543,5075189,93,88,1222936,8/11/2020,-15.0000,False,False,8/11/2020,,,8/11/2020,System.Byte[],Waived current late fee 1.
,441149,1698620,1495,398270,8848354,405987,5105500,93,88,1229570,8/28/2020,15.0000,False,False,8/28/2020,,,8/28/2020,System.Byte[],Waived current late fee 1.
,441149,1698621,1495,398270,8848354,405987,5105500,93,88,1229570,8/28/2020,-15.0000,False,False,8/28/2020,,,8/28/2020,System.Byte[],Waived current late fee 1.
,441592,1699582,1495,398507,8857613,406335,5111892,93,88,1230345,9/4/2020,15.0000,False,False,9/4/2020,,,9/4/2020,System.Byte[],Waived current late fee 1.
,441592,1699583,1495,398507,8857613,406335,5111892,93,88,1230345,9/4/2020,-15.0000,False,False,9/4/2020,,,9/4/2020,System.Byte[],Waived current late fee 1.
,1307,1700274,1495,398660,8861451,1510,5114161,2756,88,1230888,9/9/2020,15.0000,False,False,9/9/2020,,,9/9/2020,System.Byte[],Waived current late fee 1.
,1307,1700275,1495,398660,8861451,1510,5114161,2756,88,1230888,9/9/2020,-15.0000,False,False,9/9/2020,,,9/9/2020,System.Byte[],Waived current late fee 1.
,150919,1700590,1495,398732,8862737,152543,5114860,93,88,1231112,9/10/2020,15.0000,False,False,9/10/2020,,,9/10/2020,System.Byte[],Waived current late fee 1.
,150919,1700591,1495,398732,8862737,152543,5114860,93,88,1231112,9/10/2020,-15.0000,False,False,9/10/2020,,,9/10/2020,System.Byte[],Waived current late fee 1.
,440287,1700822,1495,398732,8863556,405273,5115271,2756,88,1231207,9/11/2020,15.0000,False,False,9/11/2020,,,9/11/2020,System.Byte[],Waived current late fee 1.
,440287,1700823,1495,398732,8863556,405273,5115271,2756,88,1231207,9/11/2020,-15.0000,False,False,9/11/2020,,,9/11/2020,System.Byte[],Waived current late fee 1.
,287354,1701120,1495,398798,8865148,269881,5116171,2082,88,1231447,9/14/2020,15.0000,False,False,9/14/2020,,,9/14/2020,System.Byte[],Waived current late fee 1.
,287354,1701121,1495,398798,8865148,269881,5116171,2082,88,1231447,9/14/2020,-15.0000,False,False,9/14/2020,,,9/14/2020,System.Byte[],Waived current late fee 1.
,445716,1701132,1495,398798,8865233,410595,5116213,2082,88,1231456,9/14/2020,25.0000,False,False,9/14/2020,,,9/14/2020,System.Byte[],Reservation Fee
,445716,1701133,1495,398798,8865233,410595,5116213,2082,88,1231456,9/14/2020,-25.0000,False,False,9/14/2020,,,9/14/2020,System.Byte[],Reservation Fee
,122083,1701986,1495,399022,8870000,120450,5119293,93,88,1232624,9/21/2020,15.0000,False,False,9/21/2020,,,9/21/2020,System.Byte[],Waived current late fee 1.
,122083,1701987,1495,399022,8870000,120450,5119293,93,88,1232624,9/21/2020,-15.0000,False,False,9/21/2020,,,9/21/2020,System.Byte[],Waived current late fee 1.
,86147,1702118,1495,399073,8870597,93355,5119627,2082,88,1232703,9/22/2020,15.0000,False,False,9/22/2020,,,9/22/2020,System.Byte[],Waived current late fee 1.
,86147,1702119,1495,399073,8870597,93355,5119627,2082,88,1232703,9/22/2020,-15.0000,False,False,9/22/2020,,,9/22/2020,System.Byte[],Waived current late fee 1.
,446153,1702538,1495,399141,8872349,410955,5120430,2756,88,1232926,9/24/2020,10.0000,False,False,9/24/2020,,,9/24/2020,System.Byte[],Reservation Fee
,446153,1702539,1495,399141,8872349,410955,5120430,2756,88,1232926,9/24/2020,-10.0000,False,False,9/24/2020,,,9/24/2020,System.Byte[],Reservation Fee
,446153,1702540,1495,399141,8872350,410955,5120430,2756,88,1232927,9/24/2020,15.0000,False,False,9/24/2020,,,9/24/2020,System.Byte[],Reservation Fee
,446153,1702541,1495,399141,8872350,410955,5120430,2756,88,1232927,9/24/2020,-15.0000,False,False,9/24/2020,,,9/24/2020,System.Byte[],Reservation Fee
,439881,1703434,1495,400335,8876645,404967,5122897,1212,88,1233526,9/30/2020,15.0000,False,False,9/30/2020,,,9/30/2020,System.Byte[],Waived current late fee 1.
,439881,1703435,1495,400335,8876645,404967,5122897,1212,88,1233526,9/30/2020,-15.0000,False,False,9/30/2020,,,9/30/2020,System.Byte[],Waived current late fee 1.
,439881,1703436,1495,400335,8876651,404965,5122902,1212,88,1233527,9/30/2020,15.0000,False,False,9/30/2020,,,9/30/2020,System.Byte[],Waived current late fee 1.
,439881,1703437,1495,400335,8876651,404965,5122902,1212,88,1233527,9/30/2020,-15.0000,False,False,9/30/2020,,,9/30/2020,System.Byte[],Waived current late fee 1.
,444796,1705512,1495,400483,8886382,410565,5129586,93,88,1235245,10/5/2020,15.0000,False,False,10/5/2020,,,10/5/2020,System.Byte[],Waived current late fee 1.
,444796,1705513,1495,400483,8886382,410565,5129586,93,88,1235245,10/5/2020,-15.0000,False,False,10/5/2020,,,10/5/2020,System.Byte[],Waived current late fee 1.
,150919,1707230,1495,400880,8894456,152543,5134277,93,88,1236461,10/15/2020,25.0000,False,False,10/15/2020,,,10/15/2020,System.Byte[],Waived current late fee 2.
,150919,1707231,1495,400880,8894456,152543,5134277,93,88,1236461,10/15/2020,-25.0000,False,False,10/15/2020,,,10/15/2020,System.Byte[],Waived current late fee 2.
,439881,1708370,1495,401185,8901641,404967,5138812,93,88,1237301,10/26/2020,15.0000,False,False,10/26/2020,,,10/26/2020,System.Byte[],Waived current late fee 1.
,439881,1708371,1495,401185,8901641,404967,5138812,93,88,1237301,10/26/2020,-15.0000,False,False,10/26/2020,,,10/26/2020,System.Byte[],Waived current late fee 1.
,439881,1708372,1495,401185,8901642,404965,5138812,93,88,1237302,10/26/2020,15.0000,False,False,10/26/2020,,,10/26/2020,System.Byte[],Waived current late fee 1.
,439881,1708373,1495,401185,8901642,404965,5138812,93,88,1237302,10/26/2020,-15.0000,False,False,10/26/2020,,,10/26/2020,System.Byte[],Waived current late fee 1.
,286812,1708382,1495,401185,8901713,270221,5138866,93,88,1237310,10/26/2020,15.0000,False,False,10/26/2020,,,10/26/2020,System.Byte[],Waived current late fee 1.
,286812,1708383,1495,401185,8901713,270221,5138866,93,88,1237310,10/26/2020,-15.0000,False,False,10/26/2020,,,10/26/2020,System.Byte[],Waived current late fee 1.
,442490,1708408,1495,401185,8901901,407238,5138999,93,88,1237348,10/26/2020,15.0000,False,False,10/26/2020,,,10/26/2020,System.Byte[],Waived current late fee 1.
,442490,1708409,1495,401185,8901901,407238,5138999,93,88,1237348,10/26/2020,-15.0000,False,False,10/26/2020,,,10/26/2020,System.Byte[],Waived current late fee 1.
,1293,1708410,1495,401185,8901952,390399,5139022,93,88,1237351,10/26/2020,25.0000,False,False,10/26/2020,,,10/26/2020,System.Byte[],Waived current late fee 2.
,1293,1708411,1495,401185,8901952,390399,5139022,93,88,1237351,10/26/2020,-25.0000,False,False,10/26/2020,,,10/26/2020,System.Byte[],Waived current late fee 2.
,1293,1708412,1495,401185,8901953,337455,5139022,93,88,1237352,10/26/2020,25.0000,False,False,10/26/2020,,,10/26/2020,System.Byte[],Waived current late fee 2.
,1293,1708413,1495,401185,8901953,337455,5139022,93,88,1237352,10/26/2020,-25.0000,False,False,10/26/2020,,,10/26/2020,System.Byte[],Waived current late fee 2.
,262752,1709554,1495,402478,8911422,249967,5145382,2082,88,1238266,11/3/2020,15.0000,False,False,11/3/2020,,,11/3/2020,System.Byte[],Waived current late fee 1.
,262752,1709555,1495,402478,8911422,249967,5145382,2082,88,1238266,11/3/2020,-15.0000,False,False,11/3/2020,,,11/3/2020,System.Byte[],Waived current late fee 1.
,434688,1710158,1495,402616,8915568,400077,5147912,2756,88,1238809,11/7/2020,15.0000,False,False,11/7/2020,,,11/7/2020,System.Byte[],Waived current late fee 1.
,434688,1710159,1495,402616,8915568,400077,5147912,2756,88,1238809,11/7/2020,-15.0000,False,False,11/7/2020,,,11/7/2020,System.Byte[],Waived current late fee 1.
,33259,1711084,1495,402817,8919798,36864,5150403,2756,88,1239436,11/13/2020,25.0000,False,False,11/13/2020,,,11/13/2020,System.Byte[],Waived current late fee 2.
,33259,1711085,1495,402817,8919798,36864,5150403,2756,88,1239436,11/13/2020,-25.0000,False,False,11/13/2020,,,11/13/2020,System.Byte[],Waived current late fee 2.
,433445,1712066,1495,403081,8925156,401622,5153406,2756,88,1240224,11/21/2020,15.0000,False,False,11/21/2020,,,11/21/2020,System.Byte[],Waived current late fee 1.
,433445,1712067,1495,403081,8925156,401622,5153406,2756,88,1240224,11/21/2020,-15.0000,False,False,11/21/2020,,,11/21/2020,System.Byte[],Waived current late fee 1.
,1293,1712512,1495,403114,8926138,413208,5153959,93,88,1240394,11/23/2020,15.0000,False,False,11/23/2020,,,11/23/2020,System.Byte[],Waived current late fee 1.
,1293,1712513,1495,403114,8926138,413208,5153959,93,88,1240394,11/23/2020,-15.0000,False,False,11/23/2020,,,11/23/2020,System.Byte[],Waived current late fee 1.
,1293,1712518,1495,403114,8926142,413209,5153963,93,88,1240395,11/23/2020,15.0000,False,False,11/23/2020,,,11/23/2020,System.Byte[],Waived current late fee 1.
,1293,1712519,1495,403114,8926142,413209,5153963,93,88,1240395,11/23/2020,-15.0000,False,False,11/23/2020,,,11/23/2020,System.Byte[],Waived current late fee 1.
,41035,1714378,1495,403572,8940797,46711,5163635,93,88,1241913,12/7/2020,15.0000,False,False,12/7/2020,,,12/7/2020,System.Byte[],Waived current late fee 1.
,41035,1714379,1495,403572,8940797,46711,5163635,93,88,1241913,12/7/2020,-15.0000,False,False,12/7/2020,,,12/7/2020,System.Byte[],Waived current late fee 1.
,267133,1717152,1495,405227,8953851,252010,5170984,93,88,1243646,12/28/2020,25.0000,False,False,12/28/2020,,,12/28/2020,System.Byte[],Waived current late fee 2.
,267133,1717153,1495,405227,8953851,252010,5170984,93,88,1243646,12/28/2020,-25.0000,False,False,12/28/2020,,,12/28/2020,System.Byte[],Waived current late fee 2.
,260067,1718698,1495,405442,8963396,246055,5177175,2756,88,1244623,1/4/2021,15.0000,False,False,1/4/2021,,,1/4/2021,System.Byte[],Waived current late fee 1.
,260067,1718699,1495,405442,8963396,246055,5177175,2756,88,1244623,1/4/2021,-15.0000,False,False,1/4/2021,,,1/4/2021,System.Byte[],Waived current late fee 1.
,450844,1725525,1495,407886,9000761,415579,5199242,1212,88,1249023,2/17/2021,10.0000,False,False,2/17/2021,,,2/17/2021,System.Byte[],Reservation Fee
,450844,1725526,1495,407886,9000761,415579,5199242,1212,88,1249023,2/17/2021,-10.0000,False,False,2/17/2021,,,2/17/2021,System.Byte[],Reservation Fee
,450844,1725527,1495,407886,9000762,415579,5199242,1212,88,1249024,2/17/2021,15.0000,False,False,2/17/2021,,,2/17/2021,System.Byte[],Reservation Fee
,450844,1725528,1495,407886,9000762,415579,5199242,1212,88,1249024,2/17/2021,-15.0000,False,False,2/17/2021,,,2/17/2021,System.Byte[],Reservation Fee
,449027,1725881,1495,407957,9002292,413844,5200138,2756,88,1249250,2/19/2021,15.0000,False,False,2/19/2021,,,2/19/2021,System.Byte[],Waived current late fee 1.
,449027,1725882,1495,407957,9002292,413844,5200138,2756,88,1249250,2/19/2021,-15.0000,False,False,2/19/2021,,,2/19/2021,System.Byte[],Waived current late fee 1.
,150919,1725893,1495,407992,9002330,152543,5200163,93,88,1249260,2/19/2021,25.0000,False,False,2/19/2021,,,2/19/2021,System.Byte[],Waived current late fee 2.
,150919,1725894,1495,407992,9002330,152543,5200163,93,88,1249260,2/19/2021,-25.0000,False,False,2/19/2021,,,2/19/2021,System.Byte[],Waived current late fee 2.
,448761,1727447,1495,408248,9009763,413571,5204397,2756,88,1250134,3/1/2021,15.0000,False,False,3/1/2021,,,3/1/2021,System.Byte[],Waived current late fee 1.
,448761,1727448,1495,408248,9009763,413571,5204397,2756,88,1250134,3/1/2021,-15.0000,False,False,3/1/2021,,,3/1/2021,System.Byte[],Waived current late fee 1.
,439881,1727533,1495,408248,9011836,404967,5206075,2756,88,1250233,3/1/2021,15.0000,False,False,3/1/2021,,,3/1/2021,System.Byte[],Waived current late fee 1.
,439881,1727534,1495,408248,9011836,404967,5206075,2756,88,1250233,3/1/2021,-15.0000,False,False,3/1/2021,,,3/1/2021,System.Byte[],Waived current late fee 1.
,439881,1727535,1495,408248,9011837,404965,5206075,2756,88,1250234,3/1/2021,15.0000,False,False,3/1/2021,,,3/1/2021,System.Byte[],Waived current late fee 1.
,439881,1727536,1495,408248,9011837,404965,5206075,2756,88,1250234,3/1/2021,-15.0000,False,False,3/1/2021,,,3/1/2021,System.Byte[],Waived current late fee 1.
,359521,1728409,1495,408479,9019555,338732,5210954,2756,88,1251053,3/8/2021,15.0000,False,False,3/8/2021,,,3/8/2021,System.Byte[],Waived current late fee 1.
,359521,1728410,1495,408479,9019555,338732,5210954,2756,88,1251053,3/8/2021,-15.0000,False,False,3/8/2021,,,3/8/2021,System.Byte[],Waived current late fee 1.
,80049,1731149,1495,408858,9028902,86393,5215512,2756,88,1252200,3/19/2021,15.0000,False,False,3/19/2021,,,3/19/2021,System.Byte[],Waived current late fee 1.
,80049,1731150,1495,408858,9028902,86393,5215512,2756,88,1252200,3/19/2021,-15.0000,False,False,3/19/2021,,,3/19/2021,System.Byte[],Waived current late fee 1.
,80049,1731151,1495,408858,9028903,330254,5215512,2756,88,1252201,3/19/2021,15.0000,False,False,3/19/2021,,,3/19/2021,System.Byte[],Waived current late fee 1.
,80049,1731152,1495,408858,9028903,330254,5215512,2756,88,1252201,3/19/2021,-15.0000,False,False,3/19/2021,,,3/19/2021,System.Byte[],Waived current late fee 1.
,80049,1731153,1495,408858,9028904,86393,5215512,2756,88,1252202,3/19/2021,25.0000,False,False,3/19/2021,,,3/19/2021,System.Byte[],Waived current late fee 2.
,80049,1731154,1495,408858,9028904,86393,5215512,2756,88,1252202,3/19/2021,-25.0000,False,False,3/19/2021,,,3/19/2021,System.Byte[],Waived current late fee 2.
,80049,1731155,1495,408858,9028905,330254,5215512,2756,88,1252203,3/19/2021,25.0000,False,False,3/19/2021,,,3/19/2021,System.Byte[],Waived current late fee 2.
,80049,1731156,1495,408858,9028905,330254,5215512,2756,88,1252203,3/19/2021,-25.0000,False,False,3/19/2021,,,3/19/2021,System.Byte[],Waived current late fee 2.
,445951,1731797,1495,410086,9032759,410793,5217653,2756,88,1252716,3/26/2021,15.0000,False,False,3/26/2021,,,3/26/2021,System.Byte[],Waived current late fee 1.
,445951,1731798,1495,410086,9032759,410793,5217653,2756,88,1252716,3/26/2021,-15.0000,False,False,3/26/2021,,,3/26/2021,System.Byte[],Waived current late fee 1.
,362056,1733039,1495,410329,9042181,332527,5223915,2756,88,1253633,4/3/2021,15.0000,False,False,4/3/2021,,,4/3/2021,System.Byte[],Waived current late fee 1.
,362056,1733040,1495,410329,9042181,332527,5223915,2756,88,1253633,4/3/2021,-15.0000,False,False,4/3/2021,,,4/3/2021,System.Byte[],Waived current late fee 1.
,150919,1735309,1495,410741,9052931,152543,5229753,93,88,1255024,4/16/2021,25.0000,False,False,4/16/2021,,,4/16/2021,System.Byte[],Waived current late fee 2.
,150919,1735310,1495,410741,9052931,152543,5229753,93,88,1255024,4/16/2021,-25.0000,False,False,4/16/2021,,,4/16/2021,System.Byte[],Waived current late fee 2.
,43761,1737346,1495,411341,9070880,49648,5241249,2756,88,1257071,5/7/2021,15.0000,False,False,5/7/2021,,,5/7/2021,System.Byte[],Waived current late fee 1.
,43761,1737347,1495,411341,9070880,49648,5241249,2756,88,1257071,5/7/2021,-15.0000,False,False,5/7/2021,,,5/7/2021,System.Byte[],Waived current late fee 1.
,249897,1737462,1495,411404,9072120,237009,5241967,2756,88,1257180,5/10/2021,15.0000,False,False,5/10/2021,,,5/10/2021,System.Byte[],Waived current late fee 1.
,249897,1737463,1495,411404,9072120,237009,5241967,2756,88,1257180,5/10/2021,-15.0000,False,False,5/10/2021,,,5/10/2021,System.Byte[],Waived current late fee 1.
,284085,1738248,1495,412525,9075069,266895,5243464,2756,88,1257639,5/13/2021,15.0000,False,False,5/13/2021,,,5/13/2021,System.Byte[],Waived current late fee 1.
,284085,1738249,1495,412525,9075069,266895,5243464,2756,88,1257639,5/13/2021,-15.0000,False,False,5/13/2021,,,5/13/2021,System.Byte[],Waived current late fee 1.
,448921,1792818,1495,436671,9535529,413730,5544884,2756,88,1284523,5/15/2021,15.0000,False,False,5/15/2021,,,5/15/2021,System.Byte[],Waived current late fee 1.
,448921,1792819,1495,436671,9535529,413730,5544884,2756,88,1284523,5/15/2021,-15.0000,False,False,5/15/2021,,,5/15/2021,System.Byte[],Waived current late fee 1.
,80049,1794573,1495,437107,9548680,86393,5553169,2756,88,1286063,6/3/2021,15.0000,False,False,6/3/2021,,,6/3/2021,System.Byte[],Waived current late fee 1.
,80049,1794574,1495,437107,9548680,86393,5553169,2756,88,1286063,6/3/2021,-15.0000,False,False,6/3/2021,,,6/3/2021,System.Byte[],Waived current late fee 1.
,80049,1794575,1495,437107,9548681,330254,5553169,2756,88,1286064,6/3/2021,15.0000,False,False,6/3/2021,,,6/3/2021,System.Byte[],Waived current late fee 1.
,80049,1794576,1495,437107,9548681,330254,5553169,2756,88,1286064,6/3/2021,-15.0000,False,False,6/3/2021,,,6/3/2021,System.Byte[],Waived current late fee 1.
,150919,1796759,1495,437462,9558056,152543,5558157,93,88,1287303,6/17/2021,15.0000,False,False,6/17/2021,,,6/17/2021,System.Byte[],Waived current late fee 1.
,150919,1796760,1495,437462,9558056,152543,5558157,93,88,1287303,6/17/2021,-15.0000,False,False,6/17/2021,,,6/17/2021,System.Byte[],Waived current late fee 1.
,150919,1796761,1495,437462,9558057,152543,5558157,93,88,1287304,6/17/2021,25.0000,False,False,6/17/2021,,,6/17/2021,System.Byte[],Waived current late fee 2.
,150919,1796762,1495,437462,9558057,152543,5558157,93,88,1287304,6/17/2021,-25.0000,False,False,6/17/2021,,,6/17/2021,System.Byte[],Waived current late fee 2.
,1302,1797573,1495,438606,9561235,58565,5559768,2756,88,1287891,6/24/2021,15.0000,False,False,6/24/2021,,,6/24/2021,System.Byte[],Waived current late fee 1.
,1302,1797574,1495,438606,9561235,58565,5559768,2756,88,1287891,6/24/2021,-15.0000,False,False,6/24/2021,,,6/24/2021,System.Byte[],Waived current late fee 1.
,1302,1797575,1495,438606,9561236,1505,5559768,2756,88,1287892,6/24/2021,15.0000,False,False,6/24/2021,,,6/24/2021,System.Byte[],Waived current late fee 1.
,1302,1797576,1495,438606,9561236,1505,5559768,2756,88,1287892,6/24/2021,-15.0000,False,False,6/24/2021,,,6/24/2021,System.Byte[],Waived current late fee 1.
,477025,1798628,1495,438831,9572504,437899,5567238,1179,88,1289024,7/6/2021,15.0000,False,False,7/6/2021,,,7/6/2021,System.Byte[],Waived current late fee 1.
,477025,1798629,1495,438831,9572504,437899,5567238,1179,88,1289024,7/6/2021,-15.0000,False,False,7/6/2021,,,7/6/2021,System.Byte[],Waived current late fee 1.
,80049,1799514,1495,438948,9575545,86393,5568811,2756,88,1289576,7/9/2021,15.0000,False,False,7/9/2021,,,7/9/2021,System.Byte[],Waived current late fee 1.
,80049,1799515,1495,438948,9575545,86393,5568811,2756,88,1289576,7/9/2021,-15.0000,False,False,7/9/2021,,,7/9/2021,System.Byte[],Waived current late fee 1.
,80049,1799516,1495,438948,9575546,330254,5568811,2756,88,1289577,7/9/2021,15.0000,False,False,7/9/2021,,,7/9/2021,System.Byte[],Waived current late fee 1.
,80049,1799517,1495,438948,9575546,330254,5568811,2756,88,1289577,7/9/2021,-15.0000,False,False,7/9/2021,,,7/9/2021,System.Byte[],Waived current late fee 1.
,150919,1800040,1495,439061,9577560,152543,5569907,93,88,1289886,7/13/2021,25.0000,False,False,7/13/2021,,,7/13/2021,System.Byte[],Waived current late fee 2.
,150919,1800041,1495,439061,9577560,152543,5569907,93,88,1289886,7/13/2021,-25.0000,False,False,7/13/2021,,,7/13/2021,System.Byte[],Waived current late fee 2.
,80344,1800354,1495,439087,9578839,86852,5570544,2756,88,1290100,7/15/2021,15.0000,False,False,7/15/2021,,,7/15/2021,System.Byte[],Waived current late fee 1.
,80344,1800355,1495,439087,9578839,86852,5570544,2756,88,1290100,7/15/2021,-15.0000,False,False,7/15/2021,,,7/15/2021,System.Byte[],Waived current late fee 1.
,477521,1801006,1495,439225,9581373,438385,5571856,1179,88,1290482,7/21/2021,15.0000,False,False,7/21/2021,,,7/21/2021,System.Byte[],Waived current late fee 1.
,477521,1801007,1495,439225,9581373,438385,5571856,1179,88,1290482,7/21/2021,-15.0000,False,False,7/21/2021,,,7/21/2021,System.Byte[],Waived current late fee 1.
,1302,1801590,1495,439272,9582835,1505,5572528,2756,88,1290774,7/23/2021,15.0000,False,False,7/23/2021,,,7/23/2021,System.Byte[],Waived current late fee 1.
,1302,1801591,1495,439272,9582835,1505,5572528,2756,88,1290774,7/23/2021,-15.0000,False,False,7/23/2021,,,7/23/2021,System.Byte[],Waived current late fee 1.
,243710,1801988,1495,440358,9584572,275986,5573505,1179,88,1291064,7/27/2021,15.0000,False,False,7/27/2021,,,7/27/2021,System.Byte[],Waived current late fee 1.
,243710,1801989,1495,440358,9584572,275986,5573505,1179,88,1291064,7/27/2021,-15.0000,False,False,7/27/2021,,,7/27/2021,System.Byte[],Waived current late fee 1.
,154969,1802044,1495,440382,9584860,156627,5573686,1179,88,1291089,7/28/2021,15.0000,False,False,7/28/2021,,,7/28/2021,System.Byte[],Waived current late fee 1.
,154969,1802045,1495,440382,9584860,156627,5573686,1179,88,1291089,7/28/2021,-15.0000,False,False,7/28/2021,,,7/28/2021,System.Byte[],Waived current late fee 1.
,130807,1802260,1495,440426,9586213,385594,5574404,2756,88,1291309,7/30/2021,15.0000,False,False,7/30/2021,,,7/30/2021,System.Byte[],Waived current late fee 1.
,130807,1802261,1495,440426,9586213,385594,5574404,2756,88,1291309,7/30/2021,-15.0000,False,False,7/30/2021,,,7/30/2021,System.Byte[],Waived current late fee 1.
,130807,1802262,1495,440426,9586214,131566,5574404,2756,88,1291310,7/30/2021,15.0000,False,False,7/30/2021,,,7/30/2021,System.Byte[],Waived current late fee 1.
,130807,1802263,1495,440426,9586214,131566,5574404,2756,88,1291310,7/30/2021,-15.0000,False,False,7/30/2021,,,7/30/2021,System.Byte[],Waived current late fee 1.
,262752,1802864,1495,440527,9593016,249967,5579255,1179,88,1291811,8/3/2021,15.0000,False,False,8/3/2021,,,8/3/2021,System.Byte[],Waived current late fee 1.
,262752,1802865,1495,440527,9593016,249967,5579255,1179,88,1291811,8/3/2021,-15.0000,False,False,8/3/2021,,,8/3/2021,System.Byte[],Waived current late fee 1.
,358314,1802902,1495,440552,9593883,389116,5579794,1179,88,1291857,8/4/2021,15.0000,False,False,8/4/2021,,,8/4/2021,System.Byte[],Waived current late fee 1.
,358314,1802903,1495,440552,9593883,389116,5579794,1179,88,1291857,8/4/2021,-15.0000,False,False,8/4/2021,,,8/4/2021,System.Byte[],Waived current late fee 1.
,450361,1803376,1495,440628,9596407,415139,5581173,2756,88,1292196,8/7/2021,15.0000,False,False,8/7/2021,,,8/7/2021,System.Byte[],Waived current late fee 1.
,450361,1803377,1495,440628,9596407,415139,5581173,2756,88,1292196,8/7/2021,-15.0000,False,False,8/7/2021,,,8/7/2021,System.Byte[],Waived current late fee 1.
,150919,1804920,1495,440908,9604114,152543,5585382,1212,88,1293800,8/18/2021,25.0000,False,False,8/18/2021,,,8/18/2021,System.Byte[],Waived current late fee 2.
,150919,1804921,1495,440908,9604114,152543,5585382,1212,88,1293800,8/18/2021,-25.0000,False,False,8/18/2021,,,8/18/2021,System.Byte[],Waived current late fee 2.
,442490,1805622,1495,442117,9609778,407238,5588954,2756,88,1294528,8/28/2021,15.0000,False,False,8/28/2021,,,8/28/2021,System.Byte[],Waived current late fee 1.
,442490,1805623,1495,442117,9609778,407238,5588954,2756,88,1294528,8/28/2021,-15.0000,False,False,8/28/2021,,,8/28/2021,System.Byte[],Waived current late fee 1.
,477052,1806626,1495,442312,9620505,440017,5596012,2756,88,1295562,9/7/2021,20.0000,False,False,9/7/2021,,,9/7/2021,System.Byte[],Waived current late fee 1.
,477052,1806627,1495,442312,9620505,440017,5596012,2756,88,1295562,9/7/2021,-20.0000,False,False,9/7/2021,,,9/7/2021,System.Byte[],Waived current late fee 1.
,476879,1807400,1495,442446,9623366,438017,5597482,2756,88,1295996,9/11/2021,20.0000,False,False,9/11/2021,,,9/11/2021,System.Byte[],Waived current late fee 1.
,476879,1807401,1495,442446,9623366,438017,5597482,2756,88,1295996,9/11/2021,-20.0000,False,False,9/11/2021,,,9/11/2021,System.Byte[],Waived current late fee 1.
,478597,1808776,1495,442748,9630189,439409,5600890,2756,88,1297247,9/24/2021,20.0000,False,False,9/24/2021,,,9/24/2021,System.Byte[],Waived current late fee 1.
,478597,1808777,1495,442748,9630189,439409,5600890,2756,88,1297247,9/24/2021,-20.0000,False,False,9/24/2021,,,9/24/2021,System.Byte[],Waived current late fee 1.
,166732,1808944,1495,442793,9632401,211203,5602509,2756,88,1297494,9/27/2021,20.0000,False,False,9/27/2021,,,9/27/2021,System.Byte[],Waived current late fee 1.
,166732,1808945,1495,442793,9632401,211203,5602509,2756,88,1297494,9/27/2021,-20.0000,False,False,9/27/2021,,,9/27/2021,System.Byte[],Waived current late fee 1.
,478615,1809016,1495,442793,9632710,439435,5602687,1179,88,1297556,9/27/2021,20.0000,False,False,9/27/2021,,,9/27/2021,System.Byte[],Waived current late fee 1.
,478615,1809017,1495,442793,9632710,439435,5602687,1179,88,1297556,9/27/2021,-20.0000,False,False,9/27/2021,,,9/27/2021,System.Byte[],Waived current late fee 1.
,480226,1809622,1495,443936,9640376,441158,5607841,2756,88,1298224,10/2/2021,20.0000,False,False,10/2/2021,,,10/2/2021,System.Byte[],Waived current late fee 1.
,480226,1809623,1495,443936,9640376,441158,5607841,2756,88,1298224,10/2/2021,-20.0000,False,False,10/2/2021,,,10/2/2021,System.Byte[],Waived current late fee 1.
,452565,1810576,1495,444165,9647203,417297,5611764,2756,88,1299085,10/12/2021,20.0000,False,False,10/12/2021,,,10/12/2021,System.Byte[],Waived current late fee 1.
,452565,1810577,1495,444165,9647203,417297,5611764,2756,88,1299085,10/12/2021,-20.0000,False,False,10/12/2021,,,10/12/2021,System.Byte[],Waived current late fee 1.
,418717,1819240,1495,449855,9757456,386579,5673401,2756,88,1309011,10/18/2021,20.0000,False,False,10/18/2021,,,10/18/2021,System.Byte[],Waived current late fee 1.
,418717,1819241,1495,449855,9757456,386579,5673401,2756,88,1309011,10/18/2021,-20.0000,False,False,10/18/2021,,,10/18/2021,System.Byte[],Waived current late fee 1.
,80049,1819262,1495,449855,9757545,86393,5673438,93,88,1309018,10/18/2021,20.0000,False,False,10/18/2021,,,10/18/2021,System.Byte[],Waived current late fee 1.
,80049,1819263,1495,449855,9757545,86393,5673438,93,88,1309018,10/18/2021,-20.0000,False,False,10/18/2021,,,10/18/2021,System.Byte[],Waived current late fee 1.
,80049,1819264,1495,449855,9757546,330254,5673438,93,88,1309019,10/18/2021,20.0000,False,False,10/18/2021,,,10/18/2021,System.Byte[],Waived current late fee 1.
,80049,1819265,1495,449855,9757546,330254,5673438,93,88,1309019,10/18/2021,-20.0000,False,False,10/18/2021,,,10/18/2021,System.Byte[],Waived current late fee 1.
,80049,1819266,1495,449855,9757547,86393,5673438,93,88,1309020,10/18/2021,25.0000,False,False,10/18/2021,,,10/18/2021,System.Byte[],Waived current late fee 2.
,80049,1819267,1495,449855,9757547,86393,5673438,93,88,1309020,10/18/2021,-25.0000,False,False,10/18/2021,,,10/18/2021,System.Byte[],Waived current late fee 2.
,80049,1819268,1495,449855,9757548,330254,5673438,93,88,1309021,10/18/2021,25.0000,False,False,10/18/2021,,,10/18/2021,System.Byte[],Waived current late fee 2.
,80049,1819269,1495,449855,9757548,330254,5673438,93,88,1309021,10/18/2021,-25.0000,False,False,10/18/2021,,,10/18/2021,System.Byte[],Waived current late fee 2.
,478246,1819628,1495,449964,9759531,439072,5674491,93,88,1309325,10/22/2021,25.0000,False,False,10/22/2021,,,10/22/2021,System.Byte[],Waived current late fee 2.
,478246,1819629,1495,449964,9759531,439072,5674491,93,88,1309325,10/22/2021,-25.0000,False,False,10/22/2021,,,10/22/2021,System.Byte[],Waived current late fee 2.
,78801,1819644,1495,449988,9759728,85142,5674606,93,88,1309343,10/23/2021,20.0000,False,False,10/23/2021,,,10/23/2021,System.Byte[],Waived current late fee 1.
,78801,1819645,1495,449988,9759728,85142,5674606,93,88,1309343,10/23/2021,-20.0000,False,False,10/23/2021,,,10/23/2021,System.Byte[],Waived current late fee 1.
,262752,1820960,1495,451231,9770282,249967,5681882,1212,88,1310180,11/3/2021,20.0000,False,False,11/3/2021,,,11/3/2021,System.Byte[],Waived current late fee 1.
,262752,1820961,1495,451231,9770282,249967,5681882,1212,88,1310180,11/3/2021,-20.0000,False,False,11/3/2021,,,11/3/2021,System.Byte[],Waived current late fee 1.
,1304,1822528,1495,451321,9776925,1507,5685079,93,88,1310968,11/8/2021,20.0000,False,False,11/8/2021,,,11/8/2021,System.Byte[],Waived current late fee 1.
,1304,1822529,1495,451321,9776925,1507,5685079,93,88,1310968,11/8/2021,-20.0000,False,False,11/8/2021,,,11/8/2021,System.Byte[],Waived current late fee 1.
,476879,1822670,1495,451321,9777198,438017,5685203,93,88,1311071,11/8/2021,20.0000,False,False,11/8/2021,,,11/8/2021,System.Byte[],Waived current late fee 1.
,476879,1822671,1495,451321,9777198,438017,5685203,93,88,1311071,11/8/2021,-20.0000,False,False,11/8/2021,,,11/8/2021,System.Byte[],Waived current late fee 1.
,480849,1843610,1495,452164,9826708,445832,5697106,2756,88,1324618,11/22/2021,20.0000,False,False,11/22/2021,,,11/22/2021,System.Byte[],Waived current late fee 1.
,480849,1843611,1495,452164,9826708,445832,5697106,2756,88,1324618,11/22/2021,-20.0000,False,False,11/22/2021,,,11/22/2021,System.Byte[],Waived current late fee 1.
,480821,1864079,1495,459050,9999253,441730,5814545,93,88,1414560,12/7/2021,25.0000,False,False,12/7/2021,,,12/7/2021,System.Byte[],Waived current late fee 2.
,480821,1864080,1495,459050,9999253,441730,5814545,93,88,1414560,12/7/2021,-25.0000,False,False,12/7/2021,,,12/7/2021,System.Byte[],Waived current late fee 2.
,43761,1864111,1495,459050,9999395,49648,5814640,93,88,1414584,12/7/2021,20.0000,False,False,12/7/2021,,,12/7/2021,System.Byte[],Waived current late fee 1.
,43761,1864112,1495,459050,9999395,49648,5814640,93,88,1414584,12/7/2021,-20.0000,False,False,12/7/2021,,,12/7/2021,System.Byte[],Waived current late fee 1.
,478744,1864417,1495,459116,10000775,439540,5815434,2756,88,1414789,12/10/2021,25.0000,False,False,12/10/2021,,,12/10/2021,System.Byte[],Waived current late fee 2.
,478744,1864418,1495,459116,10000775,439540,5815434,2756,88,1414789,12/10/2021,-25.0000,False,False,12/10/2021,,,12/10/2021,System.Byte[],Waived current late fee 2.
,480381,1864687,1495,459159,10001898,441339,5816030,93,88,1414964,12/13/2021,25.0000,False,False,12/13/2021,,,12/13/2021,System.Byte[],Waived current late fee 2.
,480381,1864688,1495,459159,10001898,441339,5816030,93,88,1414964,12/13/2021,-25.0000,False,False,12/13/2021,,,12/13/2021,System.Byte[],Waived current late fee 2.
,481226,1865285,1495,459243,10003923,446537,5817043,2756,88,1415314,12/16/2021,25.0000,False,False,12/16/2021,,,12/16/2021,System.Byte[],Waived current late fee 2.
,481226,1865286,1495,459243,10003923,446537,5817043,2756,88,1415314,12/16/2021,-25.0000,False,False,12/16/2021,,,12/16/2021,System.Byte[],Waived current late fee 2.
,481226,1865287,1495,459243,10003924,442109,5817043,2756,88,1415315,12/16/2021,25.0000,False,False,12/16/2021,,,12/16/2021,System.Byte[],Waived current late fee 2.
,481226,1865288,1495,459243,10003924,442109,5817043,2756,88,1415315,12/16/2021,-25.0000,False,False,12/16/2021,,,12/16/2021,System.Byte[],Waived current late fee 2.
,1307,1865333,1495,459261,10004209,1510,5817200,2756,88,1415341,12/17/2021,25.0000,False,False,12/17/2021,,,12/17/2021,System.Byte[],Waived current late fee 2.
,1307,1865334,1495,459261,10004209,1510,5817200,2756,88,1415341,12/17/2021,-25.0000,False,False,12/17/2021,,,12/17/2021,System.Byte[],Waived current late fee 2.
,80049,1865649,1495,459305,10005635,86393,5817887,93,88,1415513,12/20/2021,20.0000,False,False,12/20/2021,,,12/20/2021,System.Byte[],Waived current late fee 1.
,80049,1865650,1495,459305,10005635,86393,5817887,93,88,1415513,12/20/2021,-20.0000,False,False,12/20/2021,,,12/20/2021,System.Byte[],Waived current late fee 1.
,80049,1865651,1495,459305,10005636,330254,5817887,93,88,1415514,12/20/2021,20.0000,False,False,12/20/2021,,,12/20/2021,System.Byte[],Waived current late fee 1.
,80049,1865652,1495,459305,10005636,330254,5817887,93,88,1415514,12/20/2021,-20.0000,False,False,12/20/2021,,,12/20/2021,System.Byte[],Waived current late fee 1.
,80049,1865653,1495,459305,10005637,86393,5817887,93,88,1415515,12/20/2021,25.0000,False,False,12/20/2021,,,12/20/2021,System.Byte[],Waived current late fee 2.
,80049,1865654,1495,459305,10005637,86393,5817887,93,88,1415515,12/20/2021,-25.0000,False,False,12/20/2021,,,12/20/2021,System.Byte[],Waived current late fee 2.
,80049,1865655,1495,459305,10005638,330254,5817887,93,88,1415516,12/20/2021,25.0000,False,False,12/20/2021,,,12/20/2021,System.Byte[],Waived current late fee 2.
,80049,1865656,1495,459305,10005638,330254,5817887,93,88,1415516,12/20/2021,-25.0000,False,False,12/20/2021,,,12/20/2021,System.Byte[],Waived current late fee 2.
,485472,1866585,1495,459480,10008649,446482,5819456,2756,88,1415781,12/28/2021,20.0000,False,False,12/28/2021,,,12/28/2021,System.Byte[],Waived current late fee 1.
,485472,1866586,1495,459480,10008649,446482,5819456,2756,88,1415781,12/28/2021,-20.0000,False,False,12/28/2021,,,12/28/2021,System.Byte[],Waived current late fee 1.
,480214,1867385,1495,459548,10014837,441148,5823872,2756,88,1416143,1/3/2022,20.0000,False,False,1/3/2022,,,1/3/2022,System.Byte[],Waived current late fee 1.
,480214,1867386,1495,459548,10014837,441148,5823872,2756,88,1416143,1/3/2022,-20.0000,False,False,1/3/2022,,,1/3/2022,System.Byte[],Waived current late fee 1.
,448659,1867957,1495,459671,10019658,413462,5826853,2756,88,1416556,1/6/2022,20.0000,False,False,1/6/2022,,,1/6/2022,System.Byte[],Waived current late fee 1.
,448659,1867958,1495,459671,10019658,413462,5826853,2756,88,1416556,1/6/2022,-20.0000,False,False,1/6/2022,,,1/6/2022,System.Byte[],Waived current late fee 1.
,371371,1868127,1495,459690,10020410,337137,5827254,2756,88,1416646,1/7/2022,20.0000,False,False,1/7/2022,,,1/7/2022,System.Byte[],Waived current late fee 1.
,371371,1868128,1495,459690,10020410,337137,5827254,2756,88,1416646,1/7/2022,-20.0000,False,False,1/7/2022,,,1/7/2022,System.Byte[],Waived current late fee 1.
,289574,1868291,1495,459733,10021854,272040,5827926,2756,88,1416769,1/10/2022,20.0000,False,False,1/10/2022,,,1/10/2022,System.Byte[],Waived current late fee 1.
,289574,1868292,1495,459733,10021854,272040,5827926,2756,88,1416769,1/10/2022,-20.0000,False,False,1/10/2022,,,1/10/2022,System.Byte[],Waived current late fee 1.
,441759,1868295,1495,459733,10021866,406500,5827934,2756,88,1416771,1/10/2022,20.0000,False,False,1/10/2022,,,1/10/2022,System.Byte[],Waived current late fee 1.
,441759,1868296,1495,459733,10021866,406500,5827934,2756,88,1416771,1/10/2022,-20.0000,False,False,1/10/2022,,,1/10/2022,System.Byte[],Waived current late fee 1.
,485193,1868795,1495,459798,10023600,453415,5828676,1212,88,1416988,1/12/2022,20.0000,False,False,1/12/2022,,,1/12/2022,System.Byte[],Waived current late fee 1.
,485193,1868796,1495,459798,10023600,453415,5828676,1212,88,1416988,1/12/2022,-20.0000,False,False,1/12/2022,,,1/12/2022,System.Byte[],Waived current late fee 1.
,478778,1869105,1495,459864,10025011,439585,5829319,2756,88,1417181,1/15/2022,25.0000,False,False,1/15/2022,,,1/15/2022,System.Byte[],Waived current late fee 2.
,478778,1869106,1495,459864,10025011,439585,5829319,2756,88,1417181,1/15/2022,-25.0000,False,False,1/15/2022,,,1/15/2022,System.Byte[],Waived current late fee 2.
,449732,1869483,1495,459965,10026779,414553,5830181,2756,88,1417407,1/20/2022,20.0000,False,False,1/20/2022,,,1/20/2022,System.Byte[],Waived current late fee 1.
,449732,1869484,1495,459965,10026779,414553,5830181,2756,88,1417407,1/20/2022,-20.0000,False,False,1/20/2022,,,1/20/2022,System.Byte[],Waived current late fee 1.
,485472,1869687,1495,460030,10028295,446482,5830876,93,88,1417551,1/24/2022,20.0000,False,False,1/24/2022,,,1/24/2022,System.Byte[],Waived current late fee 1.
,485472,1869688,1495,460030,10028295,446482,5830876,93,88,1417551,1/24/2022,-20.0000,False,False,1/24/2022,,,1/24/2022,System.Byte[],Waived current late fee 1.
,1477,1870441,1495,461214,10035346,1683,5835048,93,88,1418159,2/1/2022,20.0000,False,False,2/1/2022,,,2/1/2022,System.Byte[],Waived current late fee 1.
,1477,1870442,1495,461214,10035346,1683,5835048,93,88,1418159,2/1/2022,-20.0000,False,False,2/1/2022,,,2/1/2022,System.Byte[],Waived current late fee 1.
,264420,1871749,1495,461462,10044463,249738,5840336,93,88,1419102,2/12/2022,20.0000,False,False,2/12/2022,,,2/12/2022,System.Byte[],Waived current late fee 1.
,264420,1871750,1495,461462,10044463,249738,5840336,93,88,1419102,2/12/2022,-20.0000,False,False,2/12/2022,,,2/12/2022,System.Byte[],Waived current late fee 1.
,449027,1872799,1495,461672,10048632,413844,5842228,93,88,1419678,2/22/2022,20.0000,False,False,2/22/2022,,,2/22/2022,System.Byte[],Waived current late fee 1.
,449027,1872800,1495,461672,10048632,413844,5842228,93,88,1419678,2/22/2022,-20.0000,False,False,2/22/2022,,,2/22/2022,System.Byte[],Waived current late fee 1.
,150919,1876053,1495,462142,10066663,152543,5852645,93,88,1421549,3/15/2022,25.0000,False,False,3/15/2022,,,3/15/2022,System.Byte[],Waived current late fee 2.
,150919,1876054,1495,462142,10066663,152543,5852645,93,88,1421549,3/15/2022,-25.0000,False,False,3/15/2022,,,3/15/2022,System.Byte[],Waived current late fee 2.
,492321,1880630,1495,462189,10079401,453416,5858634,2756,88,1424338,3/18/2022,20.0000,False,False,3/18/2022,,,3/18/2022,System.Byte[],Waived current late fee 1.
,492321,1880631,1495,462189,10079401,453416,5858634,2756,88,1424338,3/18/2022,-20.0000,False,False,3/18/2022,,,3/18/2022,System.Byte[],Waived current late fee 1.
,492321,1880632,1495,462189,10079421,453416,5858642,2756,88,1424339,3/18/2022,20.0000,False,False,3/18/2022,,,3/18/2022,System.Byte[],Waived current late fee 1.
,492321,1880633,1495,462189,10079421,453416,5858642,2756,88,1424339,3/18/2022,-20.0000,False,False,3/18/2022,,,3/18/2022,System.Byte[],Waived current late fee 1.
,476841,1882830,1495,464603,10086530,437750,5861892,2756,88,1425178,3/31/2022,20.0000,False,False,3/31/2022,,,3/31/2022,System.Byte[],Waived current late fee 1.
,476841,1882831,1495,464603,10086530,437750,5861892,2756,88,1425178,3/31/2022,-20.0000,False,False,3/31/2022,,,3/31/2022,System.Byte[],Waived current late fee 1.
,440523,1899446,1495,468260,10168067,405495,5904801,2756,88,1435971,4/12/2022,20.0000,False,False,4/12/2022,,,4/12/2022,System.Byte[],Waived current late fee 1.
,440523,1899447,1495,468260,10168067,405495,5904801,2756,88,1435971,4/12/2022,-20.0000,False,False,4/12/2022,,,4/12/2022,System.Byte[],Waived current late fee 1.
,285242,1900394,1495,468384,10171270,267972,5906328,2756,88,1436472,4/18/2022,20.0000,False,False,4/18/2022,,,4/18/2022,System.Byte[],Waived current late fee 1.
,285242,1900395,1495,468384,10171270,267972,5906328,2756,88,1436472,4/18/2022,-20.0000,False,False,4/18/2022,,,4/18/2022,System.Byte[],Waived current late fee 1.
,492434,1901080,1495,469590,10175827,453563,5909172,2756,88,1436903,4/26/2022,20.0000,False,False,4/26/2022,,,4/26/2022,System.Byte[],Waived current late fee 1.
,492434,1901081,1495,469590,10175827,453563,5909172,2756,88,1436903,4/26/2022,-20.0000,False,False,4/26/2022,,,4/26/2022,System.Byte[],Waived current late fee 1.
,485561,1902060,1495,469771,10184819,446559,5915252,93,88,1437502,5/3/2022,25.0000,False,False,5/3/2022,,,5/3/2022,System.Byte[],Waived current late fee 2.
,485561,1902061,1495,469771,10184819,446559,5915252,93,88,1437502,5/3/2022,-25.0000,False,False,5/3/2022,,,5/3/2022,System.Byte[],Waived current late fee 2.
,492173,1909328,1495,471830,10221744,454454,5936888,2756,88,1442479,6/10/2022,20.0000,False,False,6/10/2022,,,6/10/2022,System.Byte[],Waived current late fee 1.
,492173,1909329,1495,471830,10221744,454454,5936888,2756,88,1442479,6/10/2022,-20.0000,False,False,6/10/2022,,,6/10/2022,System.Byte[],Waived current late fee 1.
,493735,1909536,1495,471883,10223103,454931,5937545,93,88,1442580,6/13/2022,20.0000,False,False,6/13/2022,,,6/13/2022,System.Byte[],Waived current late fee 1.
,493735,1909537,1495,471883,10223103,454931,5937545,93,88,1442580,6/13/2022,-20.0000,False,False,6/13/2022,,,6/13/2022,System.Byte[],Waived current late fee 1.
,500116,1911520,1495,472235,10230086,459262,5941062,93,88,1443696,6/27/2022,20.0000,False,False,6/27/2022,,,6/27/2022,System.Byte[],Waived current late fee 1.
,500116,1911521,1495,472235,10230086,459262,5941062,93,88,1443696,6/27/2022,-20.0000,False,False,6/27/2022,,,6/27/2022,System.Byte[],Waived current late fee 1.
,495518,1911696,1495,472278,10230873,456292,5941480,1179,88,1443798,6/28/2022,20.0000,False,False,6/28/2022,,,6/28/2022,System.Byte[],Waived current late fee 1.
,495518,1911697,1495,472278,10230873,456292,5941480,1179,88,1443798,6/28/2022,-20.0000,False,False,6/28/2022,,,6/28/2022,System.Byte[],Waived current late fee 1.
,500201,1912228,1495,472410,10239783,459365,5947487,1179,88,1444287,7/5/2022,20.0000,False,False,7/5/2022,,,7/5/2022,System.Byte[],Waived current late fee 1.
,500201,1912229,1495,472410,10239783,459365,5947487,1179,88,1444287,7/5/2022,-20.0000,False,False,7/5/2022,,,7/5/2022,System.Byte[],Waived current late fee 1.
,439881,1912548,1495,472498,10242267,404967,5948905,93,88,1444552,7/7/2022,25.0000,False,False,7/7/2022,,,7/7/2022,System.Byte[],Waived current late fee 2.
,439881,1912549,1495,472498,10242267,404967,5948905,93,88,1444552,7/7/2022,-25.0000,False,False,7/7/2022,,,7/7/2022,System.Byte[],Waived current late fee 2.
,150919,1913132,1495,472622,10245240,152543,5950382,93,88,1444934,7/11/2022,20.0000,False,False,7/11/2022,,,7/11/2022,System.Byte[],Waived current late fee 1.
,150919,1913133,1495,472622,10245240,152543,5950382,93,88,1444934,7/11/2022,-20.0000,False,False,7/11/2022,,,7/11/2022,System.Byte[],Waived current late fee 1.
,357828,1915138,1495,473075,10254198,329222,5954915,2756,88,1446052,7/29/2022,20.0000,False,False,7/29/2022,,,7/29/2022,System.Byte[],Waived current late fee 1.
,357828,1915139,1495,473075,10254198,329222,5954915,2756,88,1446052,7/29/2022,-20.0000,False,False,7/29/2022,,,7/29/2022,System.Byte[],Waived current late fee 1.
,486448,1915146,1495,473075,10254225,447342,5954931,93,88,1446057,7/29/2022,20.0000,False,False,7/29/2022,,,7/29/2022,System.Byte[],Waived current late fee 1.
,486448,1915147,1495,473075,10254225,447342,5954931,93,88,1446057,7/29/2022,-20.0000,False,False,7/29/2022,,,7/29/2022,System.Byte[],Waived current late fee 1.
,501857,1915364,1495,473106,10255093,461095,5955363,93,88,1446186,7/30/2022,20.0000,False,False,7/30/2022,,,7/30/2022,System.Byte[],Waived current late fee 1.
,501857,1915365,1495,473106,10255093,461095,5955363,93,88,1446186,7/30/2022,-20.0000,False,False,7/30/2022,,,7/30/2022,System.Byte[],Waived current late fee 1.
,80344,1917320,1495,473394,10268677,86852,5963787,1212,88,1447258,8/10/2022,20.0000,False,False,8/10/2022,,,8/10/2022,System.Byte[],Waived current late fee 1.
,80344,1917321,1495,473394,10268677,86852,5963787,1212,88,1447258,8/10/2022,-20.0000,False,False,8/10/2022,,,8/10/2022,System.Byte[],Waived current late fee 1.
,150919,1917774,1495,473480,10270166,152543,5964480,93,88,1447469,8/12/2022,25.0000,False,False,8/12/2022,,,8/12/2022,System.Byte[],Waived current late fee 2.
,150919,1917775,1495,473480,10270166,152543,5964480,93,88,1447469,8/12/2022,-25.0000,False,False,8/12/2022,,,8/12/2022,System.Byte[],Waived current late fee 2.
,282952,1918164,1495,473606,10272240,265841,5965557,2756,88,1447692,8/18/2022,25.0000,False,False,8/18/2022,,,8/18/2022,System.Byte[],Waived current late fee 2.
,282952,1918165,1495,473606,10272240,265841,5965557,2756,88,1447692,8/18/2022,-25.0000,False,False,8/18/2022,,,8/18/2022,System.Byte[],Waived current late fee 2.
,371420,1918334,1495,473686,10273429,403091,5966127,2756,88,1447826,8/20/2022,20.0000,False,False,8/20/2022,,,8/20/2022,System.Byte[],Waived current late fee 1.
,371420,1918335,1495,473686,10273429,403091,5966127,2756,88,1447826,8/20/2022,-20.0000,False,False,8/20/2022,,,8/20/2022,System.Byte[],Waived current late fee 1.
,86147,1918396,1495,473688,10273882,93355,5966401,93,88,1447868,8/22/2022,20.0000,False,False,8/22/2022,,,8/22/2022,System.Byte[],Waived current late fee 1.
,86147,1918397,1495,473688,10273882,93355,5966401,93,88,1447868,8/22/2022,-20.0000,False,False,8/22/2022,,,8/22/2022,System.Byte[],Waived current late fee 1.
,150919,1921152,1495,474255,10292390,152543,5977421,93,88,1449518,9/11/2022,20.0000,False,False,9/11/2022,,,9/11/2022,System.Byte[],Waived current late fee 1.
,150919,1921153,1495,474255,10292390,152543,5977421,93,88,1449518,9/11/2022,-20.0000,False,False,9/11/2022,,,9/11/2022,System.Byte[],Waived current late fee 1.
,480280,1924932,1495,474872,10311359,441220,5988192,1179,88,1451120,10/4/2022,20.0000,False,False,10/4/2022,,,10/4/2022,System.Byte[],Waived current late fee 1.
,480280,1924933,1495,474872,10311359,441220,5988192,1179,88,1451120,10/4/2022,-20.0000,False,False,10/4/2022,,,10/4/2022,System.Byte[],Waived current late fee 1.
,779211,1926900,1495,475163,10319058,462394,5992082,2756,88,1452119,10/15/2022,20.0000,False,False,10/15/2022,,,10/15/2022,System.Byte[],Waived current late fee 1.
,779211,1926901,1495,475163,10319058,462394,5992082,2756,88,1452119,10/15/2022,-20.0000,False,False,10/15/2022,,,10/15/2022,System.Byte[],Waived current late fee 1.
,150919,1927846,1495,475347,10322507,152543,5993696,93,88,1452546,10/21/2022,25.0000,False,False,10/21/2022,,,10/21/2022,System.Byte[],Waived current late fee 2.
,150919,1927847,1495,475347,10322507,152543,5993696,93,88,1452546,10/21/2022,-25.0000,False,False,10/21/2022,,,10/21/2022,System.Byte[],Waived current late fee 2.
,43761,1930030,1495,475816,10338314,49648,6003506,2756,88,1453943,11/8/2022,20.0000,False,False,11/8/2022,,,11/8/2022,System.Byte[],Waived current late fee 1.
,43761,1930031,1495,475816,10338314,49648,6003506,2756,88,1453943,11/8/2022,-20.0000,False,False,11/8/2022,,,11/8/2022,System.Byte[],Waived current late fee 1.
,493627,1930032,1495,475816,10338327,454788,6003510,2756,88,1453944,11/8/2022,20.0000,False,False,11/8/2022,,,11/8/2022,System.Byte[],Waived current late fee 1.
,493627,1930033,1495,475816,10338327,454788,6003510,2756,88,1453944,11/8/2022,-20.0000,False,False,11/8/2022,,,11/8/2022,System.Byte[],Waived current late fee 1.
,441764,1930686,1495,475893,10341144,406502,6004808,2756,88,1454250,11/11/2022,20.0000,False,False,11/11/2022,,,11/11/2022,System.Byte[],Waived current late fee 1.
,441764,1930687,1495,475893,10341144,406502,6004808,2756,88,1454250,11/11/2022,-20.0000,False,False,11/11/2022,,,11/11/2022,System.Byte[],Waived current late fee 1.
,150919,1931312,1495,476115,10344979,152543,6006526,93,88,1454644,11/18/2022,20.0000,False,False,11/18/2022,,,11/18/2022,System.Byte[],Waived current late fee 1.
,150919,1931313,1495,476115,10344979,152543,6006526,93,88,1454644,11/18/2022,-20.0000,False,False,11/18/2022,,,11/18/2022,System.Byte[],Waived current late fee 1.
,150919,1931314,1495,476115,10344980,152543,6006526,93,88,1454645,11/18/2022,25.0000,False,False,11/18/2022,,,11/18/2022,System.Byte[],Waived current late fee 2.
,150919,1931315,1495,476115,10344980,152543,6006526,93,88,1454645,11/18/2022,-25.0000,False,False,11/18/2022,,,11/18/2022,System.Byte[],Waived current late fee 2.
,504325,1931482,1495,476176,10345867,463850,6007013,2756,88,1454718,11/21/2022,25.0000,False,False,11/21/2022,,,11/21/2022,System.Byte[],Waived current late fee 2.
,504325,1931483,1495,476176,10345867,463850,6007013,2756,88,1454718,11/21/2022,-25.0000,False,False,11/21/2022,,,11/21/2022,System.Byte[],Waived current late fee 2.
,150919,1938144,1495,476887,10368757,152543,6020074,93,88,1457401,12/17/2022,20.0000,False,False,12/17/2022,,,12/17/2022,System.Byte[],Waived current late fee 1.
,150919,1938145,1495,476887,10368757,152543,6020074,93,88,1457401,12/17/2022,-20.0000,False,False,12/17/2022,,,12/17/2022,System.Byte[],Waived current late fee 1.
,150919,1938146,1495,476887,10368758,152543,6020074,93,88,1457402,12/17/2022,25.0000,False,False,12/17/2022,,,12/17/2022,System.Byte[],Waived current late fee 2.
,150919,1938147,1495,476887,10368758,152543,6020074,93,88,1457402,12/17/2022,-25.0000,False,False,12/17/2022,,,12/17/2022,System.Byte[],Waived current late fee 2.
,78801,1938620,1495,477048,10371152,85142,6021345,93,88,1457718,12/23/2022,20.0000,False,False,12/23/2022,,,12/23/2022,System.Byte[],Waived current late fee 1.
,78801,1938621,1495,477048,10371152,85142,6021345,93,88,1457718,12/23/2022,-20.0000,False,False,12/23/2022,,,12/23/2022,System.Byte[],Waived current late fee 1.
,504428,1939260,1495,477189,10374366,463983,6022937,5996,88,1458119,12/30/2022,25.0000,False,False,12/30/2022,,,12/30/2022,System.Byte[],Waived current late fee 2.
,504428,1939261,1495,477189,10374366,463983,6022937,5996,88,1458119,12/30/2022,-25.0000,False,False,12/30/2022,,,12/30/2022,System.Byte[],Waived current late fee 2.
,503690,1941502,1495,477735,10392695,463194,6033670,2756,88,1459757,1/20/2023,20.0000,False,False,1/20/2023,,,1/20/2023,System.Byte[],Waived current late fee 1.
,503690,1941503,1495,477735,10392695,463194,6033670,2756,88,1459757,1/20/2023,-20.0000,False,False,1/20/2023,,,1/20/2023,System.Byte[],Waived current late fee 1.
,450844,1941870,1495,477837,10394362,415582,6034470,1179,88,1459973,1/24/2023,20.0000,False,False,1/24/2023,,,1/24/2023,System.Byte[],Waived current late fee 1.
,450844,1941871,1495,477837,10394362,415582,6034470,1179,88,1459973,1/24/2023,-20.0000,False,False,1/24/2023,,,1/24/2023,System.Byte[],Waived current late fee 1.
,262752,2599271,1495,521188,14264040,249967,8539219,5996,88,1678481,2/3/2023,20.0000,False,False,2/3/2023,,,2/3/2023,System.Byte[],Waived current late fee 1.
,262752,2599272,1495,521188,14264040,249967,8539219,5996,88,1678481,2/3/2023,-20.0000,False,False,2/3/2023,,,2/3/2023,System.Byte[],Waived current late fee 1.
,449518,2599967,1495,521400,14267746,466033,8541176,2756,88,1678972,2/9/2023,20.0000,False,False,2/9/2023,,,2/9/2023,System.Byte[],Waived current late fee 1.
,449518,2599968,1495,521400,14267746,466033,8541176,2756,88,1678972,2/9/2023,-20.0000,False,False,2/9/2023,,,2/9/2023,System.Byte[],Waived current late fee 1.
,150919,2600517,1495,521673,14270843,152543,8542636,93,88,1679326,2/16/2023,20.0000,False,False,2/16/2023,,,2/16/2023,System.Byte[],Waived current late fee 1.
,150919,2600518,1495,521673,14270843,152543,8542636,93,88,1679326,2/16/2023,-20.0000,False,False,2/16/2023,,,2/16/2023,System.Byte[],Waived current late fee 1.
,150919,2600519,1495,521673,14270844,152543,8542636,93,88,1679327,2/16/2023,25.0000,False,False,2/16/2023,,,2/16/2023,System.Byte[],Waived current late fee 2.
,150919,2600520,1495,521673,14270844,152543,8542636,93,88,1679327,2/16/2023,-25.0000,False,False,2/16/2023,,,2/16/2023,System.Byte[],Waived current late fee 2.
,505066,2604019,1495,521983,14276628,464728,8544658,2756,88,1679910,2/27/2023,20.0000,False,False,2/27/2023,,,2/27/2023,System.Byte[],Waived current late fee 1.
,505066,2604020,1495,521983,14276628,464728,8544658,2756,88,1679910,2/27/2023,-20.0000,False,False,2/27/2023,,,2/27/2023,System.Byte[],Waived current late fee 1.
,423645,2604157,1495,522046,14277159,389119,8544893,93,88,1680021,2/28/2023,20.0000,False,False,2/28/2023,,,2/28/2023,System.Byte[],Waived current late fee 1.
,423645,2604158,1495,522046,14277159,389119,8544893,93,88,1680021,2/28/2023,-20.0000,False,False,2/28/2023,,,2/28/2023,System.Byte[],Waived current late fee 1.
,150919,2606587,1495,522823,14296925,152543,8555526,93,88,1682193,3/6/2023,20.0000,False,False,3/6/2023,,,3/6/2023,System.Byte[],Waived current late fee 1.
,150919,2606588,1495,522823,14296925,152543,8555526,93,88,1682193,3/6/2023,-20.0000,False,False,3/6/2023,,,3/6/2023,System.Byte[],Waived current late fee 1.
,504469,2608725,1495,523272,14303900,464032,8558467,2756,88,1683163,3/21/2023,20.0000,False,False,3/21/2023,,,3/21/2023,System.Byte[],Waived current late fee 1.
,504469,2608726,1495,523272,14303900,464032,8558467,2756,88,1683163,3/21/2023,-20.0000,False,False,3/21/2023,,,3/21/2023,System.Byte[],Waived current late fee 1.
,249897,2610473,1495,523917,14318647,237009,8567633,2756,88,1684341,4/10/2023,20.0000,False,False,4/10/2023,,,4/10/2023,System.Byte[],Waived current late fee 1.
,249897,2610474,1495,523917,14318647,237009,8567633,2756,88,1684341,4/10/2023,-20.0000,False,False,4/10/2023,,,4/10/2023,System.Byte[],Waived current late fee 1.
,249897,2610475,1495,523917,14318648,446074,8567633,2756,88,1684342,4/10/2023,20.0000,False,False,4/10/2023,,,4/10/2023,System.Byte[],Waived current late fee 1.
,249897,2610476,1495,523917,14318648,446074,8567633,2756,88,1684342,4/10/2023,-20.0000,False,False,4/10/2023,,,4/10/2023,System.Byte[],Waived current late fee 1.
,452196,2612519,1495,524712,14336060,416943,8578020,5996,88,1686017,5/5/2023,20.0000,False,False,5/5/2023,,,5/5/2023,System.Byte[],Waived current late fee 1.
,452196,2612520,1495,524712,14336060,416943,8578020,5996,88,1686017,5/5/2023,-20.0000,False,False,5/5/2023,,,5/5/2023,System.Byte[],Waived current late fee 1.
,360179,2612789,1495,524763,14337453,331059,8578709,2756,88,1686201,5/8/2023,20.0000,False,False,5/8/2023,,,5/8/2023,System.Byte[],Waived current late fee 1.
,360179,2612790,1495,524763,14337453,331059,8578709,2756,88,1686201,5/8/2023,-20.0000,False,False,5/8/2023,,,5/8/2023,System.Byte[],Waived current late fee 1.
,505801,2613829,1495,525100,14342437,465597,8581140,2756,88,1687070,5/20/2023,20.0000,False,False,5/20/2023,,,5/20/2023,System.Byte[],Waived current late fee 1.
,505801,2613830,1495,525100,14342437,465597,8581140,2756,88,1687070,5/20/2023,-20.0000,False,False,5/20/2023,,,5/20/2023,System.Byte[],Waived current late fee 1.
,477582,2613953,1495,525141,14342913,438439,8581390,93,88,1687123,5/22/2023,20.0000,False,False,5/22/2023,,,5/22/2023,System.Byte[],Waived current late fee 1.
,477582,2613954,1495,525141,14342913,438439,8581390,93,88,1687123,5/22/2023,-20.0000,False,False,5/22/2023,,,5/22/2023,System.Byte[],Waived current late fee 1.
,477844,2615421,1495,525529,14357408,453724,8590149,2756,88,1688155,6/8/2023,20.0000,False,False,6/8/2023,,,6/8/2023,System.Byte[],Waived current late fee 1.
,477844,2615422,1495,525529,14357408,453724,8590149,2756,88,1688155,6/8/2023,-20.0000,False,False,6/8/2023,,,6/8/2023,System.Byte[],Waived current late fee 1.
,760920,2616217,1495,525719,14360897,692682,8591768,5996,88,1688579,6/16/2023,20.0000,False,False,6/16/2023,,,6/16/2023,System.Byte[],Waived current late fee 1.
,760920,2616218,1495,525719,14360897,692682,8591768,5996,88,1688579,6/16/2023,-20.0000,False,False,6/16/2023,,,6/16/2023,System.Byte[],Waived current late fee 1.
,760675,2616955,1495,525882,14363299,692356,8592843,5996,88,1688911,6/23/2023,20.0000,False,False,6/23/2023,,,6/23/2023,System.Byte[],Waived current late fee 1.
,760675,2616956,1495,525882,14363299,692356,8592843,5996,88,1688911,6/23/2023,-20.0000,False,False,6/23/2023,,,6/23/2023,System.Byte[],Waived current late fee 1.
,1319,2617109,1495,525929,14364258,1522,8593305,2756,88,1689066,6/26/2023,25.0000,False,False,6/26/2023,,,6/26/2023,System.Byte[],Waived current late fee 2.
,1319,2617110,1495,525929,14364258,1522,8593305,2756,88,1689066,6/26/2023,-25.0000,False,False,6/26/2023,,,6/26/2023,System.Byte[],Waived current late fee 2.
,154969,2617277,1495,525991,14365138,156627,8593764,1179,88,1689229,6/28/2023,20.0000,False,False,6/28/2023,,,6/28/2023,System.Byte[],Waived current late fee 1.
,154969,2617278,1495,525991,14365138,156627,8593764,1179,88,1689229,6/28/2023,-20.0000,False,False,6/28/2023,,,6/28/2023,System.Byte[],Waived current late fee 1.
,500201,2617787,1495,526099,14371634,459365,8597944,93,88,1689632,7/3/2023,20.0000,False,False,7/3/2023,,,7/3/2023,System.Byte[],Waived current late fee 1.
,500201,2617788,1495,526099,14371634,459365,8597944,93,88,1689632,7/3/2023,-20.0000,False,False,7/3/2023,,,7/3/2023,System.Byte[],Waived current late fee 1.
,760940,2618063,1495,526099,14374434,692715,8599776,93,88,1689805,7/3/2023,20.0000,False,False,7/3/2023,,,7/3/2023,System.Byte[],Waived current late fee 1.
,760940,2618064,1495,526099,14374434,692715,8599776,93,88,1689805,7/3/2023,-20.0000,False,False,7/3/2023,,,7/3/2023,System.Byte[],Waived current late fee 1.
,423535,2620005,1495,526528,14383483,388976,8604083,5996,88,1690901,7/21/2023,20.0000,False,False,7/21/2023,,,7/21/2023,System.Byte[],Waived current late fee 1.
,423535,2620006,1495,526528,14383483,388976,8604083,5996,88,1690901,7/21/2023,-20.0000,False,False,7/21/2023,,,7/21/2023,System.Byte[],Waived current late fee 1.
,424178,2622731,1495,527272,14403122,389641,8615448,2756,88,1692839,8/21/2023,20.0000,False,False,8/21/2023,,,8/21/2023,System.Byte[],Waived current late fee 1.
,424178,2622732,1495,527272,14403122,389641,8615448,2756,88,1692839,8/21/2023,-20.0000,False,False,8/21/2023,,,8/21/2023,System.Byte[],Waived current late fee 1.
,424178,2622733,1495,527272,14403123,389641,8615448,2756,88,1692840,8/21/2023,25.0000,False,False,8/21/2023,,,8/21/2023,System.Byte[],Waived current late fee 2.
,424178,2622734,1495,527272,14403123,389641,8615448,2756,88,1692840,8/21/2023,-25.0000,False,False,8/21/2023,,,8/21/2023,System.Byte[],Waived current late fee 2.
,451810,2622979,1495,527355,14404222,416570,8615988,5996,88,1692995,8/24/2023,20.0000,False,False,8/24/2023,,,8/24/2023,System.Byte[],Waived current late fee 1.
,451810,2622980,1495,527355,14404222,416570,8615988,5996,88,1692995,8/24/2023,-20.0000,False,False,8/24/2023,,,8/24/2023,System.Byte[],Waived current late fee 1.
,759201,2622987,1495,527355,14404254,690642,8616007,5996,88,1693002,8/24/2023,20.0000,False,False,8/24/2023,,,8/24/2023,System.Byte[],Waived current late fee 1.
,759201,2622988,1495,527355,14404254,690642,8616007,5996,88,1693002,8/24/2023,-20.0000,False,False,8/24/2023,,,8/24/2023,System.Byte[],Waived current late fee 1.
,759201,2622989,1495,527355,14404255,693859,8616008,5996,88,1693003,8/24/2023,20.0000,False,False,8/24/2023,,,8/24/2023,System.Byte[],Waived current late fee 1.
,759201,2622990,1495,527355,14404255,693859,8616008,5996,88,1693003,8/24/2023,-20.0000,False,False,8/24/2023,,,8/24/2023,System.Byte[],Waived current late fee 1.
,758964,2622995,1495,527355,14404349,690321,8616051,5996,88,1693008,8/24/2023,20.0000,False,False,8/24/2023,,,8/24/2023,System.Byte[],Waived current late fee 1.
,758964,2622996,1495,527355,14404349,690321,8616051,5996,88,1693008,8/24/2023,-20.0000,False,False,8/24/2023,,,8/24/2023,System.Byte[],Waived current late fee 1.
,355640,2623701,1495,527581,14413828,327123,8622254,2756,88,1693613,9/2/2023,20.0000,False,False,9/2/2023,,,9/2/2023,System.Byte[],Waived current late fee 1.
,355640,2623702,1495,527581,14413828,327123,8622254,2756,88,1693613,9/2/2023,-20.0000,False,False,9/2/2023,,,9/2/2023,System.Byte[],Waived current late fee 1.
,287354,2625219,1495,527859,14421481,269881,8626023,5996,88,1694409,9/14/2023,20.0000,False,False,9/14/2023,,,9/14/2023,System.Byte[],Waived current late fee 1.
,287354,2625220,1495,527859,14421481,269881,8626023,5996,88,1694409,9/14/2023,-20.0000,False,False,9/14/2023,,,9/14/2023,System.Byte[],Waived current late fee 1.
,226303,2626363,1495,528096,14425703,464775,8627828,2756,88,1694956,9/25/2023,20.0000,False,False,9/25/2023,,,9/25/2023,System.Byte[],Waived current late fee 1.
,226303,2626364,1495,528096,14425703,464775,8627828,2756,88,1694956,9/25/2023,-20.0000,False,False,9/25/2023,,,9/25/2023,System.Byte[],Waived current late fee 1.
,78801,2626373,1495,528096,14425719,85142,8627845,6912,88,1694962,9/25/2023,20.0000,False,False,9/25/2023,,,9/25/2023,System.Byte[],Waived current late fee 1.
,78801,2626374,1495,528096,14425719,85142,8627845,6912,88,1694962,9/25/2023,-20.0000,False,False,9/25/2023,,,9/25/2023,System.Byte[],Waived current late fee 1.
,93194,2627177,1495,528311,14435628,227478,8634283,2756,88,1695538,10/3/2023,20.0000,False,False,10/3/2023,,,10/3/2023,System.Byte[],Waived current late fee 1.
,93194,2627178,1495,528311,14435628,227478,8634283,2756,88,1695538,10/3/2023,-20.0000,False,False,10/3/2023,,,10/3/2023,System.Byte[],Waived current late fee 1.
,150919,2627337,1495,528342,14436937,152543,8635084,1179,88,1695686,10/4/2023,20.0000,False,False,10/4/2023,,,10/4/2023,System.Byte[],Waived current late fee 1.
,150919,2627338,1495,528342,14436937,152543,8635084,1179,88,1695686,10/4/2023,-20.0000,False,False,10/4/2023,,,10/4/2023,System.Byte[],Waived current late fee 1.
,493627,2627349,1495,528371,14437305,454788,8635326,5996,88,1695704,10/5/2023,20.0000,False,False,10/5/2023,,,10/5/2023,System.Byte[],Waived current late fee 1.
,493627,2627350,1495,528371,14437305,454788,8635326,5996,88,1695704,10/5/2023,-20.0000,False,False,10/5/2023,,,10/5/2023,System.Byte[],Waived current late fee 1.
,762440,2627755,1495,528447,14439616,694297,8636445,2756,88,1696028,10/9/2023,20.0000,False,False,10/9/2023,,,10/9/2023,System.Byte[],Waived current late fee 1.
,762440,2627756,1495,528447,14439616,694297,8636445,2756,88,1696028,10/9/2023,-20.0000,False,False,10/9/2023,,,10/9/2023,System.Byte[],Waived current late fee 1.
,297210,2628937,1495,528783,14445573,278418,8639200,2756,88,1696801,10/23/2023,20.0000,False,False,10/23/2023,,,10/23/2023,System.Byte[],Waived current late fee 1.
,297210,2628938,1495,528783,14445573,278418,8639200,2756,88,1696801,10/23/2023,-20.0000,False,False,10/23/2023,,,10/23/2023,System.Byte[],Waived current late fee 1.
,297210,2628939,1495,528783,14445574,437931,8639200,2756,88,1696802,10/23/2023,20.0000,False,False,10/23/2023,,,10/23/2023,System.Byte[],Waived current late fee 1.
,297210,2628940,1495,528783,14445574,437931,8639200,2756,88,1696802,10/23/2023,-20.0000,False,False,10/23/2023,,,10/23/2023,System.Byte[],Waived current late fee 1.
,506179,2629261,1495,528923,14447713,466039,8640308,2756,88,1697097,10/28/2023,20.0000,False,False,10/28/2023,,,10/28/2023,System.Byte[],Waived current late fee 1.
,506179,2629262,1495,528923,14447713,466039,8640308,2756,88,1697097,10/28/2023,-20.0000,False,False,10/28/2023,,,10/28/2023,System.Byte[],Waived current late fee 1.
,262752,2630091,1495,529059,14457249,249967,8646684,93,88,1697646,11/3/2023,20.0000,False,False,11/3/2023,,,11/3/2023,System.Byte[],Waived current late fee 1.
,262752,2630092,1495,529059,14457249,249967,8646684,93,88,1697646,11/3/2023,-20.0000,False,False,11/3/2023,,,11/3/2023,System.Byte[],Waived current late fee 1.
,80344,2630691,1495,529198,14460475,86852,8648347,1179,88,1698061,11/8/2023,20.0000,False,False,11/8/2023,,,11/8/2023,System.Byte[],Waived current late fee 1.
,80344,2630692,1495,529198,14460475,86852,8648347,1179,88,1698061,11/8/2023,-20.0000,False,False,11/8/2023,,,11/8/2023,System.Byte[],Waived current late fee 1.
,763376,2631221,1495,529295,14462926,695356,8649404,2756,88,1698370,11/13/2023,25.0000,False,False,11/13/2023,,,11/13/2023,System.Byte[],Waived current late fee 2.
,763376,2631222,1495,529295,14462926,695356,8649404,2756,88,1698370,11/13/2023,-25.0000,False,False,11/13/2023,,,11/13/2023,System.Byte[],Waived current late fee 2.
,288178,2632261,1495,529592,14466797,384650,8651215,93,88,1699017,11/25/2023,20.0000,False,False,11/25/2023,,,11/25/2023,System.Byte[],Waived current late fee 1.
,288178,2632262,1495,529592,14466797,384650,8651215,93,88,1699017,11/25/2023,-20.0000,False,False,11/25/2023,,,11/25/2023,System.Byte[],Waived current late fee 1.
,288178,2632263,1495,529592,14466798,270641,8651215,93,88,1699018,11/25/2023,20.0000,False,False,11/25/2023,,,11/25/2023,System.Byte[],Waived current late fee 1.
,288178,2632264,1495,529592,14466798,270641,8651215,93,88,1699018,11/25/2023,-20.0000,False,False,11/25/2023,,,11/25/2023,System.Byte[],Waived current late fee 1.
,375839,2632283,1495,529592,14466964,339915,8651258,93,88,1699028,11/25/2023,20.0000,False,False,11/25/2023,,,11/25/2023,System.Byte[],Waived current late fee 1.
,375839,2632284,1495,529592,14466964,339915,8651258,93,88,1699028,11/25/2023,-20.0000,False,False,11/25/2023,,,11/25/2023,System.Byte[],Waived current late fee 1.
,248988,2632575,1495,529679,14468604,236152,8652173,1179,88,1699229,11/29/2023,20.0000,False,False,11/29/2023,,,11/29/2023,System.Byte[],Waived current late fee 1.
,248988,2632576,1495,529679,14468604,236152,8652173,1179,88,1699229,11/29/2023,-20.0000,False,False,11/29/2023,,,11/29/2023,System.Byte[],Waived current late fee 1.
,248988,2632577,1495,529679,14468606,237589,8652175,1179,88,1699230,11/29/2023,20.0000,False,False,11/29/2023,,,11/29/2023,System.Byte[],Waived current late fee 1.
,248988,2632578,1495,529679,14468606,237589,8652175,1179,88,1699230,11/29/2023,-20.0000,False,False,11/29/2023,,,11/29/2023,System.Byte[],Waived current late fee 1.
,504324,2633609,1495,529966,14481307,463849,8660179,2756,88,1700071,12/11/2023,20.0000,False,False,12/11/2023,,,12/11/2023,System.Byte[],Waived current late fee 1.
,504324,2633610,1495,529966,14481307,463849,8660179,2756,88,1700071,12/11/2023,-20.0000,False,False,12/11/2023,,,12/11/2023,System.Byte[],Waived current late fee 1.
,243710,2635513,1495,530289,14488049,275986,8663039,5996,88,1701019,12/27/2023,20.0000,False,False,12/27/2023,,,12/27/2023,System.Byte[],Waived current late fee 1.
,243710,2635514,1495,530289,14488049,275986,8663039,5996,88,1701019,12/27/2023,-20.0000,False,False,12/27/2023,,,12/27/2023,System.Byte[],Waived current late fee 1.
,761080,2635515,1495,530289,14488050,692831,8663040,5996,88,1701020,12/27/2023,20.0000,False,False,12/27/2023,,,12/27/2023,System.Byte[],Waived current late fee 1.
,761080,2635516,1495,530289,14488050,692831,8663040,5996,88,1701020,12/27/2023,-20.0000,False,False,12/27/2023,,,12/27/2023,System.Byte[],Waived current late fee 1.
,761080,2635517,1495,530289,14488051,692832,8663040,5996,88,1701021,12/27/2023,20.0000,False,False,12/27/2023,,,12/27/2023,System.Byte[],Waived current late fee 1.
,761080,2635518,1495,530289,14488051,692832,8663040,5996,88,1701021,12/27/2023,-20.0000,False,False,12/27/2023,,,12/27/2023,System.Byte[],Waived current late fee 1.
,433754,2638407,1495,530774,14505321,399257,8672768,2756,88,1702744,1/15/2024,25.0000,False,False,1/15/2024,,,1/15/2024,System.Byte[],Waived current late fee 2.
,433754,2638408,1495,530774,14505321,399257,8672768,2756,88,1702744,1/15/2024,-25.0000,False,False,1/15/2024,,,1/15/2024,System.Byte[],Waived current late fee 2.
,499237,2638501,1495,530810,14505703,458359,8672911,5996,88,1702792,1/16/2024,20.0000,False,False,1/16/2024,,,1/16/2024,System.Byte[],Waived current late fee 1.
,499237,2638502,1495,530810,14505703,458359,8672911,5996,88,1702792,1/16/2024,-20.0000,False,False,1/16/2024,,,1/16/2024,System.Byte[],Waived current late fee 1.
,150919,2639153,1495,531020,14508825,152543,8674242,93,88,1703196,1/24/2024,25.0000,False,False,1/24/2024,,,1/24/2024,System.Byte[],Waived current late fee 2.
,150919,2639154,1495,531020,14508825,152543,8674242,93,88,1703196,1/24/2024,-25.0000,False,False,1/24/2024,,,1/24/2024,System.Byte[],Waived current late fee 2.
,759027,2640017,1495,531092,14510985,690398,8675174,93,88,1703464,1/29/2024,20.0000,False,False,1/29/2024,,,1/29/2024,System.Byte[],Waived current late fee 1.
,759027,2640018,1495,531092,14510985,690398,8675174,93,88,1703464,1/29/2024,-20.0000,False,False,1/29/2024,,,1/29/2024,System.Byte[],Waived current late fee 1.
,761682,2640325,1495,531160,14512111,693482,8675749,1179,88,1703634,1/31/2024,20.0000,False,False,1/31/2024,,,1/31/2024,System.Byte[],Waived current late fee 1.
,761682,2640326,1495,531160,14512111,693482,8675749,1179,88,1703634,1/31/2024,-20.0000,False,False,1/31/2024,,,1/31/2024,System.Byte[],Waived current late fee 1.
,761682,2640327,1495,531160,14512112,695793,8675749,1179,88,1703635,1/31/2024,20.0000,False,False,1/31/2024,,,1/31/2024,System.Byte[],Waived current late fee 1.
,761682,2640328,1495,531160,14512112,695793,8675749,1179,88,1703635,1/31/2024,-20.0000,False,False,1/31/2024,,,1/31/2024,System.Byte[],Waived current late fee 1.
,435627,2642471,1495,531571,14528069,401147,8684693,2756,88,1704856,2/17/2024,20.0000,False,False,2/17/2024,,,2/17/2024,System.Byte[],Waived current late fee 1.
,435627,2642472,1495,531571,14528069,401147,8684693,2756,88,1704856,2/17/2024,-20.0000,False,False,2/17/2024,,,2/17/2024,System.Byte[],Waived current late fee 1.
,451337,2642539,1495,531596,14528534,416077,8684929,2756,88,1704911,2/19/2024,20.0000,False,False,2/19/2024,,,2/19/2024,System.Byte[],Waived current late fee 1.
,451337,2642540,1495,531596,14528534,416077,8684929,2756,88,1704911,2/19/2024,-20.0000,False,False,2/19/2024,,,2/19/2024,System.Byte[],Waived current late fee 1.
,421656,2643659,1495,531900,14539706,387087,8691790,2756,88,1705729,3/2/2024,20.0000,False,False,3/2/2024,,,3/2/2024,System.Byte[],Waived current late fee 1.
,421656,2643660,1495,531900,14539706,387087,8691790,2756,88,1705729,3/2/2024,-20.0000,False,False,3/2/2024,,,3/2/2024,System.Byte[],Waived current late fee 1.
,282952,2648083,1495,532796,14566463,265841,8706383,93,88,1708380,4/9/2024,20.0000,False,False,4/9/2024,,,4/9/2024,System.Byte[],Waived current late fee 1.
,282952,2648084,1495,532796,14566463,265841,8706383,93,88,1708380,4/9/2024,-20.0000,False,False,4/9/2024,,,4/9/2024,System.Byte[],Waived current late fee 1.
,80344,2648341,1495,532824,14567102,86852,8706688,1179,88,1708437,4/10/2024,20.0000,False,False,4/10/2024,,,4/10/2024,System.Byte[],Waived current late fee 1.
,80344,2648342,1495,532824,14567102,86852,8706688,1179,88,1708437,4/10/2024,-20.0000,False,False,4/10/2024,,,4/10/2024,System.Byte[],Waived current late fee 1.
,150919,2648665,1495,532867,14568245,152543,8707112,2756,88,1708639,4/12/2024,20.0000,False,False,4/12/2024,,,4/12/2024,System.Byte[],Waived current late fee 1.
,150919,2648666,1495,532867,14568245,152543,8707112,2756,88,1708639,4/12/2024,-20.0000,False,False,4/12/2024,,,4/12/2024,System.Byte[],Waived current late fee 1.
,150919,2648667,1495,532867,14568246,152543,8707112,2756,88,1708640,4/12/2024,25.0000,False,False,4/12/2024,,,4/12/2024,System.Byte[],Waived current late fee 2.
,150919,2648668,1495,532867,14568246,152543,8707112,2756,88,1708640,4/12/2024,-25.0000,False,False,4/12/2024,,,4/12/2024,System.Byte[],Waived current late fee 2.
,765677,2650741,1495,533286,14575699,698415,8710481,5996,88,1709658,4/30/2024,20.0000,False,False,4/30/2024,,,4/30/2024,System.Byte[],Waived current late fee 1.
,765677,2650742,1495,533286,14575699,698415,8710481,5996,88,1709658,4/30/2024,-20.0000,False,False,4/30/2024,,,4/30/2024,System.Byte[],Waived current late fee 1.
,43761,2652755,1495,533461,14587423,49648,8717763,5996,88,1710353,5/7/2024,20.0000,False,False,5/7/2024,,,5/7/2024,System.Byte[],Waived current late fee 1.
,43761,2652756,1495,533461,14587423,49648,8717763,5996,88,1710353,5/7/2024,-20.0000,False,False,5/7/2024,,,5/7/2024,System.Byte[],Waived current late fee 1.
,493627,2652793,1495,533461,14587539,454788,8717815,5996,88,1710378,5/7/2024,20.0000,False,False,5/7/2024,,,5/7/2024,System.Byte[],Waived current late fee 1.
,493627,2652794,1495,533461,14587539,454788,8717815,5996,88,1710378,5/7/2024,-20.0000,False,False,5/7/2024,,,5/7/2024,System.Byte[],Waived current late fee 1.
,504428,2654579,1495,533921,14596102,463983,8721631,5996,88,1711419,5/28/2024,25.0000,False,False,5/28/2024,,,5/28/2024,System.Byte[],Waived current late fee 2.
,504428,2654580,1495,533921,14596102,463983,8721631,5996,88,1711419,5/28/2024,-25.0000,False,False,5/28/2024,,,5/28/2024,System.Byte[],Waived current late fee 2.
,80049,2656111,1495,534229,14610078,86393,8730205,2756,88,1712374,6/8/2024,20.0000,False,False,6/8/2024,,,6/8/2024,System.Byte[],Waived current late fee 1.
,80049,2656112,1495,534229,14610078,86393,8730205,2756,88,1712374,6/8/2024,-20.0000,False,False,6/8/2024,,,6/8/2024,System.Byte[],Waived current late fee 1.
,80049,2656113,1495,534229,14610079,330254,8730205,2756,88,1712375,6/8/2024,20.0000,False,False,6/8/2024,,,6/8/2024,System.Byte[],Waived current late fee 1.
,80049,2656114,1495,534229,14610079,330254,8730205,2756,88,1712375,6/8/2024,-20.0000,False,False,6/8/2024,,,6/8/2024,System.Byte[],Waived current late fee 1.
,761080,2657605,1495,534574,14616754,692831,8733162,93,88,1713221,6/24/2024,20.0000,False,False,6/24/2024,,,6/24/2024,System.Byte[],Waived current late fee 1.
,761080,2657606,1495,534574,14616754,692831,8733162,93,88,1713221,6/24/2024,-20.0000,False,False,6/24/2024,,,6/24/2024,System.Byte[],Waived current late fee 1.
,761080,2657607,1495,534574,14616755,692832,8733162,93,88,1713222,6/24/2024,20.0000,False,False,6/24/2024,,,6/24/2024,System.Byte[],Waived current late fee 1.
,761080,2657608,1495,534574,14616755,692832,8733162,93,88,1713222,6/24/2024,-20.0000,False,False,6/24/2024,,,6/24/2024,System.Byte[],Waived current late fee 1.
,452887,2657621,1495,534574,14616828,696355,8733212,93,88,1713227,6/24/2024,20.0000,False,False,6/24/2024,,,6/24/2024,System.Byte[],Waived current late fee 1.
,452887,2657622,1495,534574,14616828,696355,8733212,93,88,1713227,6/24/2024,-20.0000,False,False,6/24/2024,,,6/24/2024,System.Byte[],Waived current late fee 1.
,452887,2657623,1495,534574,14616829,439554,8733212,93,88,1713228,6/24/2024,20.0000,False,False,6/24/2024,,,6/24/2024,System.Byte[],Waived current late fee 1.
,452887,2657624,1495,534574,14616829,439554,8733212,93,88,1713228,6/24/2024,-20.0000,False,False,6/24/2024,,,6/24/2024,System.Byte[],Waived current late fee 1.
,1304,2657733,1495,535609,14617163,1507,8733367,5996,88,1713271,6/25/2024,20.0000,False,False,6/25/2024,,,6/25/2024,System.Byte[],Waived current late fee 1.
,1304,2657734,1495,535609,14617163,1507,8733367,5996,88,1713271,6/25/2024,-20.0000,False,False,6/25/2024,,,6/25/2024,System.Byte[],Waived current late fee 1.
,499160,2658749,1495,535799,14628175,691423,8740271,2756,88,1713915,7/3/2024,20.0000,False,False,7/3/2024,,,7/3/2024,System.Byte[],Waived current late fee 1.
,499160,2658750,1495,535799,14628175,691423,8740271,2756,88,1713915,7/3/2024,-20.0000,False,False,7/3/2024,,,7/3/2024,System.Byte[],Waived current late fee 1.
,80049,2660711,1495,537267,14640778,330254,8746396,1179,88,1715095,7/24/2024,20.0000,False,False,7/24/2024,,,7/24/2024,System.Byte[],Waived current late fee 1.
,80049,2660712,1495,537267,14640778,330254,8746396,1179,88,1715095,7/24/2024,-20.0000,False,False,7/24/2024,,,7/24/2024,System.Byte[],Waived current late fee 1.
,80049,2660713,1495,537267,14640779,330254,8746396,1179,88,1715096,7/24/2024,25.0000,False,False,7/24/2024,,,7/24/2024,System.Byte[],Waived current late fee 2.
,80049,2660714,1495,537267,14640779,330254,8746396,1179,88,1715096,7/24/2024,-25.0000,False,False,7/24/2024,,,7/24/2024,System.Byte[],Waived current late fee 2.
,150919,2660765,1495,537288,14640983,152543,8746514,93,88,1715122,7/24/2024,25.0000,False,False,7/24/2024,,,7/24/2024,System.Byte[],Waived current late fee 2.
,150919,2660766,1495,537288,14640983,152543,8746514,93,88,1715122,7/24/2024,-25.0000,False,False,7/24/2024,,,7/24/2024,System.Byte[],Waived current late fee 2.
,477844,2661149,1495,537406,14643383,453724,8747695,5996,88,1715377,7/30/2024,20.0000,False,False,7/30/2024,,,7/30/2024,System.Byte[],Waived current late fee 1.
,477844,2661150,1495,537406,14643383,453724,8747695,5996,88,1715377,7/30/2024,-20.0000,False,False,7/30/2024,,,7/30/2024,System.Byte[],Waived current late fee 1.
,150919,2662761,1495,537677,14657397,152543,8756154,93,88,1716347,8/9/2024,20.0000,False,False,8/9/2024,,,8/9/2024,System.Byte[],Waived current late fee 1.
,150919,2662762,1495,537677,14657397,152543,8756154,93,88,1716347,8/9/2024,-20.0000,False,False,8/9/2024,,,8/9/2024,System.Byte[],Waived current late fee 1.
,779211,2663303,1495,537861,14661300,462394,8757788,93,88,1716774,8/19/2024,20.0000,False,False,8/19/2024,,,8/19/2024,System.Byte[],Waived current late fee 1.
,779211,2663304,1495,537861,14661300,462394,8757788,93,88,1716774,8/19/2024,-20.0000,False,False,8/19/2024,,,8/19/2024,System.Byte[],Waived current late fee 1.
,502964,2663305,1495,537861,14661301,697124,8757788,93,88,1716775,8/19/2024,20.0000,False,False,8/19/2024,,,8/19/2024,System.Byte[],Waived current late fee 1.
,502964,2663306,1495,537861,14661301,697124,8757788,93,88,1716775,8/19/2024,-20.0000,False,False,8/19/2024,,,8/19/2024,System.Byte[],Waived current late fee 1.
,767132,2663531,1495,537945,14662508,700040,8758353,93,88,1716924,8/22/2024,20.0000,False,False,8/22/2024,,,8/22/2024,System.Byte[],Waived current late fee 1.
,767132,2663532,1495,537945,14662508,700040,8758353,93,88,1716924,8/22/2024,-20.0000,False,False,8/22/2024,,,8/22/2024,System.Byte[],Waived current late fee 1.
,485570,2663703,1495,537993,14663373,446573,8758711,93,88,1717012,8/24/2024,20.0000,False,False,8/24/2024,,,8/24/2024,System.Byte[],Waived current late fee 1.
,485570,2663704,1495,537993,14663373,446573,8758711,93,88,1717012,8/24/2024,-20.0000,False,False,8/24/2024,,,8/24/2024,System.Byte[],Waived current late fee 1.
,287354,2666667,1495,538536,14685383,269881,8770633,2756,88,1718992,9/14/2024,20.0000,False,False,9/14/2024,,,9/14/2024,System.Byte[],Waived current late fee 1.
,287354,2666668,1495,538536,14685383,269881,8770633,2756,88,1718992,9/14/2024,-20.0000,False,False,9/14/2024,,,9/14/2024,System.Byte[],Waived current late fee 1.
,445586,2666909,1495,538571,14686345,410464,8771057,5996,88,1719116,9/17/2024,20.0000,False,False,9/17/2024,,,9/17/2024,System.Byte[],Waived current late fee 1.
,445586,2666910,1495,538571,14686345,410464,8771057,5996,88,1719116,9/17/2024,-20.0000,False,False,9/17/2024,,,9/17/2024,System.Byte[],Waived current late fee 1.
,768449,2667015,1495,538620,14687073,700464,8771411,2756,88,1719184,9/19/2024,20.0000,False,False,9/19/2024,,,9/19/2024,System.Byte[],Waived current late fee 1.
,768449,2667016,1495,538620,14687073,700464,8771411,2756,88,1719184,9/19/2024,-20.0000,False,False,9/19/2024,,,9/19/2024,System.Byte[],Waived current late fee 1.
,150919,2667375,1495,538726,14688935,152543,8772227,93,88,1719438,9/23/2024,20.0000,False,False,9/23/2024,,,9/23/2024,System.Byte[],Waived current late fee 1.
,150919,2667376,1495,538726,14688935,152543,8772227,93,88,1719438,9/23/2024,-20.0000,False,False,9/23/2024,,,9/23/2024,System.Byte[],Waived current late fee 1.
,150919,2667377,1495,538726,14688936,152543,8772227,93,88,1719439,9/23/2024,25.0000,False,False,9/23/2024,,,9/23/2024,System.Byte[],Waived current late fee 2.
,150919,2667378,1495,538726,14688936,152543,8772227,93,88,1719439,9/23/2024,-25.0000,False,False,9/23/2024,,,9/23/2024,System.Byte[],Waived current late fee 2.
,452887,2668605,1495,538938,14701636,439554,8779723,2756,88,1720213,10/3/2024,25.0000,False,False,10/3/2024,,,10/3/2024,System.Byte[],Waived current late fee 2.
,452887,2668606,1495,538938,14701636,439554,8779723,2756,88,1720213,10/3/2024,-25.0000,False,False,10/3/2024,,,10/3/2024,System.Byte[],Waived current late fee 2.
,766833,2670047,1495,539050,14706090,699613,8781577,5996,88,1720669,10/8/2024,20.0000,False,False,10/8/2024,,,10/8/2024,System.Byte[],Waived current late fee 1.
,766833,2670048,1495,539050,14706090,699613,8781577,5996,88,1720669,10/8/2024,-20.0000,False,False,10/8/2024,,,10/8/2024,System.Byte[],Waived current late fee 1.
,499160,2670751,1495,539174,14709433,691423,8782982,2756,88,1721071,10/14/2024,25.0000,False,False,10/14/2024,,,10/14/2024,System.Byte[],Waived current late fee 2.
,499160,2670752,1495,539174,14709433,691423,8782982,2756,88,1721071,10/14/2024,-25.0000,False,False,10/14/2024,,,10/14/2024,System.Byte[],Waived current late fee 2.
,768449,2672759,1495,539254,14716503,700464,8788078,2756,88,1721753,10/17/2024,20.0000,False,False,10/17/2024,,,10/17/2024,System.Byte[],Waived current late fee 1.
,768449,2672760,1495,539254,14716503,700464,8788078,2756,88,1721753,10/17/2024,-20.0000,False,False,10/17/2024,,,10/17/2024,System.Byte[],Waived current late fee 1.
,150919,2673041,1495,539299,14717389,152543,8788429,93,88,1721896,10/18/2024,25.0000,False,False,10/18/2024,,,10/18/2024,System.Byte[],Waived current late fee 2.
,150919,2673042,1495,539299,14717389,152543,8788429,93,88,1721896,10/18/2024,-25.0000,False,False,10/18/2024,,,10/18/2024,System.Byte[],Waived current late fee 2.
,765637,2674105,1495,539424,14720315,698201,8789574,93,88,1722272,10/25/2024,20.0000,False,False,10/25/2024,,,10/25/2024,System.Byte[],Waived current late fee 1.
,765637,2674106,1495,539424,14720315,698201,8789574,93,88,1722272,10/25/2024,-20.0000,False,False,10/25/2024,,,10/25/2024,System.Byte[],Waived current late fee 1.
,248988,2674241,1495,539474,14721366,237589,8790137,93,88,1722390,10/28/2024,20.0000,False,False,10/28/2024,,,10/28/2024,System.Byte[],Waived current late fee 1.
,248988,2674242,1495,539474,14721366,237589,8790137,93,88,1722390,10/28/2024,-20.0000,False,False,10/28/2024,,,10/28/2024,System.Byte[],Waived current late fee 1.
,248988,2674243,1495,539474,14721367,236152,8790137,93,88,1722391,10/28/2024,20.0000,False,False,10/28/2024,,,10/28/2024,System.Byte[],Waived current late fee 1.
,248988,2674244,1495,539474,14721367,236152,8790137,93,88,1722391,10/28/2024,-20.0000,False,False,10/28/2024,,,10/28/2024,System.Byte[],Waived current late fee 1.
,248988,2674245,1495,539474,14721368,697600,8790137,93,88,1722392,10/28/2024,20.0000,False,False,10/28/2024,,,10/28/2024,System.Byte[],Waived current late fee 1.
,248988,2674246,1495,539474,14721368,697600,8790137,93,88,1722392,10/28/2024,-20.0000,False,False,10/28/2024,,,10/28/2024,System.Byte[],Waived current late fee 1.
,768816,2679488,1495,541929,14788198,700924,8837975,2756,88,1728620,11/8/2024,20.0000,False,False,11/8/2024,,,11/8/2024,System.Byte[],Waived current late fee 1.
,768816,2679489,1495,541929,14788198,700924,8837975,2756,88,1728620,11/8/2024,-20.0000,False,False,11/8/2024,,,11/8/2024,System.Byte[],Waived current late fee 1.
,451432,2680230,1495,542053,14791146,702527,8839206,1179,88,1729028,11/13/2024,20.0000,False,False,11/13/2024,,,11/13/2024,System.Byte[],Waived current late fee 1.
,451432,2680231,1495,542053,14791146,702527,8839206,1179,88,1729028,11/13/2024,-20.0000,False,False,11/13/2024,,,11/13/2024,System.Byte[],Waived current late fee 1.
,770322,2680846,1495,542102,14792725,702632,8839757,2756,88,1729261,11/16/2024,20.0000,False,False,11/16/2024,,,11/16/2024,System.Byte[],Waived current late fee 1.
,770322,2680847,1495,542102,14792725,702632,8839757,2756,88,1729261,11/16/2024,-20.0000,False,False,11/16/2024,,,11/16/2024,System.Byte[],Waived current late fee 1.
,765128,2681250,1495,542207,14794662,697530,8840597,2756,88,1729507,11/21/2024,20.0000,False,False,11/21/2024,,,11/21/2024,System.Byte[],Waived current late fee 1.
,765128,2681251,1495,542207,14794662,697530,8840597,2756,88,1729507,11/21/2024,-20.0000,False,False,11/21/2024,,,11/21/2024,System.Byte[],Waived current late fee 1.
,154969,2681748,1495,542332,14797028,156627,8841633,2756,88,1729808,11/27/2024,20.0000,False,False,11/27/2024,,,11/27/2024,System.Byte[],Waived current late fee 1.
,154969,2681749,1495,542332,14797028,156627,8841633,2756,88,1729808,11/27/2024,-20.0000,False,False,11/27/2024,,,11/27/2024,System.Byte[],Waived current late fee 1.
,360179,2682218,1495,542445,14806457,331059,8847546,5996,88,1730347,12/3/2024,20.0000,False,False,12/3/2024,,,12/3/2024,System.Byte[],Waived current late fee 1.
,360179,2682219,1495,542445,14806457,331059,8847546,5996,88,1730347,12/3/2024,-20.0000,False,False,12/3/2024,,,12/3/2024,System.Byte[],Waived current late fee 1.
,499160,2682388,1495,542473,14808257,691423,8848541,1179,88,1730504,12/4/2024,20.0000,False,False,12/4/2024,,,12/4/2024,System.Byte[],Waived current late fee 1.
,499160,2682389,1495,542473,14808257,691423,8848541,1179,88,1730504,12/4/2024,-20.0000,False,False,12/4/2024,,,12/4/2024,System.Byte[],Waived current late fee 1.
,771000,2685244,1495,542972,14820343,703437,8853622,93,88,1732138,12/28/2024,20.0000,False,False,12/28/2024,,,12/28/2024,System.Byte[],Waived current late fee 1.
,771000,2685245,1495,542972,14820343,703437,8853622,93,88,1732138,12/28/2024,-20.0000,False,False,12/28/2024,,,12/28/2024,System.Byte[],Waived current late fee 1.
,493627,2686810,1495,543120,14832019,454788,8860310,2756,88,1733308,1/4/2025,20.0000,False,False,1/4/2025,,,1/4/2025,System.Byte[],Waived current late fee 1.
,493627,2686811,1495,543120,14832019,454788,8860310,2756,88,1733308,1/4/2025,-20.0000,False,False,1/4/2025,,,1/4/2025,System.Byte[],Waived current late fee 1.
,486385,2687370,1495,543180,14834227,447284,8861288,5996,88,1733602,1/7/2025,20.0000,False,False,1/7/2025,,,1/7/2025,System.Byte[],Waived current late fee 1.
,486385,2687371,1495,543180,14834227,447284,8861288,5996,88,1733602,1/7/2025,-20.0000,False,False,1/7/2025,,,1/7/2025,System.Byte[],Waived current late fee 1.
,282952,2687680,1495,543225,14835507,265841,8861805,2756,88,1733746,1/9/2025,20.0000,False,False,1/9/2025,,,1/9/2025,System.Byte[],Waived current late fee 1.
,282952,2687681,1495,543225,14835507,265841,8861805,2756,88,1733746,1/9/2025,-20.0000,False,False,1/9/2025,,,1/9/2025,System.Byte[],Waived current late fee 1.
,769276,2688980,1495,543398,14840004,701538,8863515,2756,88,1734339,1/17/2025,20.0000,False,False,1/17/2025,,,1/17/2025,System.Byte[],Waived current late fee 1.
,769276,2688981,1495,543398,14840004,701538,8863515,2756,88,1734339,1/17/2025,-20.0000,False,False,1/17/2025,,,1/17/2025,System.Byte[],Waived current late fee 1.
,770244,2689020,1495,543398,14840218,702550,8863613,93,88,1734374,1/17/2025,20.0000,False,False,1/17/2025,,,1/17/2025,System.Byte[],Waived current late fee 1.
,770244,2689021,1495,543398,14840218,702550,8863613,93,88,1734374,1/17/2025,-20.0000,False,False,1/17/2025,,,1/17/2025,System.Byte[],Waived current late fee 1.
,770255,2690718,1495,543750,14853291,702561,8871212,2756,88,1736178,2/3/2025,20.0000,False,False,2/3/2025,,,2/3/2025,System.Byte[],Waived current late fee 1.
,770255,2690719,1495,543750,14853291,702561,8871212,2756,88,1736178,2/3/2025,-20.0000,False,False,2/3/2025,,,2/3/2025,System.Byte[],Waived current late fee 1.
,80344,2691500,1495,543879,14860202,86852,8874786,2756,88,1736700,2/8/2025,20.0000,False,False,2/8/2025,,,2/8/2025,System.Byte[],Waived current late fee 1.
,80344,2691501,1495,543879,14860202,86852,8874786,2756,88,1736700,2/8/2025,-20.0000,False,False,2/8/2025,,,2/8/2025,System.Byte[],Waived current late fee 1.
,452196,2692084,1495,543964,14862443,416943,8875703,1179,88,1737092,2/12/2025,25.0000,False,False,2/12/2025,,,2/12/2025,System.Byte[],Waived current late fee 2.
,452196,2692085,1495,543964,14862443,416943,8875703,1179,88,1737092,2/12/2025,-25.0000,False,False,2/12/2025,,,2/12/2025,System.Byte[],Waived current late fee 2.
,452887,2692806,1495,544116,14865703,696355,8876979,1179,88,1737461,2/19/2025,20.0000,False,False,2/19/2025,,,2/19/2025,System.Byte[],Waived current late fee 1.
,452887,2692807,1495,544116,14865703,696355,8876979,1179,88,1737461,2/19/2025,-20.0000,False,False,2/19/2025,,,2/19/2025,System.Byte[],Waived current late fee 1.
,765093,2692968,1495,544137,14866266,697498,8877175,2756,88,1737547,2/20/2025,20.0000,False,False,2/20/2025,,,2/20/2025,System.Byte[],Waived current late fee 1.
,765093,2692969,1495,544137,14866266,697498,8877175,2756,88,1737547,2/20/2025,-20.0000,False,False,2/20/2025,,,2/20/2025,System.Byte[],Waived current late fee 1.
,771000,2693358,1495,544260,14868956,703437,8878232,1179,88,1737858,2/26/2025,20.0000,False,False,2/26/2025,,,2/26/2025,System.Byte[],Waived current late fee 1.
,771000,2693359,1495,544260,14868956,703437,8878232,1179,88,1737858,2/26/2025,-20.0000,False,False,2/26/2025,,,2/26/2025,System.Byte[],Waived current late fee 1.
,282952,2695242,1495,544512,14884067,265841,8886863,93,88,1738986,3/10/2025,20.0000,False,False,3/10/2025,,,3/10/2025,System.Byte[],Waived current late fee 1.
,282952,2695243,1495,544512,14884067,265841,8886863,93,88,1738986,3/10/2025,-20.0000,False,False,3/10/2025,,,3/10/2025,System.Byte[],Waived current late fee 1.
,770244,2696586,1495,544768,14889683,702550,8889136,5996,88,1739709,3/21/2025,25.0000,False,False,3/21/2025,,,3/21/2025,System.Byte[],Waived current late fee 2.
,770244,2696587,1495,544768,14889683,702550,8889136,5996,88,1739709,3/21/2025,-25.0000,False,False,3/21/2025,,,3/21/2025,System.Byte[],Waived current late fee 2.
,1442,2696664,1495,544768,14889867,1648,8889221,5996,88,1739751,3/21/2025,20.0000,False,False,3/21/2025,,,3/21/2025,System.Byte[],Waived current late fee 1.
,1442,2696665,1495,544768,14889867,1648,8889221,5996,88,1739751,3/21/2025,-20.0000,False,False,3/21/2025,,,3/21/2025,System.Byte[],Waived current late fee 1.
,1442,2696666,1495,544768,14889868,1648,8889221,5996,88,1739752,3/21/2025,25.0000,False,False,3/21/2025,,,3/21/2025,System.Byte[],Waived current late fee 2.
,1442,2696667,1495,544768,14889868,1648,8889221,5996,88,1739752,3/21/2025,-25.0000,False,False,3/21/2025,,,3/21/2025,System.Byte[],Waived current late fee 2.
,773856,2698290,1495,545047,14904193,706976,8897276,2756,88,1740811,4/3/2025,20.0000,False,False,4/3/2025,,,4/3/2025,System.Byte[],Waived current late fee 1.
,773856,2698291,1495,545047,14904193,706976,8897276,2756,88,1740811,4/3/2025,-20.0000,False,False,4/3/2025,,,4/3/2025,System.Byte[],Waived current late fee 1.
,499160,2702252,1495,545737,14927812,691423,8909066,2756,88,1743157,5/3/2025,20.0000,False,False,5/3/2025,,,5/3/2025,System.Byte[],Waived current late fee 1.
,499160,2702253,1495,545737,14927812,691423,8909066,2756,88,1743157,5/3/2025,-20.0000,False,False,5/3/2025,,,5/3/2025,System.Byte[],Waived current late fee 1.
,499160,2702254,1495,545737,14927813,706824,8909066,2756,88,1743158,5/3/2025,20.0000,False,False,5/3/2025,,,5/3/2025,System.Byte[],Waived current late fee 1.
,499160,2702255,1495,545737,14927813,706824,8909066,2756,88,1743158,5/3/2025,-20.0000,False,False,5/3/2025,,,5/3/2025,System.Byte[],Waived current late fee 1.
,773725,2702256,1495,545737,14927822,706790,8909071,2756,88,1743159,5/3/2025,25.0000,False,False,5/3/2025,,,5/3/2025,System.Byte[],Waived current late fee 2.
,773725,2702257,1495,545737,14927822,706790,8909071,2756,88,1743159,5/3/2025,-25.0000,False,False,5/3/2025,,,5/3/2025,System.Byte[],Waived current late fee 2.
,774895,2704008,1495,546072,14937204,708300,8913089,2756,88,1744301,5/17/2025,20.0000,False,False,5/17/2025,,,5/17/2025,System.Byte[],Waived current late fee 1.
,774895,2704009,1495,546072,14937204,708300,8913089,2756,88,1744301,5/17/2025,-20.0000,False,False,5/17/2025,,,5/17/2025,System.Byte[],Waived current late fee 1.
,774601,2704520,1495,546268,14941121,707939,8914554,93,88,1744718,5/26/2025,20.0000,False,False,5/26/2025,,,5/26/2025,System.Byte[],Waived current late fee 1.
,774601,2704521,1495,546268,14941121,707939,8914554,93,88,1744718,5/26/2025,-20.0000,False,False,5/26/2025,,,5/26/2025,System.Byte[],Waived current late fee 1.
,773503,2704776,1495,546321,14941858,706451,8914819,1179,88,1744847,5/27/2025,20.0000,False,False,5/27/2025,,,5/27/2025,System.Byte[],Waived current late fee 1.
,773503,2704777,1495,546321,14941858,706451,8914819,1179,88,1744847,5/27/2025,-20.0000,False,False,5/27/2025,,,5/27/2025,System.Byte[],Waived current late fee 1.
,80049,2705854,1495,546517,14954523,86393,8922122,1179,88,1745636,6/4/2025,20.0000,False,False,6/4/2025,,,6/4/2025,System.Byte[],Waived current late fee 1.
,80049,2705855,1495,546517,14954523,86393,8922122,1179,88,1745636,6/4/2025,-20.0000,False,False,6/4/2025,,,6/4/2025,System.Byte[],Waived current late fee 1.
,80049,2705856,1495,546517,14954524,330254,8922123,1179,88,1745637,6/4/2025,20.0000,False,False,6/4/2025,,,6/4/2025,System.Byte[],Waived current late fee 1.
,80049,2705857,1495,546517,14954524,330254,8922123,1179,88,1745637,6/4/2025,-20.0000,False,False,6/4/2025,,,6/4/2025,System.Byte[],Waived current late fee 1.
,282952,2706316,1495,546597,14957813,265841,8923657,2756,88,1746000,6/9/2025,20.0000,False,False,6/9/2025,,,6/9/2025,System.Byte[],Waived current late fee 1.
,282952,2706317,1495,546597,14957813,265841,8923657,2756,88,1746000,6/9/2025,-20.0000,False,False,6/9/2025,,,6/9/2025,System.Byte[],Waived current late fee 1.
,760922,2707016,1495,546762,14961823,692677,8925257,2756,88,1746506,6/16/2025,20.0000,False,False,6/16/2025,,,6/16/2025,System.Byte[],Waived current late fee 1.
,760922,2707017,1495,546762,14961823,692677,8925257,2756,88,1746506,6/16/2025,-20.0000,False,False,6/16/2025,,,6/16/2025,System.Byte[],Waived current late fee 1.
,760922,2707018,1495,546762,14961824,692678,8925257,2756,88,1746507,6/16/2025,20.0000,False,False,6/16/2025,,,6/16/2025,System.Byte[],Waived current late fee 1.
,760922,2707019,1495,546762,14961824,692678,8925257,2756,88,1746507,6/16/2025,-20.0000,False,False,6/16/2025,,,6/16/2025,System.Byte[],Waived current late fee 1.
,775600,2707870,1495,546990,14965911,709438,8926828,1179,88,1747012,6/25/2025,20.0000,False,False,6/25/2025,,,6/25/2025,System.Byte[],Waived current late fee 1.
,775600,2707871,1495,546990,14965911,709438,8926828,1179,88,1747012,6/25/2025,-20.0000,False,False,6/25/2025,,,6/25/2025,System.Byte[],Waived current late fee 1.
,439881,2709386,1495,547188,14978603,404967,8934073,2756,88,1747981,7/3/2025,20.0000,False,False,7/3/2025,,,7/3/2025,System.Byte[],Waived current late fee 1.
,439881,2709387,1495,547188,14978603,404967,8934073,2756,88,1747981,7/3/2025,-20.0000,False,False,7/3/2025,,,7/3/2025,System.Byte[],Waived current late fee 1.
,439881,2709388,1495,547188,14978605,404965,8934075,2756,88,1747982,7/3/2025,20.0000,False,False,7/3/2025,,,7/3/2025,System.Byte[],Waived current late fee 1.
,439881,2709389,1495,547188,14978605,404965,8934075,2756,88,1747982,7/3/2025,-20.0000,False,False,7/3/2025,,,7/3/2025,System.Byte[],Waived current late fee 1.
,80344,2711410,1495,547395,14985645,86852,8936928,93,88,1748782,7/12/2025,20.0000,False,False,7/12/2025,,,7/12/2025,System.Byte[],Waived current late fee 1.
,80344,2711411,1495,547395,14985645,86852,8936928,93,88,1748782,7/12/2025,-20.0000,False,False,7/12/2025,,,7/12/2025,System.Byte[],Waived current late fee 1.
,503690,2711694,1495,547424,14986619,463194,8937287,93,88,1748920,7/14/2025,20.0000,False,False,7/14/2025,,,7/14/2025,System.Byte[],Waived current late fee 1.
,503690,2711695,1495,547424,14986619,463194,8937287,93,88,1748920,7/14/2025,-20.0000,False,False,7/14/2025,,,7/14/2025,System.Byte[],Waived current late fee 1.
,775845,2712838,1495,547671,14991434,709426,8939117,93,88,1749429,7/24/2025,25.0000,False,False,7/24/2025,,,7/24/2025,System.Byte[],Waived current late fee 2.
,775845,2712839,1495,547671,14991434,709426,8939117,93,88,1749429,7/24/2025,-25.0000,False,False,7/24/2025,,,7/24/2025,System.Byte[],Waived current late fee 2.
,1442,2712840,1495,547671,14991459,1648,8939123,93,88,1749430,7/24/2025,25.0000,False,False,7/24/2025,,,7/24/2025,System.Byte[],Waived current late fee 2.
,1442,2712841,1495,547671,14991459,1648,8939123,93,88,1749430,7/24/2025,-25.0000,False,False,7/24/2025,,,7/24/2025,System.Byte[],Waived current late fee 2.
,1304,2713256,1495,547785,14993586,1507,8940163,5996,88,1749746,7/29/2025,20.0000,False,False,7/29/2025,,,7/29/2025,System.Byte[],Waived current late fee 1.
,1304,2713257,1495,547785,14993586,1507,8940163,5996,88,1749746,7/29/2025,-20.0000,False,False,7/29/2025,,,7/29/2025,System.Byte[],Waived current late fee 1.
,1304,2713258,1495,547785,14993587,1507,8940164,5996,88,1749747,7/29/2025,25.0000,False,False,7/29/2025,,,7/29/2025,System.Byte[],Waived current late fee 2.
,1304,2713259,1495,547785,14993587,1507,8940164,5996,88,1749747,7/29/2025,-25.0000,False,False,7/29/2025,,,7/29/2025,System.Byte[],Waived current late fee 2.
,287354,2716362,1495,548329,15013067,269881,8950869,93,88,1751676,8/21/2025,20.0000,False,False,8/21/2025,,,8/21/2025,System.Byte[],Waived current late fee 1.
,287354,2716363,1495,548329,15013067,269881,8950869,93,88,1751676,8/21/2025,-20.0000,False,False,8/21/2025,,,8/21/2025,System.Byte[],Waived current late fee 1.
,492646,2716380,1495,548329,15013170,454058,8950911,93,88,1751687,8/21/2025,20.0000,False,False,8/21/2025,,,8/21/2025,System.Byte[],Waived current late fee 1.
,492646,2716381,1495,548329,15013170,454058,8950911,93,88,1751687,8/21/2025,-20.0000,False,False,8/21/2025,,,8/21/2025,System.Byte[],Waived current late fee 1.
,502964,2716438,1495,548353,15013545,697124,8951074,93,88,1751767,8/22/2025,20.0000,False,False,8/22/2025,,,8/22/2025,System.Byte[],Waived current late fee 1.
,502964,2716439,1495,548353,15013545,697124,8951074,93,88,1751767,8/22/2025,-20.0000,False,False,8/22/2025,,,8/22/2025,System.Byte[],Waived current late fee 1.
,504290,2718838,1495,548856,15032366,463813,8961673,2756,88,1753615,9/12/2025,20.0000,False,False,9/12/2025,,,9/12/2025,System.Byte[],Waived current late fee 1.
,504290,2718839,1495,548856,15032366,463813,8961673,2756,88,1753615,9/12/2025,-20.0000,False,False,9/12/2025,,,9/12/2025,System.Byte[],Waived current late fee 1.
,774662,2721588,1495,549268,15040673,708011,8964980,5996,88,1754665,9/30/2025,20.0000,False,False,9/30/2025,,,9/30/2025,System.Byte[],Waived current late fee 1.
,774662,2721589,1495,549268,15040673,708011,8964980,5996,88,1754665,9/30/2025,-20.0000,False,False,9/30/2025,,,9/30/2025,System.Byte[],Waived current late fee 1.
,371420,2723962,1495,549566,15056996,709538,8973915,93,88,1755952,10/13/2025,20.0000,False,False,10/13/2025,,,10/13/2025,System.Byte[],Waived current late fee 1.
,371420,2723963,1495,549566,15056996,709538,8973915,93,88,1755952,10/13/2025,-20.0000,False,False,10/13/2025,,,10/13/2025,System.Byte[],Waived current late fee 1.
,776720,2725952,1495,549924,15063706,710551,8976685,5996,88,1757059,10/28/2025,20.0000,False,False,10/28/2025,,,10/28/2025,System.Byte[],Waived current late fee 1.
,776720,2725953,1495,549924,15063706,710551,8976685,5996,88,1757059,10/28/2025,-20.0000,False,False,10/28/2025,,,10/28/2025,System.Byte[],Waived current late fee 1.
,150919,2726926,1495,550090,15074241,152543,8982988,93,88,1757672,11/3/2025,20.0000,False,False,11/3/2025,,,11/3/2025,System.Byte[],Waived current late fee 1.
,150919,2726927,1495,550090,15074241,152543,8982988,93,88,1757672,11/3/2025,-20.0000,False,False,11/3/2025,,,11/3/2025,System.Byte[],Waived current late fee 1.
,43761,2731732,1495,550863,15100151,49648,8995998,2756,88,1760362,12/8/2025,20.0000,False,False,12/8/2025,,,12/8/2025,System.Byte[],Waived current late fee 1.
,43761,2731733,1495,550863,15100151,49648,8995998,2756,88,1760362,12/8/2025,-20.0000,False,False,12/8/2025,,,12/8/2025,System.Byte[],Waived current late fee 1.
,150919,2731832,1495,550898,15100486,152543,8996192,93,88,1760418,12/8/2025,20.0000,False,False,12/8/2025,,,12/8/2025,System.Byte[],Waived current late fee 1.
,150919,2731833,1495,550898,15100486,152543,8996192,93,88,1760418,12/8/2025,-20.0000,False,False,12/8/2025,,,12/8/2025,System.Byte[],Waived current late fee 1.
,371420,2733142,1495,551112,15105333,709538,8998111,93,88,1761063,12/18/2025,20.0000,False,False,12/18/2025,,,12/18/2025,System.Byte[],Waived current late fee 1.
,371420,2733143,1495,551112,15105333,709538,8998111,93,88,1761063,12/18/2025,-20.0000,False,False,12/18/2025,,,12/18/2025,System.Byte[],Waived current late fee 1.
,1442,2733990,1495,551224,15107349,1648,8998859,93,88,1761333,12/23/2025,20.0000,False,False,12/23/2025,,,12/23/2025,System.Byte[],Waived current late fee 1.
,1442,2733991,1495,551224,15107349,1648,8998859,93,88,1761333,12/23/2025,-20.0000,False,False,12/23/2025,,,12/23/2025,System.Byte[],Waived current late fee 1.
,1442,2733992,1495,551224,15107350,1648,8998859,93,88,1761334,12/23/2025,25.0000,False,False,12/23/2025,,,12/23/2025,System.Byte[],Waived current late fee 2.
,1442,2733993,1495,551224,15107350,1648,8998859,93,88,1761334,12/23/2025,-25.0000,False,False,12/23/2025,,,12/23/2025,System.Byte[],Waived current late fee 2.
,451337,2737477,1495,551636,15126336,416077,9008477,5996,88,1763423,1/12/2026,20.0000,False,False,1/12/2026,,,1/12/2026,System.Byte[],Waived current late fee 1.
,451337,2737478,1495,551636,15126336,416077,9008477,5996,88,1763423,1/12/2026,-20.0000,False,False,1/12/2026,,,1/12/2026,System.Byte[],Waived current late fee 1.
,150919,2737897,1495,551704,15127359,152543,9008834,93,88,1763607,1/13/2026,25.0000,False,False,1/13/2026,,,1/13/2026,System.Byte[],Waived current late fee 2.
,150919,2737898,1495,551704,15127359,152543,9008834,93,88,1763607,1/13/2026,-25.0000,False,False,1/13/2026,,,1/13/2026,System.Byte[],Waived current late fee 2.
,775960,2739015,1495,551902,15131830,709822,9010525,7075,88,1764193,1/23/2026,25.0000,False,False,1/23/2026,,,1/23/2026,System.Byte[],Waived current late fee 2.
,775960,2739016,1495,551902,15131830,709822,9010525,7075,88,1764193,1/23/2026,-25.0000,False,False,1/23/2026,,,1/23/2026,System.Byte[],Waived current late fee 2.
,371420,2739069,1495,551902,15132012,709538,9010598,7075,88,1764230,1/23/2026,25.0000,False,False,1/23/2026,,,1/23/2026,System.Byte[],Waived current late fee 2.
,371420,2739070,1495,551902,15132012,709538,9010598,7075,88,1764230,1/23/2026,-25.0000,False,False,1/23/2026,,,1/23/2026,System.Byte[],Waived current late fee 2.
,778983,2739223,1495,551923,15132524,713181,9010746,7075,88,1764292,1/24/2026,20.0000,False,False,1/24/2026,,,1/24/2026,System.Byte[],Waived current late fee 1.
,778983,2739224,1495,551923,15132524,713181,9010746,7075,88,1764292,1/24/2026,-20.0000,False,False,1/24/2026,,,1/24/2026,System.Byte[],Waived current late fee 1.
,371979,2739587,1495,551947,15133616,337586,9011143,93,88,1764452,1/27/2026,20.0000,False,False,1/27/2026,,,1/27/2026,System.Byte[],Waived current late fee 1.
,371979,2739588,1495,551947,15133616,337586,9011143,93,88,1764452,1/27/2026,-20.0000,False,False,1/27/2026,,,1/27/2026,System.Byte[],Waived current late fee 1.
,150919,2786140,1495,563481,15367262,152543,9145616,93,88,1801398,4/3/2026,20.0000,False,False,4/3/2026,,,4/3/2026,System.Byte[],Waived current late fee 1.
,150919,2786141,1495,563481,15367262,152543,9145616,93,88,1801398,4/3/2026,-20.0000,False,False,4/3/2026,,,4/3/2026,System.Byte[],Waived current late fee 1.
,355640,2786616,1495,563538,15370098,327123,9146802,1179,88,1801704,4/7/2026,20.0000,False,False,4/7/2026,,,4/7/2026,System.Byte[],Waived current late fee 1.
,355640,2786617,1495,563538,15370098,327123,9146802,1179,88,1801704,4/7/2026,-20.0000,False,False,4/7/2026,,,4/7/2026,System.Byte[],Waived current late fee 1.
,355640,2786618,1495,563538,15370099,327123,9146802,1179,88,1801705,4/7/2026,25.0000,False,False,4/7/2026,,,4/7/2026,System.Byte[],Waived current late fee 2.
,355640,2786619,1495,563538,15370099,327123,9146802,1179,88,1801705,4/7/2026,-25.0000,False,False,4/7/2026,,,4/7/2026,System.Byte[],Waived current late fee 2.
,186016,2787858,1495,563747,15375367,207423,9148573,2756,88,1802373,4/16/2026,20.0000,False,False,4/16/2026,,,4/16/2026,System.Byte[],Waived current late fee 1.
,186016,2787859,1495,563747,15375367,207423,9148573,2756,88,1802373,4/16/2026,-20.0000,False,False,4/16/2026,,,4/16/2026,System.Byte[],Waived current late fee 1.
,765093,2788008,1495,563790,15376385,697498,9148913,2756,88,1802494,4/18/2026,20.0000,False,False,4/18/2026,,,4/18/2026,System.Byte[],Waived current late fee 1.
,765093,2788009,1495,563790,15376385,697498,9148913,2756,88,1802494,4/18/2026,-20.0000,False,False,4/18/2026,,,4/18/2026,System.Byte[],Waived current late fee 1.
Totals (3440),,,,,,,,,,,,0.0000,False,False,,,,,,
Averages (3440),,,,,,,,,,,,0.0000,False,False,,,,,,
