Totals & Averages,CreditID,SiteID,FiscalID,PaymentID,LedgerID,ReceiptID,EmployeeID,ConcessionID,MemoID,dCredit,dcCreditAmt,bTferMoveOutAdjmt,bNonPosting,dCreated,dArchived,dDeleted,dUpdated,uTS,SMEMO
,45162,1495,6955,223876,1601,132116,91,88,115865,03-30-2010 8:46:09.220,15,FALSE,FALSE,01-02-1900 0:00:00.000,,,03-30-2010 8:46:12.330,System.Byte[],Waived current late fee 1.
,45163,1495,6955,223876,1601,132116,91,88,115865,03-30-2010 8:46:09.220,-15,FALSE,FALSE,01-02-1900 0:00:00.000,,,03-30-2010 8:46:12.330,System.Byte[],Waived current late fee 1.
,82776,1495,25382,405243,1558,243133,91,88,182639,04-01-2010 8:45:07.483,15,FALSE,FALSE,01-02-1900 0:00:00.000,,,04-01-2010 8:45:11.037,System.Byte[],Waived current late fee 1.
,82777,1495,25382,405243,1558,243133,91,88,182639,04-01-2010 8:45:07.483,-15,FALSE,FALSE,01-02-1900 0:00:00.000,,,04-01-2010 8:45:11.037,System.Byte[],Waived current late fee 1.
,82792,1495,25382,405369,8219,243233,91,88,182652,04-01-2010 11:17:34.313,15,FALSE,FALSE,01-02-1900 0:00:00.000,,,04-01-2010 11:17:38.380,System.Byte[],Waived current late fee 1.
,82793,1495,25382,405369,8219,243233,91,88,182652,04-01-2010 11:17:34.313,-15,FALSE,FALSE,01-02-1900 0:00:00.000,,,04-01-2010 11:17:38.380,System.Byte[],Waived current late fee 1.
,82794,1495,25382,405370,8220,243233,91,88,182653,04-01-2010 11:17:34.313,15,FALSE,FALSE,01-02-1900 0:00:00.000,,,04-01-2010 11:17:38.380,System.Byte[],Waived current late fee 1.
,82795,1495,25382,405370,8220,243233,91,88,182653,04-01-2010 11:17:34.313,-15,FALSE,FALSE,01-02-1900 0:00:00.000,,,04-01-2010 11:17:38.380,System.Byte[],Waived current late fee 1.
,85992,1495,25397,416492,1662,249768,91,88,193045,04-02-2010 11:19:22.077,15,FALSE,FALSE,01-02-1900 0:00:00.000,,,04-02-2010 11:19:25.883,System.Byte[],Waived current late fee 1.
,85993,1495,25397,416492,1662,249768,91,88,193045,04-02-2010 11:19:22.077,-15,FALSE,FALSE,01-02-1900 0:00:00.000,,,04-02-2010 11:19:25.883,System.Byte[],Waived current late fee 1.
,86090,1495,25804,417607,1585,250586,91,88,193217,04-04-2010 17:24:49.233,15,FALSE,FALSE,01-02-1900 0:00:00.000,,,04-04-2010 17:24:52.467,System.Byte[],Waived current late fee 1.
,86091,1495,25804,417607,1585,250586,91,88,193217,04-04-2010 17:24:49.233,-15,FALSE,FALSE,01-02-1900 0:00:00.000,,,04-04-2010 17:24:52.467,System.Byte[],Waived current late fee 1.
,86108,1495,25828,417779,1828,250697,93,88,193259,04-05-2010 12:04:20.627,15,FALSE,FALSE,01-02-1900 0:00:00.000,,,04-05-2010 12:04:24.690,System.Byte[],Waived current late fee 1.
,86109,1495,25828,417779,1828,250697,93,88,193259,04-05-2010 12:04:20.627,-15,FALSE,FALSE,01-02-1900 0:00:00.000,,,04-05-2010 12:04:24.690,System.Byte[],Waived current late fee 1.
,86254,1495,25852,418740,1735,251354,91,88,193593,04-07-2010 9:02:21.157,15,FALSE,FALSE,01-02-1900 0:00:00.000,,,04-07-2010 9:02:26.653,System.Byte[],Waived current late fee 1.
,86255,1495,25852,418740,1735,251354,91,88,193593,04-07-2010 9:02:21.157,-15,FALSE,FALSE,01-02-1900 0:00:00.000,,,04-07-2010 9:02:26.653,System.Byte[],Waived current late fee 1.
,86367,1495,25864,419213,1725,251659,91,88,193697,04-08-2010 14:10:07.583,15,FALSE,FALSE,01-02-1900 0:00:00.000,,,04-08-2010 14:10:09.513,System.Byte[],Waived current late fee 1.
,86368,1495,25864,419213,1725,251659,91,88,193697,04-08-2010 14:10:07.583,-15,FALSE,FALSE,01-02-1900 0:00:00.000,,,04-08-2010 14:10:09.513,System.Byte[],Waived current late fee 1.
,86370,1495,25864,419233,1687,251668,91,88,193698,04-08-2010 14:35:34.350,15,FALSE,FALSE,01-02-1900 0:00:00.000,,,04-08-2010 14:35:36.797,System.Byte[],Waived current late fee 1.
,86371,1495,25864,419233,1687,251668,91,88,193698,04-08-2010 14:35:34.350,-15,FALSE,FALSE,01-02-1900 0:00:00.000,,,04-08-2010 14:35:36.797,System.Byte[],Waived current late fee 1.
,86397,1495,25865,419330,1787,251730,91,88,193722,04-08-2010 16:54:50.067,15,FALSE,FALSE,01-02-1900 0:00:00.000,,,04-08-2010 16:54:52.060,System.Byte[],Waived current late fee 1.
,86398,1495,25865,419330,1787,251730,91,88,193722,04-08-2010 16:54:50.067,-15,FALSE,FALSE,01-02-1900 0:00:00.000,,,04-08-2010 16:54:52.060,System.Byte[],Waived current late fee 1.
,86469,1495,25876,419790,1740,252011,91,88,193781,04-10-2010 9:13:57.990,15,FALSE,FALSE,01-02-1900 0:00:00.000,,,04-10-2010 9:14:01.053,System.Byte[],Waived current late fee 1.
,86470,1495,25876,419790,1740,252011,91,88,193781,04-10-2010 9:13:57.990,-15,FALSE,FALSE,01-02-1900 0:00:00.000,,,04-10-2010 9:14:01.053,System.Byte[],Waived current late fee 1.
,86475,1495,25876,419819,1631,252028,91,88,193786,04-10-2010 10:37:37.710,15,FALSE,FALSE,01-02-1900 0:00:00.000,,,04-10-2010 10:37:51.410,System.Byte[],Waived current late fee 1.
,86476,1495,25876,419819,1631,252028,91,88,193786,04-10-2010 10:37:37.710,-15,FALSE,FALSE,01-02-1900 0:00:00.000,,,04-10-2010 10:37:51.410,System.Byte[],Waived current late fee 1.
,86617,1495,25889,420322,1695,252352,94,88,193868,04-12-2010 10:53:09.677,15,FALSE,FALSE,01-02-1900 0:00:00.000,,,04-12-2010 10:53:12.693,System.Byte[],Waived current late fee 1.
,86618,1495,25889,420322,1695,252352,94,88,193868,04-12-2010 10:53:09.677,-15,FALSE,FALSE,01-02-1900 0:00:00.000,,,04-12-2010 10:53:12.693,System.Byte[],Waived current late fee 1.
,86764,1495,25904,420889,1641,252660,91,88,193995,04-13-2010 15:15:33.000,15,FALSE,FALSE,01-02-1900 0:00:00.000,,,04-13-2010 15:15:37.723,System.Byte[],Waived current late fee 1.
,86765,1495,25904,420889,1641,252660,91,88,193995,04-13-2010 15:15:33.000,-15,FALSE,FALSE,01-02-1900 0:00:00.000,,,04-13-2010 15:15:37.723,System.Byte[],Waived current late fee 1.
,86770,1495,25904,420925,1534,252679,91,88,194005,04-13-2010 16:17:38.157,5,FALSE,FALSE,01-02-1900 0:00:00.000,,,04-13-2010 16:17:41.630,System.Byte[],Waived current late fee 1.
,86771,1495,25904,420925,1534,252679,91,88,194005,04-13-2010 16:17:38.157,-5,FALSE,FALSE,01-02-1900 0:00:00.000,,,04-13-2010 16:17:41.630,System.Byte[],Waived current late fee 1.
,86856,1495,25915,421059,1713,252784,91,88,194038,04-14-2010 10:48:25.640,15,FALSE,FALSE,01-02-1900 0:00:00.000,,,04-14-2010 10:48:30.097,System.Byte[],Waived current late fee 1.
,86857,1495,25915,421059,1713,252784,91,88,194038,04-14-2010 10:48:25.640,-15,FALSE,FALSE,01-02-1900 0:00:00.000,,,04-14-2010 10:48:30.097,System.Byte[],Waived current late fee 1.
,102090,1495,25928,533755,1788,321871,91,88,273818,04-15-2010 8:38:09.173,15,FALSE,FALSE,01-02-1900 0:00:00.000,,,04-15-2010 8:38:13.463,System.Byte[],Waived current late fee 1.
,102091,1495,25928,533755,1788,321871,91,88,273818,04-15-2010 8:38:09.173,-15,FALSE,FALSE,01-02-1900 0:00:00.000,,,04-15-2010 8:38:13.463,System.Byte[],Waived current late fee 1.
,102092,1495,25928,533781,1640,321889,91,88,273836,04-15-2010 10:43:11.517,15,FALSE,FALSE,01-02-1900 0:00:00.000,,,04-15-2010 10:43:15.837,System.Byte[],Waived current late fee 1.
,102093,1495,25928,533781,1640,321889,91,88,273836,04-15-2010 10:43:11.517,-15,FALSE,FALSE,01-02-1900 0:00:00.000,,,04-15-2010 10:43:15.837,System.Byte[],Waived current late fee 1.
,102172,1495,31519,534196,1772,322136,93,88,273925,04-16-2010 12:03:03.780,15,FALSE,FALSE,01-02-1900 0:00:00.000,,,04-16-2010 12:03:08.433,System.Byte[],Waived current late fee 1.
,102173,1495,31519,534196,1772,322136,93,88,273925,04-16-2010 12:03:03.780,-15,FALSE,FALSE,01-02-1900 0:00:00.000,,,04-16-2010 12:03:08.433,System.Byte[],Waived current late fee 1.
,102176,1495,31519,534239,1811,322163,93,88,273934,04-16-2010 13:43:25.187,15,FALSE,FALSE,01-02-1900 0:00:00.000,,,04-16-2010 13:43:29.527,System.Byte[],Waived current late fee 1.
,102177,1495,31519,534239,1811,322163,93,88,273934,04-16-2010 13:43:25.187,-15,FALSE,FALSE,01-02-1900 0:00:00.000,,,04-16-2010 13:43:29.527,System.Byte[],Waived current late fee 1.
,102252,1495,31550,534641,1749,322379,93,88,273991,04-17-2010 15:18:25.250,15,FALSE,FALSE,01-02-1900 0:00:00.000,,,04-17-2010 15:18:29.907,System.Byte[],Waived current late fee 1.
,102253,1495,31550,534641,1749,322379,93,88,273991,04-17-2010 15:18:25.250,-15,FALSE,FALSE,01-02-1900 0:00:00.000,,,04-17-2010 15:18:29.907,System.Byte[],Waived current late fee 1.
,102474,1495,31563,535437,1715,322805,93,88,274112,04-20-2010 14:44:11.553,15,FALSE,FALSE,01-02-1900 0:00:00.000,,,04-20-2010 14:44:23.340,System.Byte[],Waived current late fee 1.
,102475,1495,31563,535437,1715,322805,93,88,274112,04-20-2010 14:44:11.553,-15,FALSE,FALSE,01-02-1900 0:00:00.000,,,04-20-2010 14:44:23.340,System.Byte[],Waived current late fee 1.
,103170,1495,31698,539156,1827,324870,91,88,274667,05-01-2010 9:21:28.780,15,FALSE,FALSE,01-02-1900 0:00:00.000,,,05-01-2010 9:21:31.700,System.Byte[],Waived current late fee 1.
,103171,1495,31698,539156,1827,324870,91,88,274667,05-01-2010 9:21:28.780,-15,FALSE,FALSE,01-02-1900 0:00:00.000,,,05-01-2010 9:21:31.700,System.Byte[],Waived current late fee 1.
,103178,1495,31698,539481,1684,325125,91,88,274699,05-01-2010 12:21:16.280,15,FALSE,FALSE,01-02-1900 0:00:00.000,,,05-01-2010 12:21:30.027,System.Byte[],Waived current late fee 1.
,103179,1495,31698,539481,1684,325125,91,88,274699,05-01-2010 12:21:16.280,-15,FALSE,FALSE,01-02-1900 0:00:00.000,,,05-01-2010 12:21:30.027,System.Byte[],Waived current late fee 1.
,103594,1495,31774,542752,1742,327250,93,88,275234,05-07-2010 10:52:40.183,15,FALSE,FALSE,01-02-1900 0:00:00.000,,,05-07-2010 10:52:43.870,System.Byte[],Waived current late fee 1.
,103595,1495,31774,542752,1742,327250,93,88,275234,05-07-2010 10:52:40.183,-15,FALSE,FALSE,01-02-1900 0:00:00.000,,,05-07-2010 10:52:43.870,System.Byte[],Waived current late fee 1.
,103614,1495,31774,542846,1517,327313,93,88,275254,05-07-2010 13:12:02.480,15,FALSE,FALSE,01-02-1900 0:00:00.000,,,05-07-2010 13:12:18.450,System.Byte[],Waived current late fee 1.
,103615,1495,31774,542846,1517,327313,93,88,275254,05-07-2010 13:12:02.480,-15,FALSE,FALSE,01-02-1900 0:00:00.000,,,05-07-2010 13:12:18.450,System.Byte[],Waived current late fee 1.
,103785,1495,31804,543965,1591,328004,93,88,275408,05-10-2010 16:27:47.953,15,FALSE,FALSE,01-02-1900 0:00:00.000,,,05-10-2010 16:27:53.077,System.Byte[],Waived current late fee 1.
,103786,1495,31804,543965,1591,328004,93,88,275408,05-10-2010 16:27:47.953,-15,FALSE,FALSE,01-02-1900 0:00:00.000,,,05-10-2010 16:27:53.077,System.Byte[],Waived current late fee 1.
,103844,1495,31831,544225,1508,328165,93,88,275444,05-11-2010 14:05:04.343,15,FALSE,FALSE,01-02-1900 0:00:00.000,,,05-11-2010 14:05:16.737,System.Byte[],Waived current late fee 1.
,103845,1495,31831,544225,1508,328165,93,88,275444,05-11-2010 14:05:04.343,-15,FALSE,FALSE,01-02-1900 0:00:00.000,,,05-11-2010 14:05:16.737,System.Byte[],Waived current late fee 1.
,103931,1495,31832,544459,1785,328313,91,88,275471,05-12-2010 9:20:01.453,15,FALSE,FALSE,01-02-1900 0:00:00.000,,,05-12-2010 9:20:07.270,System.Byte[],Waived current late fee 1.
,103932,1495,31832,544459,1785,328313,91,88,275471,05-12-2010 9:20:01.453,-15,FALSE,FALSE,01-02-1900 0:00:00.000,,,05-12-2010 9:20:07.270,System.Byte[],Waived current late fee 1.
,104057,1495,31846,544730,1713,328465,91,88,275516,05-13-2010 8:33:30.017,15,FALSE,FALSE,01-02-1900 0:00:00.000,,,05-13-2010 8:33:36.457,System.Byte[],Waived current late fee 1.
,104058,1495,31846,544730,1713,328465,91,88,275516,05-13-2010 8:33:30.017,-15,FALSE,FALSE,01-02-1900 0:00:00.000,,,05-13-2010 8:33:36.457,System.Byte[],Waived current late fee 1.
,104115,1495,31860,544978,1589,328605,91,88,275551,05-13-2010 16:58:41.077,15,FALSE,FALSE,01-02-1900 0:00:00.000,,,05-13-2010 16:59:22.160,System.Byte[],Waived current late fee 1.
,104116,1495,31860,544978,1589,328605,91,88,275551,05-13-2010 16:58:41.077,-15,FALSE,FALSE,01-02-1900 0:00:00.000,,,05-13-2010 16:59:22.160,System.Byte[],Waived current late fee 1.
,104234,1495,31888,545866,8217,329043,91,88,275609,05-17-2010 8:33:44.000,15,FALSE,FALSE,01-02-1900 0:00:00.000,,,05-17-2010 8:33:59.233,System.Byte[],Waived current late fee 1.
,104235,1495,31888,545866,8217,329043,91,88,275609,05-17-2010 8:33:44.000,-15,FALSE,FALSE,01-02-1900 0:00:00.000,,,05-17-2010 8:33:59.233,System.Byte[],Waived current late fee 1.
,104236,1495,31888,545867,8218,329043,91,88,275610,05-17-2010 8:33:44.000,15,FALSE,FALSE,01-02-1900 0:00:00.000,,,05-17-2010 8:33:59.233,System.Byte[],Waived current late fee 1.
,104237,1495,31888,545867,8218,329043,91,88,275610,05-17-2010 8:33:44.000,-15,FALSE,FALSE,01-02-1900 0:00:00.000,,,05-17-2010 8:33:59.233,System.Byte[],Waived current late fee 1.
,109887,1495,34075,582961,1670,351360,93,88,295115,06-03-2010 13:04:20.530,15,FALSE,FALSE,01-02-1900 0:00:00.000,,,06-03-2010 13:04:25.013,System.Byte[],Waived current late fee 1.
,109888,1495,34075,582961,1670,351360,93,88,295115,06-03-2010 13:04:20.530,-15,FALSE,FALSE,01-02-1900 0:00:00.000,,,06-03-2010 13:04:25.013,System.Byte[],Waived current late fee 1.
,110021,1495,34106,584023,1740,352065,95,88,295335,06-05-2010 10:59:38.530,15,FALSE,FALSE,01-02-1900 0:00:00.000,,,06-05-2010 10:59:43.990,System.Byte[],Waived current late fee 1.
,110022,1495,34106,584023,1740,352065,95,88,295335,06-05-2010 10:59:38.530,-15,FALSE,FALSE,01-02-1900 0:00:00.000,,,06-05-2010 10:59:43.990,System.Byte[],Waived current late fee 1.
,110267,1495,34136,584949,1646,352623,93,88,295495,06-07-2010 16:54:37.703,15,FALSE,FALSE,01-02-1900 0:00:00.000,,,06-07-2010 16:54:44.820,System.Byte[],Waived current late fee 1.
,110268,1495,34136,584949,1646,352623,93,88,295495,06-07-2010 16:54:37.703,-15,FALSE,FALSE,01-02-1900 0:00:00.000,,,06-07-2010 16:54:44.820,System.Byte[],Waived current late fee 1.
,110309,1495,34136,585170,1540,352741,93,88,295521,06-08-2010 11:19:06.453,15,FALSE,FALSE,01-02-1900 0:00:00.000,,,06-08-2010 11:19:13.227,System.Byte[],Waived current late fee 1.
,110310,1495,34136,585170,1540,352741,93,88,295521,06-08-2010 11:19:06.453,-15,FALSE,FALSE,01-02-1900 0:00:00.000,,,06-08-2010 11:19:13.227,System.Byte[],Waived current late fee 1.
,110343,1495,34136,585287,1510,352816,93,88,295539,06-08-2010 14:35:17.063,15,FALSE,FALSE,01-02-1900 0:00:00.000,,,06-08-2010 14:35:23.760,System.Byte[],Waived current late fee 1.
,110344,1495,34136,585287,1510,352816,93,88,295539,06-08-2010 14:35:17.063,-15,FALSE,FALSE,01-02-1900 0:00:00.000,,,06-08-2010 14:35:23.760,System.Byte[],Waived current late fee 1.
,110395,1495,34151,585658,1606,353042,93,88,295595,06-09-2010 10:30:42.250,15,FALSE,FALSE,01-02-1900 0:00:00.000,,,06-09-2010 10:30:54.603,System.Byte[],Waived current late fee 1.
,110396,1495,34151,585658,1606,353042,93,88,295595,06-09-2010 10:30:42.250,-15,FALSE,FALSE,01-02-1900 0:00:00.000,,,06-09-2010 10:30:54.603,System.Byte[],Waived current late fee 1.
,110401,1495,34151,585674,1767,353049,93,88,295598,06-09-2010 11:11:56.890,15,FALSE,FALSE,01-02-1900 0:00:00.000,,,06-09-2010 11:12:04.307,System.Byte[],Waived current late fee 2.
,110402,1495,34151,585674,1767,353049,93,88,295598,06-09-2010 11:11:56.890,-15,FALSE,FALSE,01-02-1900 0:00:00.000,,,06-09-2010 11:12:04.307,System.Byte[],Waived current late fee 2.
,110687,1495,34182,586969,31867,353779,91,88,295782,06-11-2010 16:00:50.343,15,FALSE,FALSE,01-02-1900 0:00:00.000,,,06-11-2010 16:01:43.060,System.Byte[],Waived current late fee 1.
,110688,1495,34182,586969,31867,353779,91,88,295782,06-11-2010 16:00:50.343,-15,FALSE,FALSE,01-02-1900 0:00:00.000,,,06-11-2010 16:01:43.060,System.Byte[],Waived current late fee 1.
,110918,1495,34231,588066,1589,354403,93,88,295976,06-15-2010 13:52:28.437,15,FALSE,FALSE,01-02-1900 0:00:00.000,,,06-15-2010 13:52:33.870,System.Byte[],Waived current late fee 1.
,110919,1495,34231,588066,1589,354403,93,88,295976,06-15-2010 13:52:28.437,-15,FALSE,FALSE,01-02-1900 0:00:00.000,,,06-15-2010 13:52:33.870,System.Byte[],Waived current late fee 1.
,110944,1495,34231,588197,1788,354506,93,88,295995,06-15-2010 15:55:02.627,15,FALSE,FALSE,01-02-1900 0:00:00.000,,,06-15-2010 15:55:07.450,System.Byte[],Waived current late fee 1.
,110945,1495,34231,588197,1788,354506,93,88,295995,06-15-2010 15:55:02.627,-15,FALSE,FALSE,01-02-1900 0:00:00.000,,,06-15-2010 15:55:07.450,System.Byte[],Waived current late fee 1.
,111072,1495,34244,588384,1523,354609,93,88,296014,06-16-2010 9:23:50.517,15,FALSE,FALSE,01-02-1900 0:00:00.000,,,06-16-2010 9:23:55.940,System.Byte[],Waived current late fee 1.
,111073,1495,34244,588384,1523,354609,93,88,296014,06-16-2010 9:23:50.517,-15,FALSE,FALSE,01-02-1900 0:00:00.000,,,06-16-2010 9:23:55.940,System.Byte[],Waived current late fee 1.
,111404,1495,34272,589871,21987,355415,91,88,296185,06-18-2010 13:00:38.833,15,FALSE,FALSE,01-02-1900 0:00:00.000,,,06-18-2010 13:01:20.920,System.Byte[],Waived current late fee 1.
,111405,1495,34272,589871,21987,355415,91,88,296185,06-18-2010 13:00:38.833,-15,FALSE,FALSE,01-02-1900 0:00:00.000,,,06-18-2010 13:01:20.920,System.Byte[],Waived current late fee 1.
,111520,1495,34287,590219,1509,355588,91,88,296230,06-19-2010 9:41:09.210,15,FALSE,FALSE,01-02-1900 0:00:00.000,,,06-19-2010 9:41:15.117,System.Byte[],Waived current late fee 1.
,111521,1495,34287,590219,1509,355588,91,88,296230,06-19-2010 9:41:09.210,-15,FALSE,FALSE,01-02-1900 0:00:00.000,,,06-19-2010 9:41:15.117,System.Byte[],Waived current late fee 1.
,111528,1495,34287,590294,1636,355616,91,88,296240,06-19-2010 11:20:58.037,15,FALSE,FALSE,01-02-1900 0:00:00.000,,,06-19-2010 11:21:01.867,System.Byte[],Waived current late fee 2.
,111529,1495,34287,590294,1636,355616,91,88,296240,06-19-2010 11:20:58.037,-15,FALSE,FALSE,01-02-1900 0:00:00.000,,,06-19-2010 11:21:01.867,System.Byte[],Waived current late fee 2.
,111824,1495,34348,591846,1660,356503,91,88,296467,06-24-2010 8:13:19.390,15,FALSE,FALSE,01-02-1900 0:00:00.000,,,06-24-2010 8:13:21.697,System.Byte[],Waived current late fee 1.
,111825,1495,34348,591846,1660,356503,91,88,296467,06-24-2010 8:13:19.390,-15,FALSE,FALSE,01-02-1900 0:00:00.000,,,06-24-2010 8:13:21.697,System.Byte[],Waived current late fee 1.
,111920,1495,34364,592148,1593,356704,91,88,296538,06-24-2010 16:46:16.190,15,FALSE,FALSE,01-02-1900 0:00:00.000,,,06-24-2010 16:46:19.367,System.Byte[],Waived current late fee 1.
,111921,1495,34364,592148,1593,356704,91,88,296538,06-24-2010 16:46:16.190,-15,FALSE,FALSE,01-02-1900 0:00:00.000,,,06-24-2010 16:46:19.367,System.Byte[],Waived current late fee 1.
,114649,1495,35525,614535,33143,373463,91,88,302905,07-02-2010 10:01:20.340,15,FALSE,FALSE,01-02-1900 0:00:00.000,,07-02-2010 11:51:15.950,07-02-2010 11:51:17.040,System.Byte[],Waived current late fee 1.
,114650,1495,35525,614535,33143,373463,91,88,302905,07-02-2010 10:01:20.340,-15,FALSE,FALSE,01-02-1900 0:00:00.000,,07-02-2010 11:51:15.950,07-02-2010 11:51:17.040,System.Byte[],Waived current late fee 1.
,114755,1495,35525,615096,1752,373833,91,88,303048,07-02-2010 15:50:00.620,15,FALSE,FALSE,01-02-1900 0:00:00.000,,,07-02-2010 15:50:02.510,System.Byte[],Waived current late fee 2.
,114756,1495,35525,615096,1752,373833,91,88,303048,07-02-2010 15:50:00.620,-15,FALSE,FALSE,01-02-1900 0:00:00.000,,,07-02-2010 15:50:02.510,System.Byte[],Waived current late fee 2.
,115082,1495,35572,616595,8225,374812,91,88,303344,07-06-2010 10:41:20.377,15,FALSE,FALSE,01-02-1900 0:00:00.000,,,07-06-2010 10:41:29.600,System.Byte[],Waived current late fee 1.
,115083,1495,35572,616595,8225,374812,91,88,303344,07-06-2010 10:41:20.377,-15,FALSE,FALSE,01-02-1900 0:00:00.000,,,07-06-2010 10:41:29.600,System.Byte[],Waived current late fee 1.
,115114,1495,35572,616711,1690,374881,91,88,303374,07-06-2010 13:00:09.187,15,FALSE,FALSE,01-02-1900 0:00:00.000,,,07-06-2010 13:00:13.273,System.Byte[],Waived current late fee 1.
,115115,1495,35572,616711,1690,374881,91,88,303374,07-06-2010 13:00:09.187,-15,FALSE,FALSE,01-02-1900 0:00:00.000,,,07-06-2010 13:00:13.273,System.Byte[],Waived current late fee 1.
,115341,1495,35586,617549,1502,375403,93,88,303522,07-07-2010 14:20:18.640,15,FALSE,FALSE,01-02-1900 0:00:00.000,,,07-07-2010 14:20:23.447,System.Byte[],Waived current late fee 1.
,115342,1495,35586,617549,1502,375403,93,88,303522,07-07-2010 14:20:18.640,-15,FALSE,FALSE,01-02-1900 0:00:00.000,,,07-07-2010 14:20:23.447,System.Byte[],Waived current late fee 1.
,115525,1495,35601,618178,1710,375782,95,88,303633,07-08-2010 16:06:31.610,15,FALSE,FALSE,01-02-1900 0:00:00.000,,,07-08-2010 16:06:44.050,System.Byte[],Waived current late fee 1.
,115526,1495,35601,618178,1710,375782,95,88,303633,07-08-2010 16:06:31.610,-15,FALSE,FALSE,01-02-1900 0:00:00.000,,,07-08-2010 16:06:44.050,System.Byte[],Waived current late fee 1.
,115840,1495,35652,619531,31594,376587,91,88,303867,07-12-2010 9:11:23.327,15,FALSE,FALSE,01-02-1900 0:00:00.000,,,07-12-2010 9:11:23.950,System.Byte[],Waived current late fee 2.
,115841,1495,35652,619531,31594,376587,91,88,303867,07-12-2010 9:11:23.327,-15,FALSE,FALSE,01-02-1900 0:00:00.000,,,07-12-2010 9:11:23.950,System.Byte[],Waived current late fee 2.
,115842,1495,35652,619532,31594,376587,91,88,303868,07-12-2010 9:11:23.327,15,FALSE,FALSE,01-02-1900 0:00:00.000,,,07-12-2010 9:11:23.950,System.Byte[],Waived current late fee 2.
,115843,1495,35652,619532,31594,376587,91,88,303868,07-12-2010 9:11:23.327,-15,FALSE,FALSE,01-02-1900 0:00:00.000,,,07-12-2010 9:11:23.950,System.Byte[],Waived current late fee 2.
,116032,1495,35670,620148,34545,376946,91,88,303987,07-12-2010 16:53:26.137,15,FALSE,FALSE,01-02-1900 0:00:00.000,,,07-12-2010 16:53:30.257,System.Byte[],Waived current late fee 1.
,116033,1495,35670,620148,34545,376946,91,88,303987,07-12-2010 16:53:26.137,-15,FALSE,FALSE,01-02-1900 0:00:00.000,,,07-12-2010 16:53:30.257,System.Byte[],Waived current late fee 1.
,116345,1495,35718,622066,1524,377800,93,88,304252,07-16-2010 12:03:46.343,15,FALSE,FALSE,01-02-1900 0:00:00.000,,,07-16-2010 12:03:56.930,System.Byte[],Waived current late fee 1.
,116346,1495,35718,622066,1524,377800,93,88,304252,07-16-2010 12:03:46.343,-15,FALSE,FALSE,01-02-1900 0:00:00.000,,,07-16-2010 12:03:56.933,System.Byte[],Waived current late fee 1.
,123642,1495,38103,657928,33023,402474,91,88,318665,07-21-2010 8:17:58.970,15,FALSE,FALSE,01-02-1900 0:00:00.000,,,07-21-2010 8:18:06.380,System.Byte[],Waived current late fee 1.
,123643,1495,38103,657928,33023,402474,91,88,318665,07-21-2010 8:17:58.970,-15,FALSE,FALSE,01-02-1900 0:00:00.000,,,07-21-2010 8:18:06.380,System.Byte[],Waived current late fee 1.
,123644,1495,38103,657943,8214,402491,91,88,318666,07-21-2010 9:48:55.937,15,FALSE,FALSE,01-02-1900 0:00:00.000,,,07-21-2010 9:49:03.213,System.Byte[],Waived current late fee 2.
,123645,1495,38103,657943,8214,402491,91,88,318666,07-21-2010 9:48:55.937,-15,FALSE,FALSE,01-02-1900 0:00:00.000,,,07-21-2010 9:49:03.217,System.Byte[],Waived current late fee 2.
,136106,1495,38358,729649,1722,443405,91,88,335741,07-22-2010 14:03:20.780,15,FALSE,FALSE,01-02-1900 0:00:00.000,,,07-22-2010 14:03:35.460,System.Byte[],Waived current late fee 2.
,136107,1495,38358,729649,1722,443405,91,88,335741,07-22-2010 14:03:20.780,-15,FALSE,FALSE,01-02-1900 0:00:00.000,,,07-22-2010 14:03:35.460,System.Byte[],Waived current late fee 2.
,136108,1495,38358,729650,1722,443405,91,88,335742,07-22-2010 14:03:21.017,15,FALSE,FALSE,01-02-1900 0:00:00.000,,,07-22-2010 14:03:35.460,System.Byte[],Waived current late fee 2.
,136109,1495,38358,729650,1722,443405,91,88,335742,07-22-2010 14:03:21.017,-15,FALSE,FALSE,01-02-1900 0:00:00.000,,,07-22-2010 14:03:35.460,System.Byte[],Waived current late fee 2.
,138445,1495,42106,737624,1767,448121,91,88,337418,07-30-2010 8:04:59.530,15,FALSE,FALSE,01-02-1900 0:00:00.000,,,07-30-2010 8:05:04.473,System.Byte[],Waived current late fee 1.
,138446,1495,42106,737624,1767,448121,91,88,337418,07-30-2010 8:04:59.530,-15,FALSE,FALSE,01-02-1900 0:00:00.000,,,07-30-2010 8:05:04.477,System.Byte[],Waived current late fee 1.
,138554,1495,42106,738204,1768,448452,91,88,337514,07-30-2010 16:15:18.587,15,FALSE,FALSE,01-02-1900 0:00:00.000,,,07-30-2010 16:15:27.177,System.Byte[],Waived current late fee 1.
,138555,1495,42106,738204,1768,448452,91,88,337514,07-30-2010 16:15:18.587,-15,FALSE,FALSE,01-02-1900 0:00:00.000,,,07-30-2010 16:15:27.177,System.Byte[],Waived current late fee 1.
,138745,1495,42151,739331,35770,449179,91,88,337708,08-02-2010 10:25:09.633,15,FALSE,FALSE,01-02-1900 0:00:00.000,,,08-02-2010 10:25:11.817,System.Byte[],Waived current late fee 1.
,138746,1495,42151,739331,35770,449179,91,88,337708,08-02-2010 10:25:09.633,-15,FALSE,FALSE,01-02-1900 0:00:00.000,,,08-02-2010 10:25:11.817,System.Byte[],Waived current late fee 1.
,139730,1495,42224,743670,1729,452163,95,88,338294,08-05-2010 10:40:43.733,15,FALSE,FALSE,01-02-1900 0:00:00.000,,,08-05-2010 10:40:59.530,System.Byte[],Waived current late fee 1.
,139731,1495,42224,743670,1729,452163,95,88,338294,08-05-2010 10:40:43.733,-15,FALSE,FALSE,01-02-1900 0:00:00.000,,,08-05-2010 10:40:59.530,System.Byte[],Waived current late fee 1.
,139818,1495,42266,744457,1587,452721,91,88,338432,08-06-2010 8:45:38.377,15,FALSE,FALSE,01-02-1900 0:00:00.000,,,08-06-2010 8:45:43.860,System.Byte[],Waived current late fee 1.
,139819,1495,42266,744457,1587,452721,91,88,338432,08-06-2010 8:45:38.377,-15,FALSE,FALSE,01-02-1900 0:00:00.000,,,08-06-2010 8:45:43.860,System.Byte[],Waived current late fee 1.
,139980,1495,42266,744965,1727,452989,91,88,338534,08-06-2010 15:52:25.047,15,FALSE,FALSE,01-02-1900 0:00:00.000,,,08-06-2010 15:52:27.737,System.Byte[],Waived current late fee 1.
,139981,1495,42266,744965,1727,452989,91,88,338534,08-06-2010 15:52:25.047,-15,FALSE,FALSE,01-02-1900 0:00:00.000,,,08-06-2010 15:52:27.737,System.Byte[],Waived current late fee 1.
,140478,1495,42315,746537,1671,453964,91,88,338772,08-09-2010 14:01:14.063,15,FALSE,FALSE,01-02-1900 0:00:00.000,,,08-09-2010 14:01:32.770,System.Byte[],Waived current late fee 2.
,140479,1495,42315,746537,1671,453964,91,88,338772,08-09-2010 14:01:14.063,-15,FALSE,FALSE,01-02-1900 0:00:00.000,,,08-09-2010 14:01:32.773,System.Byte[],Waived current late fee 2.
,140608,1495,42340,747073,1533,454290,91,88,338847,08-10-2010 10:49:32.627,15,FALSE,FALSE,01-02-1900 0:00:00.000,,,08-10-2010 10:49:43.253,System.Byte[],Waived current late fee 1.
,140609,1495,42340,747073,1533,454290,91,88,338847,08-10-2010 10:49:32.627,-15,FALSE,FALSE,01-02-1900 0:00:00.000,,,08-10-2010 10:49:43.253,System.Byte[],Waived current late fee 1.
,141212,1495,42453,749667,1720,455773,91,88,339258,08-14-2010 9:32:25.733,15,FALSE,FALSE,01-02-1900 0:00:00.000,,,08-14-2010 9:32:26.707,System.Byte[],Waived current late fee 2.
,141213,1495,42453,749667,1720,455773,91,88,339258,08-14-2010 9:32:25.733,-15,FALSE,FALSE,01-02-1900 0:00:00.000,,,08-14-2010 9:32:26.707,System.Byte[],Waived current late fee 2.
,142243,1495,42585,752645,1752,457486,93,88,339750,08-20-2010 13:18:34.580,15,FALSE,FALSE,01-02-1900 0:00:00.000,,,08-20-2010 13:18:32.937,System.Byte[],Waived current late fee 1.
,142244,1495,42585,752645,1752,457486,93,88,339750,08-20-2010 13:18:34.580,-15,FALSE,FALSE,01-02-1900 0:00:00.000,,,08-20-2010 13:18:32.937,System.Byte[],Waived current late fee 1.
,145359,1495,42685,766173,22003,467093,93,88,348250,08-24-2010 16:52:02.287,15,FALSE,FALSE,01-02-1900 0:00:00.000,,,08-24-2010 16:52:03.103,System.Byte[],Waived current late fee 2.
,145360,1495,42685,766173,22003,467093,93,88,348250,08-24-2010 16:52:02.287,-15,FALSE,FALSE,01-02-1900 0:00:00.000,,,08-24-2010 16:52:03.107,System.Byte[],Waived current late fee 2.
,145361,1495,42685,766174,22003,467093,93,88,348251,08-24-2010 16:52:02.290,15,FALSE,FALSE,01-02-1900 0:00:00.000,,,08-24-2010 16:52:03.107,System.Byte[],Waived current late fee 2.
,145362,1495,42685,766174,22003,467093,93,88,348251,08-24-2010 16:52:02.290,-15,FALSE,FALSE,01-02-1900 0:00:00.000,,,08-24-2010 16:52:03.107,System.Byte[],Waived current late fee 2.
,145383,1495,45243,766297,1705,467180,93,88,348265,08-25-2010 9:27:23.127,15,FALSE,FALSE,01-02-1900 0:00:00.000,,,08-25-2010 9:27:23.397,System.Byte[],Waived current late fee 1.
,145384,1495,45243,766297,1705,467180,93,88,348265,08-25-2010 9:27:23.127,-15,FALSE,FALSE,01-02-1900 0:00:00.000,,,08-25-2010 9:27:23.397,System.Byte[],Waived current late fee 1.
,145629,1495,45292,767436,1791,467867,91,88,348451,08-27-2010 14:21:27.750,15,FALSE,FALSE,01-02-1900 0:00:00.000,,,08-27-2010 14:21:25.570,System.Byte[],Waived current late fee 2.
,145630,1495,45292,767436,1791,467867,91,88,348451,08-27-2010 14:21:27.750,-15,FALSE,FALSE,01-02-1900 0:00:00.000,,,08-27-2010 14:21:25.570,System.Byte[],Waived current late fee 2.
,145631,1495,45292,767437,1791,467867,91,88,348452,08-27-2010 14:21:27.753,15,FALSE,FALSE,01-02-1900 0:00:00.000,,,08-27-2010 14:21:25.570,System.Byte[],Waived current late fee 2.
,145632,1495,45292,767437,1791,467867,91,88,348452,08-27-2010 14:21:27.753,-15,FALSE,FALSE,01-02-1900 0:00:00.000,,,08-27-2010 14:21:25.570,System.Byte[],Waived current late fee 2.
,145655,1495,45292,767598,34717,467957,91,88,348475,08-27-2010 16:29:16.763,15,FALSE,FALSE,01-02-1900 0:00:00.000,,,08-27-2010 16:29:37.250,System.Byte[],Waived current late fee 2.
,145656,1495,45292,767598,34717,467957,91,88,348475,08-27-2010 16:29:16.763,-15,FALSE,FALSE,01-02-1900 0:00:00.000,,,08-27-2010 16:29:37.250,System.Byte[],Waived current late fee 2.
,146192,1495,45414,770736,35770,470089,93,88,348888,09-01-2010 12:35:59.040,15,FALSE,FALSE,01-02-1900 0:00:00.000,,,09-01-2010 12:35:57.280,System.Byte[],Waived current late fee 1.
,146193,1495,45414,770736,35770,470089,93,88,348888,09-01-2010 12:35:59.040,-15,FALSE,FALSE,01-02-1900 0:00:00.000,,,09-01-2010 12:35:57.280,System.Byte[],Waived current late fee 1.
,147347,1495,45579,776994,1785,474275,91,88,349765,09-09-2010 10:34:21.490,15,FALSE,FALSE,01-02-1900 0:00:00.000,,,09-09-2010 10:34:17.133,System.Byte[],Waived current late fee 1.
,147348,1495,45579,776994,1785,474275,91,88,349765,09-09-2010 10:34:21.490,-15,FALSE,FALSE,01-02-1900 0:00:00.000,,,09-09-2010 10:34:17.133,System.Byte[],Waived current late fee 1.
,147383,1495,45579,777123,1629,474350,91,88,349789,09-09-2010 12:33:39.260,15,FALSE,FALSE,01-02-1900 0:00:00.000,,,09-09-2010 12:33:34.837,System.Byte[],Waived current late fee 1.
,147384,1495,45579,777123,1629,474350,91,88,349789,09-09-2010 12:33:39.260,-15,FALSE,FALSE,01-02-1900 0:00:00.000,,,09-09-2010 12:33:34.837,System.Byte[],Waived current late fee 1.
,147545,1495,45624,778059,1786,474942,93,88,349922,09-10-2010 16:00:23.023,15,FALSE,FALSE,01-02-1900 0:00:00.000,,,09-10-2010 16:00:17.263,System.Byte[],Waived current late fee 1.
,147546,1495,45624,778059,1786,474942,93,88,349922,09-10-2010 16:00:23.023,-15,FALSE,FALSE,01-02-1900 0:00:00.000,,,09-10-2010 16:00:17.263,System.Byte[],Waived current late fee 1.
,151793,1495,45683,808646,1509,494484,93,88,362949,09-13-2010 11:16:03.200,15,FALSE,FALSE,01-02-1900 0:00:00.000,,,09-13-2010 11:15:53.730,System.Byte[],Waived current late fee 1.
,151794,1495,45683,808646,1509,494484,93,88,362949,09-13-2010 11:16:03.200,-15,FALSE,FALSE,01-02-1900 0:00:00.000,,,09-13-2010 11:15:53.730,System.Byte[],Waived current late fee 1.
,151939,1495,45683,809007,1641,494664,93,88,363012,09-13-2010 15:18:03.550,15,FALSE,FALSE,01-02-1900 0:00:00.000,,,09-13-2010 15:17:53.480,System.Byte[],Waived current late fee 1.
,151940,1495,45683,809007,1641,494664,93,88,363012,09-13-2010 15:18:03.550,-15,FALSE,FALSE,01-02-1900 0:00:00.000,,,09-13-2010 15:17:53.480,System.Byte[],Waived current late fee 1.
,152003,1495,45683,809108,1672,494715,93,88,363052,09-13-2010 16:35:45.507,15,FALSE,FALSE,01-02-1900 0:00:00.000,,,09-13-2010 16:36:00.953,System.Byte[],Waived current late fee 1.
,152004,1495,45683,809108,1672,494715,93,88,363052,09-13-2010 16:35:45.507,-15,FALSE,FALSE,01-02-1900 0:00:00.000,,,09-13-2010 16:36:00.953,System.Byte[],Waived current late fee 1.
,152093,1495,48342,809447,1788,494915,93,88,363107,09-14-2010 11:18:46.480,15,FALSE,FALSE,01-02-1900 0:00:00.000,,09-14-2010 17:09:29.350,09-14-2010 17:09:16.570,System.Byte[],Waived current late fee 1.
,152094,1495,48342,809447,1788,494915,93,88,363107,09-14-2010 11:18:46.480,-15,FALSE,FALSE,01-02-1900 0:00:00.000,,09-14-2010 17:09:29.350,09-14-2010 17:09:16.570,System.Byte[],Waived current late fee 1.
,152239,1495,48342,809758,43182,495082,93,88,363152,09-14-2010 16:11:53.827,15,FALSE,FALSE,01-02-1900 0:00:00.000,,,09-14-2010 16:11:42.057,System.Byte[],Waived current late fee 1.
,152240,1495,48342,809758,43182,495082,93,88,363152,09-14-2010 16:11:53.827,-15,FALSE,FALSE,01-02-1900 0:00:00.000,,,09-14-2010 16:11:42.057,System.Byte[],Waived current late fee 1.
,152293,1495,48342,809843,1788,495125,93,88,363181,09-14-2010 17:12:17.560,15,FALSE,FALSE,01-02-1900 0:00:00.000,,,09-14-2010 17:12:05.743,System.Byte[],Waived current late fee 1.
,152294,1495,48342,809843,1788,495125,93,88,363181,09-14-2010 17:12:17.560,-15,FALSE,FALSE,01-02-1900 0:00:00.000,,,09-14-2010 17:12:05.743,System.Byte[],Waived current late fee 1.
,152773,1495,48437,811346,1557,495958,93,88,363401,09-17-2010 9:28:33.420,15,FALSE,FALSE,01-02-1900 0:00:00.000,,,09-17-2010 9:28:45.877,System.Byte[],Waived current late fee 2.
,152774,1495,48437,811346,1557,495958,93,88,363401,09-17-2010 9:28:33.420,-15,FALSE,FALSE,01-02-1900 0:00:00.000,,,09-17-2010 9:28:45.877,System.Byte[],Waived current late fee 2.
,152889,1495,48467,812027,8227,496301,91,88,363475,09-18-2010 9:45:02.637,14,FALSE,FALSE,01-02-1900 0:00:00.000,,,09-18-2010 9:45:00.790,System.Byte[],Waived current late fee 1.
,152890,1495,48467,812027,8227,496301,91,88,363475,09-18-2010 9:45:02.637,-14,FALSE,FALSE,01-02-1900 0:00:00.000,,,09-18-2010 9:45:00.790,System.Byte[],Waived current late fee 1.
,152891,1495,48467,812028,1745,496301,91,88,363476,09-18-2010 9:45:02.637,15,FALSE,FALSE,01-02-1900 0:00:00.000,,,09-18-2010 9:45:00.790,System.Byte[],Waived current late fee 1.
,152892,1495,48467,812028,1745,496301,91,88,363476,09-18-2010 9:45:02.637,-15,FALSE,FALSE,01-02-1900 0:00:00.000,,,09-18-2010 9:45:00.790,System.Byte[],Waived current late fee 1.
,152905,1495,48467,812082,1660,496336,91,88,363481,09-18-2010 11:22:22.197,15,FALSE,FALSE,01-02-1900 0:00:00.000,,,09-18-2010 11:22:19.660,System.Byte[],Waived current late fee 1.
,152906,1495,48467,812082,1660,496336,91,88,363481,09-18-2010 11:22:22.197,-15,FALSE,FALSE,01-02-1900 0:00:00.000,,,09-18-2010 11:22:19.660,System.Byte[],Waived current late fee 1.
,153069,1495,48497,812746,43386,496714,93,88,363576,09-20-2010 12:44:53.387,15,FALSE,FALSE,01-02-1900 0:00:00.000,,,09-20-2010 12:44:48.010,System.Byte[],Waived current late fee 1.
,153070,1495,48497,812746,43386,496714,93,88,363576,09-20-2010 12:44:53.387,-15,FALSE,FALSE,01-02-1900 0:00:00.000,,,09-20-2010 12:44:48.010,System.Byte[],Waived current late fee 1.
,153157,1495,48497,813001,1623,496859,93,88,363624,09-20-2010 16:06:33.183,15,FALSE,FALSE,01-02-1900 0:00:00.000,,,09-20-2010 16:06:48.067,System.Byte[],Waived current late fee 1.
,153158,1495,48497,813001,1623,496859,93,88,363624,09-20-2010 16:06:33.183,-15,FALSE,FALSE,01-02-1900 0:00:00.000,,,09-20-2010 16:06:48.070,System.Byte[],Waived current late fee 1.
,153270,1495,48528,813362,35603,497072,91,88,363678,09-21-2010 12:18:41.533,15,FALSE,FALSE,01-02-1900 0:00:00.000,,,09-21-2010 12:18:48.857,System.Byte[],Waived current late fee 1.
,153271,1495,48528,813362,35603,497072,91,88,363678,09-21-2010 12:18:41.533,-15,FALSE,FALSE,01-02-1900 0:00:00.000,,,09-21-2010 12:18:48.857,System.Byte[],Waived current late fee 1.
,153476,1495,48557,814194,1787,497499,91,88,363794,09-22-2010 16:22:50.773,15,FALSE,FALSE,01-02-1900 0:00:00.000,,,09-22-2010 16:23:14.167,System.Byte[],Waived current late fee 2.
,153477,1495,48557,814194,1787,497499,91,88,363794,09-22-2010 16:22:50.773,-15,FALSE,FALSE,01-02-1900 0:00:00.000,,,09-22-2010 16:23:14.167,System.Byte[],Waived current late fee 2.
,156728,1495,50933,837783,1629,514879,91,88,371918,10-04-2010 8:37:20.023,15,FALSE,FALSE,01-02-1900 0:00:00.000,,,10-04-2010 8:37:20.047,System.Byte[],Waived current late fee 1.
,156729,1495,50933,837783,1629,514879,91,88,371918,10-04-2010 8:37:20.023,-15,FALSE,FALSE,01-02-1900 0:00:00.000,,,10-04-2010 8:37:20.047,System.Byte[],Waived current late fee 1.
,156768,1495,50933,837950,33222,515008,91,88,371938,10-04-2010 11:24:51.727,15,FALSE,FALSE,01-02-1900 0:00:00.000,,,10-04-2010 11:25:12.673,System.Byte[],Waived current late fee 1.
,156769,1495,50933,837950,33222,515008,91,88,371938,10-04-2010 11:24:51.727,-15,FALSE,FALSE,01-02-1900 0:00:00.000,,,10-04-2010 11:25:12.673,System.Byte[],Waived current late fee 1.
,157058,1495,50968,839921,1735,516162,91,88,372192,10-05-2010 14:24:18.287,15,FALSE,FALSE,01-02-1900 0:00:00.000,,,10-05-2010 14:24:43.640,System.Byte[],Waived current late fee 1.
,157059,1495,50968,839921,1735,516162,91,88,372192,10-05-2010 14:24:18.287,-15,FALSE,FALSE,01-02-1900 0:00:00.000,,,10-05-2010 14:24:43.640,System.Byte[],Waived current late fee 1.
,157364,1495,51025,841344,1791,517057,91,88,372456,10-07-2010 8:47:50.937,15,FALSE,FALSE,01-02-1900 0:00:00.000,,,10-07-2010 8:47:58.687,System.Byte[],Waived current late fee 1.
,157365,1495,51025,841344,1791,517057,91,88,372456,10-07-2010 8:47:50.937,-15,FALSE,FALSE,01-02-1900 0:00:00.000,,,10-07-2010 8:47:58.687,System.Byte[],Waived current late fee 1.
,157492,1495,51055,842043,44332,517503,91,88,372556,10-08-2010 10:14:03.063,15,FALSE,FALSE,01-02-1900 0:00:00.000,,,10-08-2010 10:14:27.797,System.Byte[],Waived current late fee 1.
,157493,1495,51055,842043,44332,517503,91,88,372556,10-08-2010 10:14:03.063,-15,FALSE,FALSE,01-02-1900 0:00:00.000,,,10-08-2010 10:14:27.797,System.Byte[],Waived current late fee 1.
,157922,1495,51146,844088,1671,518768,91,88,372846,10-11-2010 16:49:52.843,15,FALSE,FALSE,01-02-1900 0:00:00.000,,,10-11-2010 16:50:23.017,System.Byte[],Waived current late fee 2.
,157923,1495,51146,844088,1671,518768,91,88,372846,10-11-2010 16:49:52.843,-15,FALSE,FALSE,01-02-1900 0:00:00.000,,,10-11-2010 16:50:23.017,System.Byte[],Waived current late fee 2.
,157924,1495,51146,844089,1671,518768,91,88,372847,10-11-2010 16:49:52.843,15,FALSE,FALSE,01-02-1900 0:00:00.000,,,10-11-2010 16:50:23.017,System.Byte[],Waived current late fee 2.
,157925,1495,51146,844089,1671,518768,91,88,372847,10-11-2010 16:49:52.843,-15,FALSE,FALSE,01-02-1900 0:00:00.000,,,10-11-2010 16:50:23.017,System.Byte[],Waived current late fee 2.
,158150,1495,51173,844760,1713,519143,91,88,372960,10-13-2010 8:39:36.250,15,FALSE,FALSE,01-02-1900 0:00:00.000,,,10-13-2010 8:39:45.800,System.Byte[],Waived current late fee 1.
,158151,1495,51173,844760,1713,519143,91,88,372960,10-13-2010 8:39:36.250,-15,FALSE,FALSE,01-02-1900 0:00:00.000,,,10-13-2010 8:39:45.800,System.Byte[],Waived current late fee 1.
,158295,1495,51201,845334,34536,519497,93,88,373026,10-14-2010 9:17:19.730,15,FALSE,FALSE,01-02-1900 0:00:00.000,,,10-14-2010 9:17:30.947,System.Byte[],Waived current late fee 1.
,158296,1495,51201,845334,34536,519497,93,88,373026,10-14-2010 9:17:19.730,-15,FALSE,FALSE,01-02-1900 0:00:00.000,,,10-14-2010 9:17:30.947,System.Byte[],Waived current late fee 1.
,158451,1495,51229,845816,37122,519790,93,88,373107,10-15-2010 9:56:03.030,15,FALSE,FALSE,01-02-1900 0:00:00.000,,,10-15-2010 9:56:06.030,System.Byte[],Waived current late fee 1.
,158452,1495,51229,845816,37122,519790,93,88,373107,10-15-2010 9:56:03.030,-15,FALSE,FALSE,01-02-1900 0:00:00.000,,,10-15-2010 9:56:06.033,System.Byte[],Waived current late fee 1.
,158782,1495,51292,847929,22377,521061,93,88,373727,10-18-2010 16:41:27.233,15,FALSE,FALSE,01-02-1900 0:00:00.000,,,10-18-2010 16:41:43.190,System.Byte[],Waived current late fee 1.
,158783,1495,51292,847929,22377,521061,93,88,373727,10-18-2010 16:41:27.233,-15,FALSE,FALSE,01-02-1900 0:00:00.000,,,10-18-2010 16:41:43.190,System.Byte[],Waived current late fee 1.
,158970,1495,51349,848846,1604,521531,91,88,373839,10-20-2010 13:56:33.483,15,FALSE,FALSE,01-02-1900 0:00:00.000,,,10-20-2010 13:56:21.113,System.Byte[],Waived current late fee 2.
,158971,1495,51349,848846,1604,521531,91,88,373839,10-20-2010 13:56:33.483,-15,FALSE,FALSE,01-02-1900 0:00:00.000,,,10-20-2010 13:56:21.113,System.Byte[],Waived current late fee 2.
,158972,1495,51349,848847,1608,521531,91,88,373840,10-20-2010 13:56:33.483,15,FALSE,FALSE,01-02-1900 0:00:00.000,,,10-20-2010 13:56:21.113,System.Byte[],Waived current late fee 2.
,158973,1495,51349,848847,1608,521531,91,88,373840,10-20-2010 13:56:33.483,-15,FALSE,FALSE,01-02-1900 0:00:00.000,,,10-20-2010 13:56:21.113,System.Byte[],Waived current late fee 2.
,159344,1495,51432,850596,33032,522471,93,88,374125,10-23-2010 10:23:38.343,15,FALSE,FALSE,01-02-1900 0:00:00.000,,,10-23-2010 10:23:26.540,System.Byte[],Waived current late fee 1.
,159345,1495,51432,850596,33032,522471,93,88,374125,10-23-2010 10:23:38.343,-15,FALSE,FALSE,01-02-1900 0:00:00.000,,,10-23-2010 10:23:26.540,System.Byte[],Waived current late fee 1.
,166122,1495,51522,860571,1773,528695,91,88,377141,10-27-2010 12:08:25.220,15,FALSE,FALSE,01-02-1900 0:00:00.000,,,10-27-2010 12:08:27.287,System.Byte[],Waived current late fee 1.
,166123,1495,51522,860571,1773,528695,91,88,377141,10-27-2010 12:08:25.220,-15,FALSE,FALSE,01-02-1900 0:00:00.000,,,10-27-2010 12:08:27.287,System.Byte[],Waived current late fee 1.
,166368,1495,52298,861137,45715,529005,91,88,377279,10-28-2010 11:15:57.313,15,FALSE,FALSE,01-02-1900 0:00:00.000,,,10-28-2010 11:15:59.990,System.Byte[],Waived current late fee 1.
,166369,1495,52298,861137,45715,529005,91,88,377279,10-28-2010 11:15:57.313,-15,FALSE,FALSE,01-02-1900 0:00:00.000,,,10-28-2010 11:15:59.990,System.Byte[],Waived current late fee 1.
,166392,1495,52298,861425,22003,529122,91,88,377312,10-28-2010 14:45:52.907,15,FALSE,FALSE,01-02-1900 0:00:00.000,,,10-28-2010 14:45:55.560,System.Byte[],Waived current late fee 2.
,166393,1495,52298,861425,22003,529122,91,88,377312,10-28-2010 14:45:52.907,-15,FALSE,FALSE,01-02-1900 0:00:00.000,,,10-28-2010 14:45:55.560,System.Byte[],Waived current late fee 2.
,166394,1495,52298,861426,22003,529122,91,88,377313,10-28-2010 14:45:52.907,15,FALSE,FALSE,01-02-1900 0:00:00.000,,,10-28-2010 14:45:55.560,System.Byte[],Waived current late fee 2.
,166395,1495,52298,861426,22003,529122,91,88,377313,10-28-2010 14:45:52.907,-15,FALSE,FALSE,01-02-1900 0:00:00.000,,,10-28-2010 14:45:55.560,System.Byte[],Waived current late fee 2.
,167075,1495,52458,867054,1662,533117,91,88,377920,11-03-2010 11:13:30.617,15,FALSE,FALSE,01-02-1900 0:00:00.000,,,11-03-2010 12:13:33.513,System.Byte[],Waived current late fee 2.
,167076,1495,52458,867054,1662,533117,91,88,377920,11-03-2010 11:13:30.617,-15,FALSE,FALSE,01-02-1900 0:00:00.000,,,11-03-2010 12:13:33.513,System.Byte[],Waived current late fee 2.
,167077,1495,52458,867055,1662,533117,91,88,377921,11-03-2010 11:13:30.630,15,FALSE,FALSE,01-02-1900 0:00:00.000,,,11-03-2010 12:13:33.513,System.Byte[],Waived current late fee 2.
,167078,1495,52458,867055,1662,533117,91,88,377921,11-03-2010 11:13:30.630,-15,FALSE,FALSE,01-02-1900 0:00:00.000,,,11-03-2010 12:13:33.513,System.Byte[],Waived current late fee 2.
,167195,1495,52492,868105,45746,533853,91,88,378065,11-04-2010 11:20:35.490,15,FALSE,FALSE,01-02-1900 0:00:00.000,,,11-04-2010 12:20:50.537,System.Byte[],Waived current late fee 2.
,167196,1495,52492,868105,45746,533853,91,88,378065,11-04-2010 11:20:35.490,-15,FALSE,FALSE,01-02-1900 0:00:00.000,,,11-04-2010 12:20:50.537,System.Byte[],Waived current late fee 2.
,167229,1495,52492,868245,1719,533939,91,88,378094,11-04-2010 12:45:58.617,15,FALSE,FALSE,01-02-1900 0:00:00.000,,,11-04-2010 13:46:02.030,System.Byte[],Waived current late fee 1.
,167230,1495,52492,868245,1719,533939,91,88,378094,11-04-2010 12:45:58.617,-15,FALSE,FALSE,01-02-1900 0:00:00.000,,,11-04-2010 13:46:02.030,System.Byte[],Waived current late fee 1.
,167299,1495,52530,868811,44219,534299,93,88,378172,11-05-2010 9:00:58.180,15,FALSE,FALSE,01-02-1900 0:00:00.000,,,11-05-2010 10:01:00.807,System.Byte[],Waived current late fee 1.
,167300,1495,52530,868811,44219,534299,93,88,378172,11-05-2010 9:00:58.180,-15,FALSE,FALSE,01-02-1900 0:00:00.000,,,11-05-2010 10:01:00.807,System.Byte[],Waived current late fee 1.
,167668,1495,52595,870946,1641,535683,93,88,378475,11-08-2010 16:07:30.077,15,FALSE,FALSE,01-02-1900 0:00:00.000,,,11-08-2010 16:07:33.590,System.Byte[],Waived current late fee 1.
,167669,1495,52595,870946,1641,535683,93,88,378475,11-08-2010 16:07:30.077,-15,FALSE,FALSE,01-02-1900 0:00:00.000,,,11-08-2010 16:07:33.590,System.Byte[],Waived current late fee 1.
,167672,1495,52595,870962,1625,535694,93,88,378477,11-08-2010 16:23:08.407,15,FALSE,FALSE,01-02-1900 0:00:00.000,,,11-08-2010 16:23:12.007,System.Byte[],Waived current late fee 2.
,167673,1495,52595,870962,1625,535694,93,88,378477,11-08-2010 16:23:08.407,-15,FALSE,FALSE,01-02-1900 0:00:00.000,,,11-08-2010 16:23:12.007,System.Byte[],Waived current late fee 2.
,168356,1495,52717,873528,1624,537239,93,88,378866,11-12-2010 15:07:49.017,15,FALSE,FALSE,01-02-1900 0:00:00.000,,,11-12-2010 15:09:10.540,System.Byte[],Waived current late fee 2.
,168357,1495,52717,873528,1624,537239,93,88,378866,11-12-2010 15:07:49.017,-15,FALSE,FALSE,01-02-1900 0:00:00.000,,,11-12-2010 15:09:10.543,System.Byte[],Waived current late fee 2.
,168486,1495,52753,873908,1713,537430,95,88,378929,11-13-2010 9:14:04.750,15,FALSE,FALSE,01-02-1900 0:00:00.000,,,11-13-2010 9:14:09.337,System.Byte[],Waived current late fee 1.
,168487,1495,52753,873908,1713,537430,95,88,378929,11-13-2010 9:14:04.750,-15,FALSE,FALSE,01-02-1900 0:00:00.000,,,11-13-2010 9:14:09.337,System.Byte[],Waived current late fee 1.
,168670,1495,52753,874345,1509,537603,95,88,378957,11-13-2010 12:53:14.593,15,FALSE,FALSE,01-02-1900 0:00:00.000,,,11-13-2010 12:53:19.060,System.Byte[],Waived current late fee 1.
,168671,1495,52753,874345,1509,537603,95,88,378957,11-13-2010 12:53:14.593,-15,FALSE,FALSE,01-02-1900 0:00:00.000,,,11-13-2010 12:53:19.060,System.Byte[],Waived current late fee 1.
,169372,1495,52852,876579,1804,538749,91,88,379376,11-17-2010 11:20:05.577,15,FALSE,FALSE,01-02-1900 0:00:00.000,,,11-17-2010 11:20:21.220,System.Byte[],Waived current late fee 1.
,169373,1495,52852,876579,1804,538749,91,88,379376,11-17-2010 11:20:05.577,-15,FALSE,FALSE,01-02-1900 0:00:00.000,,,11-17-2010 11:20:21.220,System.Byte[],Waived current late fee 1.
,169935,1495,52983,878930,1507,540020,93,88,379832,11-22-2010 10:30:31.257,15,FALSE,FALSE,01-02-1900 0:00:00.000,,,11-22-2010 10:31:03.320,System.Byte[],Waived current late fee 2.
,169936,1495,52983,878930,1507,540020,93,88,379832,11-22-2010 10:30:31.257,-15,FALSE,FALSE,01-02-1900 0:00:00.000,,,11-22-2010 10:31:03.320,System.Byte[],Waived current late fee 2.
,170833,1495,53078,881867,45715,541658,95,88,380476,11-27-2010 11:55:54.030,15,FALSE,FALSE,01-02-1900 0:00:00.000,,,11-27-2010 11:56:07.640,System.Byte[],Waived current late fee 1.
,170834,1495,53078,881867,45715,541658,95,88,380476,11-27-2010 11:55:54.030,-15,FALSE,FALSE,01-02-1900 0:00:00.000,,,11-27-2010 11:56:07.640,System.Byte[],Waived current late fee 1.
,171314,1495,53159,884198,47798,543033,93,88,380857,11-30-2010 15:25:23.463,15,FALSE,FALSE,01-02-1900 0:00:00.000,,,11-30-2010 15:25:42.333,System.Byte[],Waived current late fee 1.
,171315,1495,53159,884198,47798,543033,93,88,380857,11-30-2010 15:25:23.463,-15,FALSE,FALSE,01-02-1900 0:00:00.000,,,11-30-2010 15:25:42.333,System.Byte[],Waived current late fee 1.
,171917,1495,53297,889937,8213,547195,91,88,381521,12-04-2010 9:10:22.963,15,FALSE,FALSE,01-02-1900 0:00:00.000,,,12-04-2010 9:10:26.480,System.Byte[],Waived current late fee 1.
,171918,1495,53297,889937,8213,547195,91,88,381521,12-04-2010 9:10:22.963,-15,FALSE,FALSE,01-02-1900 0:00:00.000,,,12-04-2010 9:10:26.483,System.Byte[],Waived current late fee 1.
,172237,1495,53326,891334,1633,548148,93,88,381774,12-06-2010 13:54:32.297,15,FALSE,FALSE,01-02-1900 0:00:00.000,,,12-06-2010 13:54:35.710,System.Byte[],Waived current late fee 1.
,172238,1495,53326,891334,1633,548148,93,88,381774,12-06-2010 13:54:32.297,-15,FALSE,FALSE,01-02-1900 0:00:00.000,,,12-06-2010 13:54:35.710,System.Byte[],Waived current late fee 1.
,174212,1495,53680,899231,1814,552720,91,88,383079,12-18-2010 9:00:55.313,15,FALSE,FALSE,01-02-1900 0:00:00.000,,,12-18-2010 9:01:02.517,System.Byte[],Waived current late fee 1.
,174213,1495,53680,899231,1814,552720,91,88,383079,12-18-2010 9:00:55.313,-15,FALSE,FALSE,01-02-1900 0:00:00.000,,,12-18-2010 9:01:02.517,System.Byte[],Waived current late fee 1.
,174656,1495,53816,901678,1651,554146,93,88,383407,12-23-2010 12:33:22.220,15,FALSE,FALSE,01-02-1900 0:00:00.000,,,12-23-2010 12:34:02.697,System.Byte[],Waived current late fee 1.
,174657,1495,53816,901678,1651,554146,93,88,383407,12-23-2010 12:33:22.220,-15,FALSE,FALSE,01-02-1900 0:00:00.000,,,12-23-2010 12:34:02.697,System.Byte[],Waived current late fee 1.
,174818,1495,53849,902789,1684,554753,91,88,383544,12-27-2010 13:30:07.923,15,FALSE,FALSE,01-02-1900 0:00:00.000,,,12-27-2010 13:41:19.403,System.Byte[],Waived current late fee 1.
,174819,1495,53849,902789,1684,554753,91,88,383544,12-27-2010 13:30:07.923,-15,FALSE,FALSE,01-02-1900 0:00:00.000,,,12-27-2010 13:41:19.403,System.Byte[],Waived current late fee 1.
,175462,1495,54000,907663,1801,557949,93,88,384196,01-03-2011 9:40:01.987,15,FALSE,FALSE,01-02-1900 0:00:00.000,,,01-03-2011 9:40:04.693,System.Byte[],Waived current late fee 1.
,175463,1495,54000,907663,1801,557949,93,88,384196,01-03-2011 9:40:01.987,-15,FALSE,FALSE,01-02-1900 0:00:00.000,,,01-03-2011 9:40:04.697,System.Byte[],Waived current late fee 1.
,175945,1495,54148,913282,1538,561895,91,88,385058,01-06-2011 11:17:33.530,15,FALSE,FALSE,01-02-1900 0:00:00.000,,,01-06-2011 11:17:36.467,System.Byte[],Waived current late fee 1.
,175946,1495,54148,913282,1538,561895,91,88,385058,01-06-2011 11:17:33.530,-15,FALSE,FALSE,01-02-1900 0:00:00.000,,,01-06-2011 11:17:36.467,System.Byte[],Waived current late fee 1.
,176156,1495,54183,914072,1785,562361,91,88,385179,01-07-2011 8:16:45.603,15,FALSE,FALSE,01-02-1900 0:00:00.000,,,01-07-2011 8:16:47.763,System.Byte[],Waived current late fee 1.
,176157,1495,54183,914072,1785,562361,91,88,385179,01-07-2011 8:16:45.603,-15,FALSE,FALSE,01-02-1900 0:00:00.000,,,01-07-2011 8:16:47.763,System.Byte[],Waived current late fee 1.
,177566,1495,54380,919781,1662,565710,91,88,386276,01-14-2011 13:14:43.850,15,FALSE,FALSE,01-02-1900 0:00:00.000,,,01-14-2011 13:14:45.837,System.Byte[],Waived current late fee 1.
,177567,1495,54380,919781,1662,565710,91,88,386276,01-14-2011 13:14:43.850,-15,FALSE,FALSE,01-02-1900 0:00:00.000,,,01-14-2011 13:14:45.837,System.Byte[],Waived current late fee 1.
,178074,1495,54485,921858,1570,566893,93,88,386617,01-18-2011 15:42:23.750,15,FALSE,FALSE,01-02-1900 0:00:00.000,,,01-18-2011 15:42:26.590,System.Byte[],Waived current late fee 2.
,178075,1495,54485,921858,1570,566893,93,88,386617,01-18-2011 15:42:23.750,-15,FALSE,FALSE,01-02-1900 0:00:00.000,,,01-18-2011 15:42:26.590,System.Byte[],Waived current late fee 2.
,178648,1495,54587,923811,1509,567931,91,88,386929,01-21-2011 13:54:20.637,15,FALSE,FALSE,01-02-1900 0:00:00.000,,,01-21-2011 13:54:23.547,System.Byte[],Waived current late fee 2.
,178649,1495,54587,923811,1509,567931,91,88,386929,01-21-2011 13:54:20.637,-15,FALSE,FALSE,01-02-1900 0:00:00.000,,,01-21-2011 13:54:23.547,System.Byte[],Waived current late fee 2.
,178861,1495,54663,924926,22379,568517,93,88,387074,01-24-2011 9:39:17.340,15,FALSE,FALSE,01-02-1900 0:00:00.000,,,01-24-2011 9:39:32.650,System.Byte[],Waived current late fee 1.
,178862,1495,54663,924926,22379,568517,93,88,387074,01-24-2011 9:39:17.340,-15,FALSE,FALSE,01-02-1900 0:00:00.000,,,01-24-2011 9:39:32.650,System.Byte[],Waived current late fee 1.
,179101,1495,54698,925839,1684,568982,93,88,387232,01-25-2011 11:13:47.813,15,FALSE,FALSE,01-02-1900 0:00:00.000,,,01-25-2011 11:14:05.393,System.Byte[],Waived current late fee 1.
,179102,1495,54698,925839,1684,568982,93,88,387232,01-25-2011 11:13:47.813,-15,FALSE,FALSE,01-02-1900 0:00:00.000,,,01-25-2011 11:14:05.393,System.Byte[],Waived current late fee 1.
,179251,1495,54732,926530,1662,569339,91,88,387320,01-26-2011 13:16:15.313,15,FALSE,FALSE,01-02-1900 0:00:00.000,,,01-26-2011 13:16:50.340,System.Byte[],Waived current late fee 2.
,179252,1495,54732,926530,1662,569339,91,88,387320,01-26-2011 13:16:15.313,-15,FALSE,FALSE,01-02-1900 0:00:00.000,,,01-26-2011 13:16:50.340,System.Byte[],Waived current late fee 2.
,179399,1495,54765,927106,1686,569660,91,88,387382,01-27-2011 13:25:31.437,15,FALSE,FALSE,01-02-1900 0:00:00.000,,,01-27-2011 13:25:33.737,System.Byte[],Waived current late fee 1.
,179400,1495,54765,927106,1686,569660,91,88,387382,01-27-2011 13:25:31.437,-15,FALSE,FALSE,01-02-1900 0:00:00.000,,,01-27-2011 13:25:33.737,System.Byte[],Waived current late fee 1.
,179841,1495,54874,929356,47770,570934,91,88,387718,01-31-2011 10:46:45.687,15,FALSE,FALSE,01-02-1900 0:00:00.000,,,01-31-2011 10:47:04.830,System.Byte[],Waived current late fee 1.
,179842,1495,54874,929356,47770,570934,91,88,387718,01-31-2011 10:46:45.687,-15,FALSE,FALSE,01-02-1900 0:00:00.000,,,01-31-2011 10:47:04.830,System.Byte[],Waived current late fee 1.
,180498,1495,55020,935803,1704,575524,93,88,388215,02-04-2011 9:56:27.377,15,FALSE,FALSE,01-02-1900 0:00:00.000,,,02-04-2011 9:56:50.800,System.Byte[],Waived current late fee 1.
,180499,1495,55020,935803,1704,575524,93,88,388215,02-04-2011 9:56:27.377,-15,FALSE,FALSE,01-02-1900 0:00:00.000,,,02-04-2011 9:56:50.800,System.Byte[],Waived current late fee 1.
,180653,1495,55057,937256,1550,576467,93,88,388358,02-05-2011 11:56:29.183,1,FALSE,FALSE,01-02-1900 0:00:00.000,,,02-05-2011 11:56:31.377,System.Byte[],Waived current late fee 2.
,180654,1495,55057,937256,1550,576467,93,88,388358,02-05-2011 11:56:29.183,-1,FALSE,FALSE,01-02-1900 0:00:00.000,,,02-05-2011 11:56:31.377,System.Byte[],Waived current late fee 2.
,181165,1495,55139,939646,34518,577953,93,88,388760,02-08-2011 11:46:26.983,15,FALSE,FALSE,01-02-1900 0:00:00.000,,,02-08-2011 11:46:40.757,System.Byte[],Waived current late fee 1.
,181166,1495,55139,939646,34518,577953,93,88,388760,02-08-2011 11:46:26.983,-15,FALSE,FALSE,01-02-1900 0:00:00.000,,,02-08-2011 11:46:40.757,System.Byte[],Waived current late fee 1.
,181209,1495,55139,939743,1570,577999,93,88,388782,02-08-2011 12:18:40.187,15,FALSE,FALSE,01-02-1900 0:00:00.000,,,02-08-2011 12:18:41.760,System.Byte[],Waived current late fee 1.
,181210,1495,55139,939743,1570,577999,93,88,388782,02-08-2011 12:18:40.187,-15,FALSE,FALSE,01-02-1900 0:00:00.000,,,02-08-2011 12:18:41.760,System.Byte[],Waived current late fee 1.
,181461,1495,55179,940609,44197,578477,91,88,388982,02-09-2011 10:25:26.517,15,FALSE,FALSE,01-02-1900 0:00:00.000,,,02-09-2011 10:25:28.220,System.Byte[],Waived current late fee 1.
,181462,1495,55179,940609,44197,578477,91,88,388982,02-09-2011 10:25:26.517,-15,FALSE,FALSE,01-02-1900 0:00:00.000,,,02-09-2011 10:25:28.220,System.Byte[],Waived current late fee 1.
,181954,1495,55247,942548,8227,579587,93,88,389289,02-11-2011 13:41:03.983,15,FALSE,FALSE,01-02-1900 0:00:00.000,,,02-11-2011 13:41:06.777,System.Byte[],Waived current late fee 1.
,181955,1495,55247,942548,8227,579587,93,88,389289,02-11-2011 13:41:03.983,-15,FALSE,FALSE,01-02-1900 0:00:00.000,,,02-11-2011 13:41:06.777,System.Byte[],Waived current late fee 1.
,182086,1495,55287,943045,1623,579879,91,88,389381,02-12-2011 10:31:24.343,1,FALSE,FALSE,01-02-1900 0:00:00.000,,,02-12-2011 10:31:40.190,System.Byte[],Waived current late fee 1.
,182087,1495,55287,943045,1623,579879,91,88,389381,02-12-2011 10:31:24.343,-1,FALSE,FALSE,01-02-1900 0:00:00.000,,,02-12-2011 10:31:40.193,System.Byte[],Waived current late fee 1.
,182096,1495,55287,943078,1707,579892,91,88,389397,02-12-2011 11:08:14.017,15,FALSE,FALSE,01-02-1900 0:00:00.000,,,02-12-2011 11:08:16.667,System.Byte[],Waived current late fee 1.
,182097,1495,55287,943078,1707,579892,91,88,389397,02-12-2011 11:08:14.017,-15,FALSE,FALSE,01-02-1900 0:00:00.000,,,02-12-2011 11:08:16.667,System.Byte[],Waived current late fee 1.
,182869,1495,55394,945588,1712,581240,91,88,389747,02-16-2011 14:54:16.140,15,FALSE,FALSE,01-02-1900 0:00:00.000,,,02-16-2011 14:54:19.250,System.Byte[],Waived current late fee 1.
,182870,1495,55394,945588,1712,581240,91,88,389747,02-16-2011 14:54:16.140,-15,FALSE,FALSE,01-02-1900 0:00:00.000,,,02-16-2011 14:54:19.250,System.Byte[],Waived current late fee 1.
,183337,1495,55536,947707,21889,582279,93,88,390035,02-19-2011 13:59:14.233,15,FALSE,FALSE,01-02-1900 0:00:00.000,,,02-19-2011 13:59:18.217,System.Byte[],Waived current late fee 2.
,183338,1495,55536,947707,21889,582279,93,88,390035,02-19-2011 13:59:14.233,-15,FALSE,FALSE,01-02-1900 0:00:00.000,,,02-19-2011 13:59:18.217,System.Byte[],Waived current late fee 2.
,184904,1495,55828,956866,22003,588224,93,88,391032,03-01-2011 16:32:26.797,15,FALSE,FALSE,01-02-1900 0:00:00.000,,,03-01-2011 16:32:29.727,System.Byte[],Waived current late fee 2.
,184905,1495,55828,956866,22003,588224,93,88,391032,03-01-2011 16:32:26.797,-15,FALSE,FALSE,01-02-1900 0:00:00.000,,,03-01-2011 16:32:29.727,System.Byte[],Waived current late fee 2.
,186557,1495,56123,965328,50170,593638,93,88,392212,03-10-2011 16:35:17.127,15,FALSE,FALSE,01-02-1900 0:00:00.000,,,03-10-2011 16:35:40.780,System.Byte[],Waived current late fee 2.
,186558,1495,56123,965328,50170,593638,93,88,392212,03-10-2011 16:35:17.127,-15,FALSE,FALSE,01-02-1900 0:00:00.000,,,03-10-2011 16:35:40.780,System.Byte[],Waived current late fee 2.
,186559,1495,56123,965329,50170,593638,93,88,392213,03-10-2011 16:35:17.157,15,FALSE,FALSE,01-02-1900 0:00:00.000,,,03-10-2011 16:35:40.780,System.Byte[],Waived current late fee 2.
,186560,1495,56123,965329,50170,593638,93,88,392213,03-10-2011 16:35:17.157,-15,FALSE,FALSE,01-02-1900 0:00:00.000,,,03-10-2011 16:35:40.780,System.Byte[],Waived current late fee 2.
,187052,1495,56195,967176,1713,594645,93,88,392466,03-14-2011 8:29:36.360,15,FALSE,FALSE,01-02-1900 0:00:00.000,,,03-14-2011 9:29:39.827,System.Byte[],Waived current late fee 1.
,187053,1495,56195,967176,1713,594645,93,88,392466,03-14-2011 8:29:36.360,-15,FALSE,FALSE,01-02-1900 0:00:00.000,,,03-14-2011 9:29:39.827,System.Byte[],Waived current late fee 1.
,187080,1495,56195,967228,1712,594677,93,88,392476,03-14-2011 9:56:42.687,15,FALSE,FALSE,01-02-1900 0:00:00.000,,,03-14-2011 10:56:46.470,System.Byte[],Waived current late fee 1.
,187081,1495,56195,967228,1712,594677,93,88,392476,03-14-2011 9:56:42.687,-15,FALSE,FALSE,01-02-1900 0:00:00.000,,,03-14-2011 10:56:46.470,System.Byte[],Waived current late fee 1.
,188594,1495,56418,971656,1651,597108,93,88,393310,03-21-2011 13:15:05.750,15,FALSE,FALSE,01-02-1900 0:00:00.000,,,03-21-2011 14:15:08.453,System.Byte[],Waived current late fee 1.
,188595,1495,56418,971656,1651,597108,93,88,393310,03-21-2011 13:15:05.750,-15,FALSE,FALSE,01-02-1900 0:00:00.000,,,03-21-2011 14:15:08.453,System.Byte[],Waived current late fee 1.
,189206,1495,56564,973875,1601,598215,91,88,393636,03-24-2011 16:20:46.750,15,FALSE,FALSE,01-02-1900 0:00:00.000,,,03-24-2011 17:20:58.687,System.Byte[],Waived current late fee 1.
,189207,1495,56564,973875,1601,598215,91,88,393636,03-24-2011 16:20:46.750,-15,FALSE,FALSE,01-02-1900 0:00:00.000,,,03-24-2011 17:20:58.690,System.Byte[],Waived current late fee 1.
,189367,1495,56564,974401,1633,598508,93,88,393739,03-25-2011 14:27:50.343,15,FALSE,FALSE,01-02-1900 0:00:00.000,,,03-25-2011 15:27:54.930,System.Byte[],Waived current late fee 1.
,189368,1495,56564,974401,1633,598508,93,88,393739,03-25-2011 14:27:50.343,-15,FALSE,FALSE,01-02-1900 0:00:00.000,,,03-25-2011 15:27:54.930,System.Byte[],Waived current late fee 1.
,189551,1495,56595,974949,1544,598771,91,88,393845,03-26-2011 10:57:16.483,15,FALSE,FALSE,01-02-1900 0:00:00.000,,,03-26-2011 11:57:36.117,System.Byte[],Waived current late fee 1.
,189552,1495,56595,974949,1544,598771,91,88,393845,03-26-2011 10:57:16.483,-15,FALSE,FALSE,01-02-1900 0:00:00.000,,,03-26-2011 11:57:36.117,System.Byte[],Waived current late fee 1.
,191044,1495,56860,983725,8222,604775,91,88,394986,04-04-2011 11:12:20.953,15,FALSE,FALSE,01-02-1900 0:00:00.000,,,04-04-2011 11:12:23.283,System.Byte[],Waived current late fee 1.
,191045,1495,56860,983725,8222,604775,91,88,394986,04-04-2011 11:12:20.953,-15,FALSE,FALSE,01-02-1900 0:00:00.000,,,04-04-2011 11:12:23.283,System.Byte[],Waived current late fee 1.
,191064,1495,56860,984062,1506,605021,91,88,395013,04-04-2011 13:46:42.627,15,FALSE,FALSE,01-02-1900 0:00:00.000,,,04-04-2011 13:47:16.310,System.Byte[],Waived current late fee 1.
,191065,1495,56860,984062,1506,605021,91,88,395013,04-04-2011 13:46:42.627,-15,FALSE,FALSE,01-02-1900 0:00:00.000,,,04-04-2011 13:47:16.310,System.Byte[],Waived current late fee 1.
,191795,1495,57010,988018,1803,607655,95,88,395592,04-08-2011 14:26:59.360,15,FALSE,FALSE,01-02-1900 0:00:00.000,,,04-08-2011 14:27:12.343,System.Byte[],Waived current late fee 1.
,191796,1495,57010,988018,1803,607655,95,88,395592,04-08-2011 14:26:59.360,-15,FALSE,FALSE,01-02-1900 0:00:00.000,,,04-08-2011 14:27:12.343,System.Byte[],Waived current late fee 1.
,192021,1495,57086,989329,1772,608454,93,88,395780,04-11-2011 10:34:48.250,15,FALSE,FALSE,01-02-1900 0:00:00.000,,,04-11-2011 10:34:53.303,System.Byte[],Waived current late fee 1.
,192022,1495,57086,989329,1772,608454,93,88,395780,04-11-2011 10:34:48.250,-15,FALSE,FALSE,01-02-1900 0:00:00.000,,,04-11-2011 10:34:53.303,System.Byte[],Waived current late fee 1.
,192175,1495,57086,989780,1605,608730,93,88,395879,04-11-2011 16:12:43.917,15,FALSE,FALSE,01-02-1900 0:00:00.000,,,04-11-2011 16:12:52.477,System.Byte[],Waived current late fee 1.
,192176,1495,57086,989780,1605,608730,93,88,395879,04-11-2011 16:12:43.917,-15,FALSE,FALSE,01-02-1900 0:00:00.000,,,04-11-2011 16:12:52.477,System.Byte[],Waived current late fee 1.
,192865,1495,57130,990618,1785,609104,93,88,395940,04-12-2011 15:25:13.153,15,FALSE,FALSE,01-02-1900 0:00:00.000,,,04-12-2011 15:25:32.333,System.Byte[],Waived current late fee 1.
,192866,1495,57130,990618,1785,609104,93,88,395940,04-12-2011 15:25:13.153,-15,FALSE,FALSE,01-02-1900 0:00:00.000,,,04-12-2011 15:25:32.333,System.Byte[],Waived current late fee 1.
,192873,1495,57130,990655,48488,609121,93,88,395948,04-12-2011 16:10:06.887,15,FALSE,FALSE,01-02-1900 0:00:00.000,,,04-12-2011 16:10:22.097,System.Byte[],Waived current late fee 2.
,192874,1495,57130,990655,48488,609121,93,88,395948,04-12-2011 16:10:06.887,-15,FALSE,FALSE,01-02-1900 0:00:00.000,,,04-12-2011 16:10:22.097,System.Byte[],Waived current late fee 2.
,193459,1495,57234,992313,1819,610076,91,88,396296,04-15-2011 8:00:19.807,10,FALSE,FALSE,01-02-1900 0:00:00.000,,,04-15-2011 8:00:23.503,System.Byte[],Waived current late fee 1.
,193460,1495,57234,992313,1819,610076,91,88,396296,04-15-2011 8:00:19.807,-10,FALSE,FALSE,01-02-1900 0:00:00.000,,,04-15-2011 8:00:23.503,System.Byte[],Waived current late fee 1.
,194988,1495,57455,997192,1724,612832,93,88,397065,04-23-2011 12:52:09.390,15,FALSE,FALSE,01-02-1900 0:00:00.000,,,04-23-2011 12:52:13.260,System.Byte[],Waived current late fee 1.
,194989,1495,57455,997192,1724,612832,93,88,397065,04-23-2011 12:52:09.390,-15,FALSE,FALSE,01-02-1900 0:00:00.000,,,04-23-2011 12:52:13.260,System.Byte[],Waived current late fee 1.
,196043,1495,57695,1001971,35603,615580,95,88,397698,04-30-2011 13:02:18.313,15,FALSE,FALSE,01-02-1900 0:00:00.000,,,04-30-2011 13:02:31.267,System.Byte[],Waived current late fee 1.
,196044,1495,57695,1001971,35603,615580,95,88,397698,04-30-2011 13:02:18.313,-15,FALSE,FALSE,01-02-1900 0:00:00.000,,,04-30-2011 13:02:31.267,System.Byte[],Waived current late fee 1.
,196619,1495,57811,1006885,33237,619312,93,88,398081,05-03-2011 17:54:09.297,15,FALSE,FALSE,01-02-1900 0:00:00.000,,,05-03-2011 17:55:15.360,System.Byte[],Waived current late fee 1.
,196620,1495,57811,1006885,33237,619312,93,88,398081,05-03-2011 17:54:09.297,-15,FALSE,FALSE,01-02-1900 0:00:00.000,,,05-03-2011 17:55:15.360,System.Byte[],Waived current late fee 1.
,197223,1495,57923,1010640,54406,621721,93,88,398609,05-07-2011 9:18:47.640,15,FALSE,FALSE,01-02-1900 0:00:00.000,,,05-07-2011 9:18:54.860,System.Byte[],Waived current late fee 2.
,197224,1495,57923,1010640,54406,621721,93,88,398609,05-07-2011 9:18:47.640,-15,FALSE,FALSE,01-02-1900 0:00:00.000,,,05-07-2011 9:18:54.863,System.Byte[],Waived current late fee 2.
,197355,1495,57962,1011542,44381,622298,93,88,398705,05-09-2011 10:41:06.797,15,FALSE,FALSE,01-02-1900 0:00:00.000,,,05-09-2011 10:41:44.800,System.Byte[],Waived current late fee 1.
,197356,1495,57962,1011542,44381,622298,93,88,398705,05-09-2011 10:41:06.797,-15,FALSE,FALSE,01-02-1900 0:00:00.000,,,05-09-2011 10:41:44.803,System.Byte[],Waived current late fee 1.
,197423,1495,57962,1011927,1506,622542,93,88,398768,05-09-2011 15:24:51.437,15,FALSE,FALSE,01-02-1900 0:00:00.000,,,05-09-2011 15:25:00.317,System.Byte[],Waived current late fee 2.
,197424,1495,57962,1011927,1506,622542,93,88,398768,05-09-2011 15:24:51.437,-15,FALSE,FALSE,01-02-1900 0:00:00.000,,,05-09-2011 15:25:00.320,System.Byte[],Waived current late fee 2.
,197467,1495,58002,1012296,8212,622780,93,88,398816,05-10-2011 9:38:48.157,15,FALSE,FALSE,01-02-1900 0:00:00.000,,,05-10-2011 9:39:08.463,System.Byte[],Waived current late fee 1.
,197468,1495,58002,1012296,8212,622780,93,88,398816,05-10-2011 9:38:48.157,-15,FALSE,FALSE,01-02-1900 0:00:00.000,,,05-10-2011 9:39:08.463,System.Byte[],Waived current late fee 1.
,197469,1495,58002,1012297,1784,622780,93,88,398817,05-10-2011 9:38:48.173,15,FALSE,FALSE,01-02-1900 0:00:00.000,,,05-10-2011 9:39:08.463,System.Byte[],Waived current late fee 1.
,197470,1495,58002,1012297,1784,622780,93,88,398817,05-10-2011 9:38:48.173,-15,FALSE,FALSE,01-02-1900 0:00:00.000,,,05-10-2011 9:39:08.463,System.Byte[],Waived current late fee 1.
,197475,1495,58002,1012309,53565,622787,93,88,398821,05-10-2011 9:48:31.297,15,FALSE,FALSE,01-02-1900 0:00:00.000,,,05-10-2011 9:48:39.390,System.Byte[],Waived current late fee 2.
,197476,1495,58002,1012309,53565,622787,93,88,398821,05-10-2011 9:48:31.297,-15,FALSE,FALSE,01-02-1900 0:00:00.000,,,05-10-2011 9:48:39.390,System.Byte[],Waived current late fee 2.
,197477,1495,58002,1012310,53565,622787,93,88,398822,05-10-2011 9:48:31.297,15,FALSE,FALSE,01-02-1900 0:00:00.000,,,05-10-2011 9:48:39.390,System.Byte[],Waived current late fee 2.
,197478,1495,58002,1012310,53565,622787,93,88,398822,05-10-2011 9:48:31.297,-15,FALSE,FALSE,01-02-1900 0:00:00.000,,,05-10-2011 9:48:39.390,System.Byte[],Waived current late fee 2.
,199391,1495,58178,1017068,22314,625310,93,88,399720,05-16-2011 10:55:52.470,15,FALSE,FALSE,01-02-1900 0:00:00.000,,,05-16-2011 10:55:56.237,System.Byte[],Waived current late fee 1.
,199392,1495,58178,1017068,22314,625310,93,88,399720,05-16-2011 10:55:52.470,-15,FALSE,FALSE,01-02-1900 0:00:00.000,,,05-16-2011 10:55:56.237,System.Byte[],Waived current late fee 1.
,199467,1495,58178,1017294,54988,625441,93,88,399767,05-16-2011 13:49:36.157,15,FALSE,FALSE,01-02-1900 0:00:00.000,,,05-16-2011 13:49:39.520,System.Byte[],Waived current late fee 1.
,199468,1495,58178,1017294,54988,625441,93,88,399767,05-16-2011 13:49:36.157,-15,FALSE,FALSE,01-02-1900 0:00:00.000,,,05-16-2011 13:49:39.520,System.Byte[],Waived current late fee 1.
,199477,1495,58178,1017400,48619,625495,93,88,399772,05-16-2011 15:07:52.860,15,FALSE,FALSE,01-02-1900 0:00:00.000,,,05-16-2011 15:08:42.800,System.Byte[],Waived current late fee 1.
,199478,1495,58178,1017400,48619,625495,93,88,399772,05-16-2011 15:07:52.860,-15,FALSE,FALSE,01-02-1900 0:00:00.000,,,05-16-2011 15:08:42.800,System.Byte[],Waived current late fee 1.
,199507,1495,58222,1017517,53181,625558,93,88,399788,05-16-2011 16:46:38.813,15,FALSE,FALSE,01-02-1900 0:00:00.000,,,05-16-2011 16:46:41.930,System.Byte[],Waived current late fee 1.
,199508,1495,58222,1017517,53181,625558,93,88,399788,05-16-2011 16:46:38.813,-15,FALSE,FALSE,01-02-1900 0:00:00.000,,,05-16-2011 16:46:41.933,System.Byte[],Waived current late fee 1.
,200678,1495,58469,1022406,1633,628238,91,88,400522,05-25-2011 11:25:35.593,15,FALSE,FALSE,05-25-2011 11:25:39.813,,,05-25-2011 11:25:39.813,System.Byte[],Waived current late fee 1.
,200679,1495,58469,1022406,1633,628238,91,88,400522,05-25-2011 11:25:35.593,-15,FALSE,FALSE,05-25-2011 11:25:39.813,,,05-25-2011 11:25:39.813,System.Byte[],Waived current late fee 1.
,200700,1495,58469,1022501,54266,628305,91,88,400536,05-25-2011 13:30:35.500,15,FALSE,FALSE,05-25-2011 13:30:41.423,,,05-25-2011 13:30:41.423,System.Byte[],Waived current late fee 1.
,200701,1495,58469,1022501,54266,628305,91,88,400536,05-25-2011 13:30:35.500,-15,FALSE,FALSE,05-25-2011 13:30:41.423,,,05-25-2011 13:30:41.423,System.Byte[],Waived current late fee 1.
,201568,1495,58653,1028179,1726,632273,91,88,401127,06-01-2011 13:25:40.083,15,FALSE,FALSE,06-01-2011 13:25:45.340,,,06-01-2011 13:25:45.340,System.Byte[],Waived current late fee 1.
,201569,1495,58653,1028179,1726,632273,91,88,401127,06-01-2011 13:25:40.083,-15,FALSE,FALSE,06-01-2011 13:25:45.340,,,06-01-2011 13:25:45.340,System.Byte[],Waived current late fee 1.
,201600,1495,58653,1028423,1601,632440,91,88,401146,06-01-2011 14:23:34.237,15,FALSE,FALSE,06-01-2011 14:23:58.393,,,06-01-2011 14:23:58.393,System.Byte[],Waived current late fee 1.
,201601,1495,58653,1028423,1601,632440,91,88,401146,06-01-2011 14:23:34.237,-15,FALSE,FALSE,06-01-2011 14:23:58.393,,,06-01-2011 14:23:58.393,System.Byte[],Waived current late fee 1.
,201901,1495,58726,1030773,54562,634145,93,88,401334,06-03-2011 9:33:58.610,15,FALSE,FALSE,06-03-2011 9:34:24.760,,,06-03-2011 9:34:24.760,System.Byte[],Waived current late fee 1.
,201902,1495,58726,1030773,54562,634145,93,88,401334,06-03-2011 9:33:58.610,-15,FALSE,FALSE,06-03-2011 9:34:24.760,,,06-03-2011 9:34:24.760,System.Byte[],Waived current late fee 1.
,202051,1495,58726,1031555,54988,634666,93,88,401395,06-03-2011 15:52:25.377,15,FALSE,FALSE,06-03-2011 15:52:48.240,,,06-03-2011 15:52:48.240,System.Byte[],Waived current late fee 2.
,202052,1495,58726,1031555,54988,634666,93,88,401395,06-03-2011 15:52:25.377,-15,FALSE,FALSE,06-03-2011 15:52:48.240,,,06-03-2011 15:52:48.240,System.Byte[],Waived current late fee 2.
,202409,1495,58802,1033249,1684,635755,93,88,401583,06-06-2011 10:36:57.453,15,FALSE,FALSE,06-06-2011 10:37:19.077,,,06-06-2011 10:37:19.077,System.Byte[],Waived current late fee 2.
,202410,1495,58802,1033249,1684,635755,93,88,401583,06-06-2011 10:36:57.453,-15,FALSE,FALSE,06-06-2011 10:37:19.077,,,06-06-2011 10:37:19.077,System.Byte[],Waived current late fee 2.
,202411,1495,58802,1033250,1684,635755,93,88,401584,06-06-2011 10:36:57.657,15,FALSE,FALSE,06-06-2011 10:37:19.077,,,06-06-2011 10:37:19.077,System.Byte[],Waived current late fee 2.
,202412,1495,58802,1033250,1684,635755,93,88,401584,06-06-2011 10:36:57.657,-15,FALSE,FALSE,06-06-2011 10:37:19.077,,,06-06-2011 10:37:19.077,System.Byte[],Waived current late fee 2.
,202684,1495,58850,1034641,1570,636694,93,88,401757,06-07-2011 13:53:01.687,15,FALSE,FALSE,06-07-2011 13:53:06.647,,,06-07-2011 13:53:06.647,System.Byte[],Waived current late fee 1.
,202685,1495,58850,1034641,1570,636694,93,88,401757,06-07-2011 13:53:01.687,-15,FALSE,FALSE,06-07-2011 13:53:06.647,,,06-07-2011 13:53:06.647,System.Byte[],Waived current late fee 1.
,202818,1495,58881,1035254,1726,637060,91,88,401855,06-08-2011 10:33:00.797,15,FALSE,FALSE,06-08-2011 10:33:06.720,,,06-08-2011 10:33:06.720,System.Byte[],Waived current late fee 2.
,202819,1495,58881,1035254,1726,637060,91,88,401855,06-08-2011 10:33:00.797,-15,FALSE,FALSE,06-08-2011 10:33:06.720,,,06-08-2011 10:33:06.720,System.Byte[],Waived current late fee 2.
,202964,1495,58913,1035952,8223,637513,91,88,401934,06-09-2011 10:42:43.423,15,FALSE,FALSE,06-09-2011 10:42:50.283,,,06-09-2011 10:42:50.283,System.Byte[],Waived current late fee 1.
,202965,1495,58913,1035952,8223,637513,91,88,401934,06-09-2011 10:42:43.423,-15,FALSE,FALSE,06-09-2011 10:42:50.283,,,06-09-2011 10:42:50.283,System.Byte[],Waived current late fee 1.
,202966,1495,58913,1035953,53566,637513,91,88,401935,06-09-2011 10:42:43.437,15,FALSE,FALSE,06-09-2011 10:42:50.283,,,06-09-2011 10:42:50.283,System.Byte[],Waived current late fee 1.
,202967,1495,58913,1035953,53566,637513,91,88,401935,06-09-2011 10:42:43.437,-15,FALSE,FALSE,06-09-2011 10:42:50.287,,,06-09-2011 10:42:50.287,System.Byte[],Waived current late fee 1.
,202968,1495,58913,1035954,1791,637513,91,88,401936,06-09-2011 10:42:43.437,15,FALSE,FALSE,06-09-2011 10:42:50.287,,,06-09-2011 10:42:50.287,System.Byte[],Waived current late fee 1.
,202969,1495,58913,1035954,1791,637513,91,88,401936,06-09-2011 10:42:43.437,-15,FALSE,FALSE,06-09-2011 10:42:50.287,,,06-09-2011 10:42:50.287,System.Byte[],Waived current late fee 1.
,203128,1495,58947,1036676,1522,637922,91,88,402020,06-10-2011 9:10:29.470,15,FALSE,FALSE,06-10-2011 9:10:51.887,,,06-10-2011 9:10:51.887,System.Byte[],Waived current late fee 1.
,203129,1495,58947,1036676,1522,637922,91,88,402020,06-10-2011 9:10:29.470,-15,FALSE,FALSE,06-10-2011 9:10:51.887,,,06-10-2011 9:10:51.887,System.Byte[],Waived current late fee 1.
,203148,1495,58947,1036769,1583,637977,91,88,402028,06-10-2011 11:20:33.110,15,FALSE,FALSE,06-10-2011 11:20:46.230,,,06-10-2011 11:20:46.230,System.Byte[],Waived current late fee 1.
,203149,1495,58947,1036769,1583,637977,91,88,402028,06-10-2011 11:20:33.110,-15,FALSE,FALSE,06-10-2011 11:20:46.230,,,06-10-2011 11:20:46.230,System.Byte[],Waived current late fee 1.
,204497,1495,59166,1041627,22314,640710,91,88,402843,06-17-2011 14:34:04.327,15,FALSE,FALSE,06-17-2011 14:34:09.297,,,06-17-2011 14:34:09.297,System.Byte[],Waived current late fee 1.
,204498,1495,59166,1041627,22314,640710,91,88,402843,06-17-2011 14:34:04.327,-15,FALSE,FALSE,06-17-2011 14:34:09.300,,,06-17-2011 14:34:09.300,System.Byte[],Waived current late fee 1.
,205920,1495,59514,1049153,55281,644408,93,88,405735,06-28-2011 10:54:21.983,15,FALSE,FALSE,06-28-2011 10:54:46.060,,,06-28-2011 10:54:46.060,System.Byte[],Waived current late fee 1.
,205921,1495,59514,1049153,55281,644408,93,88,405735,06-28-2011 10:54:21.983,-15,FALSE,FALSE,06-28-2011 10:54:46.060,,,06-28-2011 10:54:46.060,System.Byte[],Waived current late fee 1.
,206270,1495,59582,1051164,53628,645538,91,88,406024,06-30-2011 13:42:50.703,15,FALSE,FALSE,06-30-2011 13:43:03.920,,,06-30-2011 13:43:03.920,System.Byte[],Waived current late fee 1.
,206271,1495,59582,1051164,53628,645538,91,88,406024,06-30-2011 13:42:50.703,-15,FALSE,FALSE,06-30-2011 13:43:03.920,,,06-30-2011 13:43:03.920,System.Byte[],Waived current late fee 1.
,206329,1495,59621,1051536,55305,645777,91,88,406077,06-30-2011 16:41:34.547,15,FALSE,FALSE,06-30-2011 16:42:12.210,,,06-30-2011 16:42:12.210,System.Byte[],Waived current late fee 1.
,206330,1495,59621,1051536,55305,645777,91,88,406077,06-30-2011 16:41:34.547,-15,FALSE,FALSE,06-30-2011 16:42:12.210,,,06-30-2011 16:42:12.210,System.Byte[],Waived current late fee 1.
,206331,1495,59621,1051537,55656,645777,91,88,406078,06-30-2011 16:41:34.547,15,FALSE,FALSE,06-30-2011 16:42:12.210,,,06-30-2011 16:42:12.210,System.Byte[],Waived current late fee 1.
,206332,1495,59621,1051537,55656,645777,91,88,406078,06-30-2011 16:41:34.547,-15,FALSE,FALSE,06-30-2011 16:42:12.210,,,06-30-2011 16:42:12.210,System.Byte[],Waived current late fee 1.
,206637,1495,59661,1055443,55496,648801,91,88,406298,07-02-2011 9:19:09.423,15,FALSE,FALSE,07-02-2011 9:19:43.783,,,07-02-2011 9:19:43.783,System.Byte[],Waived current late fee 1.
,206638,1495,59661,1055443,55496,648801,91,88,406298,07-02-2011 9:19:09.423,-15,FALSE,FALSE,07-02-2011 9:19:43.783,,,07-02-2011 9:19:43.783,System.Byte[],Waived current late fee 1.
,206839,1495,59730,1056675,55588,649679,91,88,406428,07-05-2011 9:33:57.517,15,FALSE,FALSE,07-05-2011 9:34:13.737,,,07-05-2011 9:34:13.737,System.Byte[],Waived current late fee 1.
,206840,1495,59730,1056675,55588,649679,91,88,406428,07-05-2011 9:33:57.517,-15,FALSE,FALSE,07-05-2011 9:34:13.737,,,07-05-2011 9:34:13.737,System.Byte[],Waived current late fee 1.
,206849,1495,59730,1056785,8222,649766,91,88,406432,07-05-2011 10:47:48.767,15,FALSE,FALSE,07-05-2011 10:48:04.820,,,07-05-2011 10:48:04.820,System.Byte[],Waived current late fee 1.
,206850,1495,59730,1056785,8222,649766,91,88,406432,07-05-2011 10:47:48.767,-15,FALSE,FALSE,07-05-2011 10:48:04.823,,,07-05-2011 10:48:04.823,System.Byte[],Waived current late fee 1.
,207059,1495,59754,1058242,55568,650796,95,88,406586,07-06-2011 9:57:45.267,15,FALSE,FALSE,07-06-2011 9:58:10.500,,,07-06-2011 9:58:10.500,System.Byte[],Waived current late fee 1.
,207060,1495,59754,1058242,55568,650796,95,88,406586,07-06-2011 9:57:45.267,-15,FALSE,FALSE,07-06-2011 9:58:10.500,,,07-06-2011 9:58:10.500,System.Byte[],Waived current late fee 1.
,207995,1495,59948,1062790,1786,653718,93,88,407178,07-12-2011 10:29:38.907,15,FALSE,FALSE,07-12-2011 10:29:45.860,,,07-12-2011 10:29:45.860,System.Byte[],Waived current late fee 1.
,207996,1495,59948,1062790,1786,653718,93,88,407178,07-12-2011 10:29:38.907,-15,FALSE,FALSE,07-12-2011 10:29:45.860,,,07-12-2011 10:29:45.860,System.Byte[],Waived current late fee 1.
,208059,1495,59948,1062934,1772,653790,93,88,407208,07-12-2011 13:27:12.970,15,FALSE,FALSE,07-12-2011 13:27:20.057,,,07-12-2011 13:27:20.057,System.Byte[],Waived current late fee 1.
,208060,1495,59948,1062934,1772,653790,93,88,407208,07-12-2011 13:27:12.970,-15,FALSE,FALSE,07-12-2011 13:27:20.057,,,07-12-2011 13:27:20.057,System.Byte[],Waived current late fee 1.
,208105,1495,59948,1063137,1773,653911,93,88,407234,07-12-2011 16:02:41.453,15,FALSE,FALSE,07-12-2011 16:02:48.653,,,07-12-2011 16:02:48.653,System.Byte[],Waived current late fee 2.
,208106,1495,59948,1063137,1773,653911,93,88,407234,07-12-2011 16:02:41.453,-15,FALSE,FALSE,07-12-2011 16:02:48.653,,,07-12-2011 16:02:48.653,System.Byte[],Waived current late fee 2.
,208107,1495,59948,1063138,1773,653911,93,88,407235,07-12-2011 16:02:41.453,15,FALSE,FALSE,07-12-2011 16:02:48.653,,,07-12-2011 16:02:48.653,System.Byte[],Waived current late fee 2.
,208108,1495,59948,1063138,1773,653911,93,88,407235,07-12-2011 16:02:41.453,-15,FALSE,FALSE,07-12-2011 16:02:48.653,,,07-12-2011 16:02:48.653,System.Byte[],Waived current late fee 2.
,208865,1495,60022,1066593,57104,655055,91,88,409454,07-14-2011 16:16:23.140,15,FALSE,FALSE,07-14-2011 16:16:25.527,,,07-14-2011 16:16:25.527,System.Byte[],Waived current late fee 1.
,208866,1495,60022,1066593,57104,655055,91,88,409454,07-14-2011 16:16:23.140,-15,FALSE,FALSE,07-14-2011 16:16:25.527,,,07-14-2011 16:16:25.527,System.Byte[],Waived current late fee 1.
,210177,1495,60139,1068866,58784,656386,93,88,409704,07-18-2011 10:16:54.483,15,FALSE,FALSE,07-18-2011 10:16:59.853,,,07-18-2011 10:16:59.853,System.Byte[],Waived current late fee 1.
,210178,1495,60139,1068866,58784,656386,93,88,409704,07-18-2011 10:16:54.483,-15,FALSE,FALSE,07-18-2011 10:16:59.853,,,07-18-2011 10:16:59.853,System.Byte[],Waived current late fee 1.
,210259,1495,60139,1069263,52764,656602,93,88,409756,07-18-2011 15:57:41.890,15,FALSE,FALSE,07-18-2011 15:58:01.557,,,07-18-2011 15:58:01.557,System.Byte[],Waived current late fee 2.
,210260,1495,60139,1069263,52764,656602,93,88,409756,07-18-2011 15:57:41.890,-15,FALSE,FALSE,07-18-2011 15:58:01.557,,,07-18-2011 15:58:01.557,System.Byte[],Waived current late fee 2.
,210707,1495,60178,1070100,44333,656973,93,88,409977,07-19-2011 14:21:46.827,15,FALSE,FALSE,07-19-2011 14:21:52.610,,,07-19-2011 14:21:52.610,System.Byte[],Waived current late fee 2.
,210708,1495,60178,1070100,44333,656973,93,88,409977,07-19-2011 14:21:46.827,-15,FALSE,FALSE,07-19-2011 14:21:52.610,,,07-19-2011 14:21:52.610,System.Byte[],Waived current late fee 2.
,211383,1495,60369,1074189,22314,658772,93,88,410438,07-25-2011 11:28:03.233,15,FALSE,FALSE,07-25-2011 11:28:13.667,,,07-25-2011 11:28:13.667,System.Byte[],Waived current late fee 2.
,211384,1495,60369,1074189,22314,658772,93,88,410438,07-25-2011 11:28:03.233,-15,FALSE,FALSE,07-25-2011 11:28:13.667,,,07-25-2011 11:28:13.667,System.Byte[],Waived current late fee 2.
,211471,1495,60369,1074563,21987,659006,93,88,410507,07-25-2011 16:36:14.797,15,FALSE,FALSE,07-25-2011 16:36:25.120,,,07-25-2011 16:36:25.120,System.Byte[],Waived current late fee 1.
,211472,1495,60369,1074563,21987,659006,93,88,410507,07-25-2011 16:36:14.797,-15,FALSE,FALSE,07-25-2011 16:36:25.123,,,07-25-2011 16:36:25.123,System.Byte[],Waived current late fee 1.
,245973,1495,62359,1140620,22003,678959,91,88,437698,07-30-2011 10:36:03.407,15,FALSE,FALSE,07-30-2011 10:36:19.187,,,07-30-2011 10:36:19.187,System.Byte[],Waived current late fee 2.
,245974,1495,62359,1140620,22003,678959,91,88,437698,07-30-2011 10:36:03.407,-15,FALSE,FALSE,07-30-2011 10:36:19.187,,,07-30-2011 10:36:19.187,System.Byte[],Waived current late fee 2.
,247141,1495,62603,1149452,1625,685320,93,88,438468,08-05-2011 16:48:36.517,15,FALSE,FALSE,08-05-2011 16:48:46.520,,,08-05-2011 16:48:46.520,System.Byte[],Waived current late fee 2.
,247142,1495,62603,1149452,1625,685320,93,88,438468,08-05-2011 16:48:36.517,-15,FALSE,FALSE,08-05-2011 16:48:46.520,,,08-05-2011 16:48:46.520,System.Byte[],Waived current late fee 2.
,248298,1495,62728,1153387,1686,687820,95,88,438989,08-11-2011 10:59:42.313,15,FALSE,FALSE,08-11-2011 10:59:53.503,,,08-11-2011 10:59:53.503,System.Byte[],Waived current late fee 1.
,248299,1495,62728,1153387,1686,687820,95,88,438989,08-11-2011 10:59:42.313,-15,FALSE,FALSE,08-11-2011 10:59:53.503,,,08-11-2011 10:59:53.503,System.Byte[],Waived current late fee 1.
,255755,1495,66010,1183993,57300,706000,93,88,446675,08-19-2011 10:51:25.030,15,FALSE,FALSE,08-19-2011 10:51:27.567,,,08-19-2011 10:51:27.567,System.Byte[],Waived current late fee 1.
,255756,1495,66010,1183993,57300,706000,93,88,446675,08-19-2011 10:51:25.030,-15,FALSE,FALSE,08-19-2011 10:51:27.567,,,08-19-2011 10:51:27.567,System.Byte[],Waived current late fee 1.
,255902,1495,66089,1184850,48619,706478,93,88,446817,08-20-2011 13:52:50.157,15,FALSE,FALSE,08-20-2011 13:52:53.603,,,08-20-2011 13:52:53.603,System.Byte[],Waived current late fee 1.
,255903,1495,66089,1184850,48619,706478,93,88,446817,08-20-2011 13:52:50.157,-15,FALSE,FALSE,08-20-2011 13:52:53.603,,,08-20-2011 13:52:53.603,System.Byte[],Waived current late fee 1.
,256903,1495,66260,1188533,1625,708551,93,88,447397,08-26-2011 16:13:24.000,15,FALSE,FALSE,08-26-2011 16:13:47.527,,,08-26-2011 16:13:47.527,System.Byte[],Waived current late fee 1.
,256904,1495,66260,1188533,1625,708551,93,88,447397,08-26-2011 16:13:24.000,-15,FALSE,FALSE,08-26-2011 16:13:47.527,,,08-26-2011 16:13:47.527,System.Byte[],Waived current late fee 1.
,257129,1495,66327,1189602,1759,709174,93,88,447567,08-29-2011 10:24:48.703,15,FALSE,FALSE,08-29-2011 10:25:00.503,,,08-29-2011 10:25:00.503,System.Byte[],Waived current late fee 1.
,257130,1495,66327,1189602,1759,709174,93,88,447567,08-29-2011 10:24:48.703,-15,FALSE,FALSE,08-29-2011 10:25:00.503,,,08-29-2011 10:25:00.503,System.Byte[],Waived current late fee 1.
,258358,1495,66546,1197835,55568,715034,93,88,448262,09-03-2011 10:22:51.000,15,FALSE,FALSE,09-03-2011 10:23:12.783,,,09-03-2011 10:23:12.783,System.Byte[],Waived current late fee 1.
,258359,1495,66546,1197835,55568,715034,93,88,448262,09-03-2011 10:22:51.000,-15,FALSE,FALSE,09-03-2011 10:23:12.783,,,09-03-2011 10:23:12.783,System.Byte[],Waived current late fee 1.
,258364,1495,66546,1197842,1633,715037,93,88,448265,09-03-2011 10:30:02.437,15,FALSE,FALSE,09-03-2011 10:30:05.863,,,09-03-2011 10:30:05.863,System.Byte[],Waived current late fee 2.
,258365,1495,66546,1197842,1633,715037,93,88,448265,09-03-2011 10:30:02.437,-15,FALSE,FALSE,09-03-2011 10:30:05.863,,,09-03-2011 10:30:05.863,System.Byte[],Waived current late fee 2.
,259562,1495,66682,1201934,1726,717683,91,88,448803,09-08-2011 10:43:33.163,15,FALSE,FALSE,09-08-2011 10:43:35.683,,,09-08-2011 10:43:35.683,System.Byte[],Waived current late fee 2.
,259563,1495,66682,1201934,1726,717683,91,88,448803,09-08-2011 10:43:33.163,-15,FALSE,FALSE,09-08-2011 10:43:35.683,,,09-08-2011 10:43:35.683,System.Byte[],Waived current late fee 2.
,259564,1495,66682,1201935,1726,717683,91,88,448804,09-08-2011 10:43:33.163,15,FALSE,FALSE,09-08-2011 10:43:35.683,,,09-08-2011 10:43:35.683,System.Byte[],Waived current late fee 2.
,259565,1495,66682,1201935,1726,717683,91,88,448804,09-08-2011 10:43:33.163,-15,FALSE,FALSE,09-08-2011 10:43:35.683,,,09-08-2011 10:43:35.683,System.Byte[],Waived current late fee 2.
,259774,1495,66717,1202691,1620,718152,93,88,448921,09-09-2011 9:55:40.437,15,FALSE,FALSE,09-09-2011 9:55:59.780,,,09-09-2011 9:55:59.780,System.Byte[],Waived current late fee 1.
,259775,1495,66717,1202691,1620,718152,93,88,448921,09-09-2011 9:55:40.437,-15,FALSE,FALSE,09-09-2011 9:55:59.780,,,09-09-2011 9:55:59.780,System.Byte[],Waived current late fee 1.
,259780,1495,66717,1202718,1552,718169,93,88,448923,09-09-2011 10:26:02.313,15,FALSE,FALSE,09-09-2011 10:26:30.393,,,09-09-2011 10:26:30.393,System.Byte[],Waived current late fee 1.
,259781,1495,66717,1202718,1552,718169,93,88,448923,09-09-2011 10:26:02.313,-15,FALSE,FALSE,09-09-2011 10:26:30.393,,,09-09-2011 10:26:30.393,System.Byte[],Waived current late fee 1.
,261338,1495,67074,1212687,1741,723403,95,88,452891,09-21-2011 11:15:03.827,15,FALSE,FALSE,09-21-2011 11:15:52.640,,,09-21-2011 11:15:52.640,System.Byte[],Waived current late fee 1.
,261339,1495,67074,1212687,1741,723403,95,88,452891,09-21-2011 11:15:03.827,-15,FALSE,FALSE,09-21-2011 11:15:52.640,,,09-21-2011 11:15:52.640,System.Byte[],Waived current late fee 1.
,262101,1495,67255,1216004,22314,725159,91,88,453444,09-26-2011 13:44:58.407,15,FALSE,FALSE,09-26-2011 13:45:03.947,,,09-26-2011 13:45:03.947,System.Byte[],Waived current late fee 2.
,262102,1495,67255,1216004,22314,725159,91,88,453444,09-26-2011 13:44:58.407,-15,FALSE,FALSE,09-26-2011 13:45:03.950,,,09-26-2011 13:45:03.950,System.Byte[],Waived current late fee 2.
,262103,1495,67255,1216006,22314,725159,91,88,453445,09-26-2011 13:44:58.517,15,FALSE,FALSE,09-26-2011 13:45:03.950,,,09-26-2011 13:45:03.950,System.Byte[],Waived current late fee 2.
,262104,1495,67255,1216006,22314,725159,91,88,453445,09-26-2011 13:44:58.517,-15,FALSE,FALSE,09-26-2011 13:45:03.950,,,09-26-2011 13:45:03.950,System.Byte[],Waived current late fee 2.
,266227,1495,70185,1231398,56049,735892,93,88,461379,09-30-2011 11:14:10.280,15,FALSE,FALSE,09-30-2011 11:14:30.647,,,09-30-2011 11:14:30.647,System.Byte[],Waived current late fee 2.
,266228,1495,70185,1231398,56049,735892,93,88,461379,09-30-2011 11:14:10.280,-15,FALSE,FALSE,09-30-2011 11:14:30.647,,,09-30-2011 11:14:30.647,System.Byte[],Waived current late fee 2.
,266511,1495,70213,1234519,59663,738236,95,88,461612,10-01-2011 12:23:33.110,15,FALSE,FALSE,10-01-2011 12:24:27.720,,,10-01-2011 12:24:27.720,System.Byte[],Waived current late fee 1.
,266512,1495,70213,1234519,59663,738236,95,88,461612,10-01-2011 12:23:33.110,-15,FALSE,FALSE,10-01-2011 12:24:27.720,,,10-01-2011 12:24:27.720,System.Byte[],Waived current late fee 1.
,266747,1495,70258,1236109,63528,739312,93,88,461775,10-03-2011 9:31:44.047,15,FALSE,FALSE,10-03-2011 9:32:05.680,,,10-03-2011 9:32:05.680,System.Byte[],Waived current late fee 1.
,266748,1495,70258,1236109,63528,739312,93,88,461775,10-03-2011 9:31:44.047,-15,FALSE,FALSE,10-03-2011 9:32:05.680,,,10-03-2011 9:32:05.680,System.Byte[],Waived current late fee 1.
,267009,1495,70315,1238474,53628,741058,95,88,462200,10-04-2011 9:38:46.860,15,FALSE,FALSE,10-04-2011 9:39:02.130,,,10-04-2011 9:39:02.130,System.Byte[],Waived current late fee 1.
,267010,1495,70315,1238474,53628,741058,95,88,462200,10-04-2011 9:38:46.860,-15,FALSE,FALSE,10-04-2011 9:39:02.130,,,10-04-2011 9:39:02.130,System.Byte[],Waived current late fee 1.
,267716,1495,70398,1241812,63275,743329,93,88,462621,10-06-2011 16:04:59.847,15,FALSE,FALSE,10-06-2011 16:05:17.310,,,10-06-2011 16:05:17.310,System.Byte[],Waived current late fee 1.
,267717,1495,70398,1241812,63275,743329,93,88,462621,10-06-2011 16:04:59.847,-15,FALSE,FALSE,10-06-2011 16:05:17.310,,,10-06-2011 16:05:17.310,System.Byte[],Waived current late fee 1.
,267936,1495,70438,1242671,1803,743875,93,88,462744,10-07-2011 13:14:34.297,15,FALSE,FALSE,10-07-2011 13:14:50.993,,,10-07-2011 13:14:50.993,System.Byte[],Waived current late fee 1.
,267937,1495,70438,1242671,1803,743875,93,88,462744,10-07-2011 13:14:34.297,-15,FALSE,FALSE,10-07-2011 13:14:50.993,,,10-07-2011 13:14:50.993,System.Byte[],Waived current late fee 1.
,268000,1495,70481,1243920,52962,744683,93,88,463579,10-07-2011 16:53:30.377,15,FALSE,FALSE,10-07-2011 16:53:33.960,,,10-07-2011 16:53:33.960,System.Byte[],Waived current late fee 1.
,268001,1495,70481,1243920,52962,744683,93,88,463579,10-07-2011 16:53:30.377,-15,FALSE,FALSE,10-07-2011 16:53:33.960,,,10-07-2011 16:53:33.960,System.Byte[],Waived current late fee 1.
,268150,1495,70526,1244637,61331,745127,95,88,463705,10-08-2011 15:15:55.017,15,FALSE,FALSE,10-08-2011 15:15:58.440,,,10-08-2011 15:15:58.440,System.Byte[],Waived current late fee 1.
,268151,1495,70526,1244637,61331,745127,95,88,463705,10-08-2011 15:15:55.017,-15,FALSE,FALSE,10-08-2011 15:15:58.440,,,10-08-2011 15:15:58.440,System.Byte[],Waived current late fee 1.
,269127,1495,70652,1248546,63730,747336,91,88,465598,10-13-2011 14:55:42.770,15,FALSE,FALSE,10-13-2011 14:55:56.557,,,10-13-2011 14:55:56.557,System.Byte[],Waived current late fee 1.
,269128,1495,70652,1248546,63730,747336,91,88,465598,10-13-2011 14:55:42.770,-15,FALSE,FALSE,10-13-2011 14:55:56.557,,,10-13-2011 14:55:56.557,System.Byte[],Waived current late fee 1.
,269325,1495,70687,1249377,1631,747768,93,88,465752,10-14-2011 14:49:37.567,15,FALSE,FALSE,10-14-2011 14:49:41.083,,,10-14-2011 14:49:41.083,System.Byte[],Waived current late fee 1.
,269326,1495,70687,1249377,1631,747768,93,88,465752,10-14-2011 14:49:37.567,-15,FALSE,FALSE,10-14-2011 14:49:41.083,,,10-14-2011 14:49:41.083,System.Byte[],Waived current late fee 1.
,269961,1495,70809,1251361,1650,749029,93,88,465974,10-18-2011 9:52:27.000,15,FALSE,FALSE,10-18-2011 9:52:33.353,,,10-18-2011 9:52:33.353,System.Byte[],Waived current late fee 2.
,269962,1495,70809,1251361,1650,749029,93,88,465974,10-18-2011 9:52:27.000,-15,FALSE,FALSE,10-18-2011 9:52:33.357,,,10-18-2011 9:52:33.357,System.Byte[],Waived current late fee 2.
,269965,1495,70809,1251382,1782,749043,93,88,465977,10-18-2011 10:03:57.483,15,FALSE,FALSE,10-18-2011 10:04:20.070,,,10-18-2011 10:04:20.070,System.Byte[],Waived current late fee 1.
,269966,1495,70809,1251382,1782,749043,93,88,465977,10-18-2011 10:03:57.483,-15,FALSE,FALSE,10-18-2011 10:04:20.070,,,10-18-2011 10:04:20.070,System.Byte[],Waived current late fee 1.
,269967,1495,70809,1251391,44429,749050,93,88,465978,10-18-2011 10:41:53.423,15,FALSE,FALSE,10-18-2011 10:41:59.777,,,10-18-2011 10:41:59.777,System.Byte[],Waived current late fee 1.
,269968,1495,70809,1251391,44429,749050,93,88,465978,10-18-2011 10:41:53.423,-15,FALSE,FALSE,10-18-2011 10:41:59.777,,,10-18-2011 10:41:59.777,System.Byte[],Waived current late fee 1.
,270101,1495,70809,1251724,1738,749222,93,88,466041,10-18-2011 16:02:42.547,15,FALSE,FALSE,10-18-2011 16:02:48.890,,,10-18-2011 16:02:48.890,System.Byte[],Waived current late fee 2.
,270102,1495,70809,1251724,1738,749222,93,88,466041,10-18-2011 16:02:42.547,-15,FALSE,FALSE,10-18-2011 16:02:48.890,,,10-18-2011 16:02:48.890,System.Byte[],Waived current late fee 2.
,270577,1495,70972,1253887,63888,750426,91,88,466335,10-22-2011 9:29:01.640,15,FALSE,FALSE,10-22-2011 9:29:05.573,,,10-22-2011 9:29:05.573,System.Byte[],Waived current late fee 1.
,270578,1495,70972,1253887,63888,750426,91,88,466335,10-22-2011 9:29:01.640,-15,FALSE,FALSE,10-22-2011 9:29:05.573,,,10-22-2011 9:29:05.573,System.Byte[],Waived current late fee 1.
,270579,1495,70972,1253888,63888,750426,91,88,466336,10-22-2011 9:29:01.640,15,FALSE,FALSE,10-22-2011 9:29:05.573,,,10-22-2011 9:29:05.573,System.Byte[],Waived current late fee 2.
,270580,1495,70972,1253888,63888,750426,91,88,466336,10-22-2011 9:29:01.640,-15,FALSE,FALSE,10-22-2011 9:29:05.573,,,10-22-2011 9:29:05.573,System.Byte[],Waived current late fee 2.
,270963,1495,71016,1254740,56026,750902,91,88,466427,10-24-2011 9:36:59.860,15,FALSE,FALSE,10-24-2011 9:37:09.573,,,10-24-2011 9:37:09.573,System.Byte[],Waived current late fee 1.
,270964,1495,71016,1254740,56026,750902,91,88,466427,10-24-2011 9:36:59.860,-15,FALSE,FALSE,10-24-2011 9:37:09.573,,,10-24-2011 9:37:09.573,System.Byte[],Waived current late fee 1.
,271940,1495,71144,1257218,1827,752177,93,88,466718,10-27-2011 10:02:01.390,15,FALSE,FALSE,10-27-2011 10:02:04.243,,,10-27-2011 10:02:04.243,System.Byte[],Waived current late fee 1.
,271941,1495,71144,1257218,1827,752177,93,88,466718,10-27-2011 10:02:01.390,-15,FALSE,FALSE,10-27-2011 10:02:04.243,,,10-27-2011 10:02:04.243,System.Byte[],Waived current late fee 1.
,272042,1495,71185,1257656,49359,752436,93,88,466775,10-27-2011 16:56:36.860,15,FALSE,FALSE,10-27-2011 16:56:59.920,,,10-27-2011 16:56:59.920,System.Byte[],Waived current late fee 1.
,272043,1495,71185,1257656,49359,752436,93,88,466775,10-27-2011 16:56:36.860,-15,FALSE,FALSE,10-27-2011 16:56:59.920,,,10-27-2011 16:56:59.920,System.Byte[],Waived current late fee 1.
,272066,1495,71185,1257836,63785,752549,93,88,466802,10-28-2011 9:03:33.830,15,FALSE,FALSE,10-28-2011 9:03:49.070,,,10-28-2011 9:03:49.070,System.Byte[],Waived current late fee 2.
,272067,1495,71185,1257836,63785,752549,93,88,466802,10-28-2011 9:03:33.830,-15,FALSE,FALSE,10-28-2011 9:03:49.070,,,10-28-2011 9:03:49.070,System.Byte[],Waived current late fee 2.
,272080,1495,71185,1257894,63199,752592,93,88,466812,10-28-2011 10:33:44.720,15,FALSE,FALSE,10-28-2011 10:34:01.960,,,10-28-2011 10:34:01.960,System.Byte[],Waived current late fee 1.
,272081,1495,71185,1257894,63199,752592,93,88,466812,10-28-2011 10:33:44.720,-15,FALSE,FALSE,10-28-2011 10:34:01.960,,,10-28-2011 10:34:01.960,System.Byte[],Waived current late fee 1.
,272580,1495,71185,1258699,1651,753098,93,88,467074,10-28-2011 16:34:59.720,15,FALSE,FALSE,10-28-2011 16:35:18.950,,,10-28-2011 16:35:18.950,System.Byte[],Waived current late fee 1.
,272581,1495,71185,1258699,1651,753098,93,88,467074,10-28-2011 16:34:59.720,-15,FALSE,FALSE,10-28-2011 16:35:18.950,,,10-28-2011 16:35:18.950,System.Byte[],Waived current late fee 1.
,272864,1495,71270,1259902,1788,753895,93,88,467277,10-31-2011 8:44:40.377,15,FALSE,FALSE,10-31-2011 9:44:44.447,,,10-31-2011 9:44:44.447,System.Byte[],Waived current late fee 2.
,272865,1495,71270,1259902,1788,753895,93,88,467277,10-31-2011 8:44:40.377,-15,FALSE,FALSE,10-31-2011 9:44:44.447,,,10-31-2011 9:44:44.447,System.Byte[],Waived current late fee 2.
,273086,1495,71319,1260730,1704,754522,93,88,467403,10-31-2011 15:54:19.140,15,FALSE,FALSE,10-31-2011 16:54:38.897,,,10-31-2011 16:54:38.897,System.Byte[],Waived current late fee 1.
,273087,1495,71319,1260730,1704,754522,93,88,467403,10-31-2011 15:54:19.140,-15,FALSE,FALSE,10-31-2011 16:54:38.897,,,10-31-2011 16:54:38.897,System.Byte[],Waived current late fee 1.
,273714,1495,71398,1267169,56419,759348,95,88,467801,11-03-2011 14:17:42.490,15,FALSE,FALSE,11-03-2011 15:17:58.830,,,11-03-2011 15:17:58.830,System.Byte[],Waived current late fee 1.
,273715,1495,71398,1267169,56419,759348,95,88,467801,11-03-2011 14:17:42.490,-15,FALSE,FALSE,11-03-2011 15:17:58.830,,,11-03-2011 15:17:58.830,System.Byte[],Waived current late fee 1.
,273716,1495,71398,1267170,63275,759348,95,88,467802,11-03-2011 14:17:42.490,15,FALSE,FALSE,11-03-2011 15:17:58.830,,,11-03-2011 15:17:58.830,System.Byte[],Waived current late fee 1.
,273717,1495,71398,1267170,63275,759348,95,88,467802,11-03-2011 14:17:42.490,-15,FALSE,FALSE,11-03-2011 15:17:58.830,,,11-03-2011 15:17:58.830,System.Byte[],Waived current late fee 1.
,273844,1495,71439,1267721,61291,759705,93,88,467867,11-04-2011 8:23:21.193,15,FALSE,FALSE,11-04-2011 9:23:24.180,,,11-04-2011 9:23:24.180,System.Byte[],Waived current late fee 1.
,273845,1495,71439,1267721,61291,759705,93,88,467867,11-04-2011 8:23:21.193,-15,FALSE,FALSE,11-04-2011 9:23:24.180,,,11-04-2011 9:23:24.180,System.Byte[],Waived current late fee 1.
,273846,1495,71439,1267724,61365,759707,93,88,467868,11-04-2011 8:26:48.693,15,FALSE,FALSE,11-04-2011 9:26:51.330,,,11-04-2011 9:26:51.330,System.Byte[],Waived current late fee 1.
,273847,1495,71439,1267724,61365,759707,93,88,467868,11-04-2011 8:26:48.693,-15,FALSE,FALSE,11-04-2011 9:26:51.333,,,11-04-2011 9:26:51.333,System.Byte[],Waived current late fee 1.
,273852,1495,71439,1267763,63510,759741,93,88,467872,11-04-2011 9:19:16.320,15,FALSE,FALSE,11-04-2011 10:19:24.610,,,11-04-2011 10:19:24.610,System.Byte[],Waived current late fee 1.
,273853,1495,71439,1267763,63510,759741,93,88,467872,11-04-2011 9:19:16.320,-15,FALSE,FALSE,11-04-2011 10:19:24.610,,,11-04-2011 10:19:24.610,System.Byte[],Waived current late fee 1.
,273854,1495,71439,1267764,63507,759741,93,88,467873,11-04-2011 9:19:16.320,15,FALSE,FALSE,11-04-2011 10:19:24.610,,,11-04-2011 10:19:24.610,System.Byte[],Waived current late fee 1.
,273855,1495,71439,1267764,63507,759741,93,88,467873,11-04-2011 9:19:16.320,-15,FALSE,FALSE,11-04-2011 10:19:24.610,,,11-04-2011 10:19:24.610,System.Byte[],Waived current late fee 1.
,273952,1495,71439,1268467,66508,760199,93,88,467941,11-04-2011 14:27:08.343,15,FALSE,FALSE,11-04-2011 15:27:27.430,,,11-04-2011 15:27:27.430,System.Byte[],Waived current late fee 1.
,273953,1495,71439,1268467,66508,760199,93,88,467941,11-04-2011 14:27:08.343,-15,FALSE,FALSE,11-04-2011 15:27:27.430,,,11-04-2011 15:27:27.430,System.Byte[],Waived current late fee 1.
,273954,1495,71439,1268468,66512,760199,93,88,467942,11-04-2011 14:27:08.343,15,FALSE,FALSE,11-04-2011 15:27:27.430,,,11-04-2011 15:27:27.430,System.Byte[],Waived current late fee 1.
,273955,1495,71439,1268468,66512,760199,93,88,467942,11-04-2011 14:27:08.343,-15,FALSE,FALSE,11-04-2011 15:27:27.430,,,11-04-2011 15:27:27.430,System.Byte[],Waived current late fee 1.
,273956,1495,71439,1268469,66509,760199,93,88,467943,11-04-2011 14:27:08.343,15,FALSE,FALSE,11-04-2011 15:27:27.430,,,11-04-2011 15:27:27.430,System.Byte[],Waived current late fee 1.
,273957,1495,71439,1268469,66509,760199,93,88,467943,11-04-2011 14:27:08.343,-15,FALSE,FALSE,11-04-2011 15:27:27.430,,,11-04-2011 15:27:27.430,System.Byte[],Waived current late fee 1.
,274232,1495,71532,1270371,1738,761508,93,88,468144,11-07-2011 9:29:14.390,15,FALSE,FALSE,11-07-2011 9:29:18.347,,,11-07-2011 9:29:18.347,System.Byte[],Waived current late fee 1.
,274233,1495,71532,1270371,1738,761508,93,88,468144,11-07-2011 9:29:14.390,-15,FALSE,FALSE,11-07-2011 9:29:18.347,,,11-07-2011 9:29:18.347,System.Byte[],Waived current late fee 1.
,274248,1495,71532,1270518,57011,761615,93,88,468161,11-07-2011 10:22:24.500,15,FALSE,FALSE,11-07-2011 10:22:28.453,,,11-07-2011 10:22:28.453,System.Byte[],Waived current late fee 1.
,274249,1495,71532,1270518,57011,761615,93,88,468161,11-07-2011 10:22:24.500,-15,FALSE,FALSE,11-07-2011 10:22:28.453,,,11-07-2011 10:22:28.453,System.Byte[],Waived current late fee 1.
,274326,1495,71532,1270837,52962,761852,93,88,468204,11-07-2011 12:48:19.157,15,FALSE,FALSE,11-07-2011 12:48:24.403,,,11-07-2011 12:48:24.403,System.Byte[],Waived current late fee 1.
,274327,1495,71532,1270837,52962,761852,93,88,468204,11-07-2011 12:48:19.157,-15,FALSE,FALSE,11-07-2011 12:48:24.403,,,11-07-2011 12:48:24.403,System.Byte[],Waived current late fee 1.
,274344,1495,71532,1270926,64939,761915,93,88,468217,11-07-2011 13:41:03.827,15,FALSE,FALSE,11-07-2011 13:41:07.940,,,11-07-2011 13:41:07.940,System.Byte[],Waived current late fee 1.
,274345,1495,71532,1270926,64939,761915,93,88,468217,11-07-2011 13:41:03.827,-15,FALSE,FALSE,11-07-2011 13:41:07.943,,,11-07-2011 13:41:07.943,System.Byte[],Waived current late fee 1.
,274514,1495,71593,1271861,21887,762516,93,88,468406,11-08-2011 12:12:31.483,15,FALSE,FALSE,11-08-2011 12:12:36.507,,,11-08-2011 12:12:36.507,System.Byte[],Waived current late fee 1.
,274515,1495,71593,1271861,21887,762516,93,88,468406,11-08-2011 12:12:31.483,-15,FALSE,FALSE,11-08-2011 12:12:36.507,,,11-08-2011 12:12:36.507,System.Byte[],Waived current late fee 1.
,275542,1495,71803,1276312,1528,765227,93,88,469048,11-14-2011 14:20:15.790,15,FALSE,FALSE,11-14-2011 14:20:18.267,,,11-14-2011 14:20:18.267,System.Byte[],Waived current late fee 1.
,275543,1495,71803,1276312,1528,765227,93,88,469048,11-14-2011 14:20:15.790,-15,FALSE,FALSE,11-14-2011 14:20:18.267,,,11-14-2011 14:20:18.267,System.Byte[],Waived current late fee 1.
,276070,1495,71894,1277983,46711,766175,93,88,469633,11-16-2011 15:58:39.133,15,FALSE,FALSE,11-16-2011 15:58:41.637,,,11-16-2011 15:58:41.637,System.Byte[],Waived current late fee 2.
,276071,1495,71894,1277983,46711,766175,93,88,469633,11-16-2011 15:58:39.133,-15,FALSE,FALSE,11-16-2011 15:58:41.637,,,11-16-2011 15:58:41.637,System.Byte[],Waived current late fee 2.
,276478,1495,72020,1279805,1508,767181,93,88,469903,11-19-2011 13:36:44.047,15,FALSE,FALSE,11-19-2011 13:37:30.587,,,11-19-2011 13:37:30.587,System.Byte[],Waived current late fee 1.
,276479,1495,72020,1279805,1508,767181,93,88,469903,11-19-2011 13:36:44.047,-15,FALSE,FALSE,11-19-2011 13:37:30.587,,,11-19-2011 13:37:30.587,System.Byte[],Waived current late fee 1.
,276480,1495,72020,1279806,1508,767181,93,88,469904,11-19-2011 13:36:44.047,15,FALSE,FALSE,11-19-2011 13:37:30.587,,,11-19-2011 13:37:30.587,System.Byte[],Waived current late fee 2.
,276481,1495,72020,1279806,1508,767181,93,88,469904,11-19-2011 13:36:44.047,-15,FALSE,FALSE,11-19-2011 13:37:30.587,,,11-19-2011 13:37:30.587,System.Byte[],Waived current late fee 2.
,276833,1495,72116,1281335,1607,768148,93,88,470111,11-22-2011 14:25:51.187,15,FALSE,FALSE,11-22-2011 14:26:17.520,,,11-22-2011 14:26:17.520,System.Byte[],Waived current late fee 1.
,276834,1495,72116,1281335,1607,768148,93,88,470111,11-22-2011 14:25:51.187,-15,FALSE,FALSE,11-22-2011 14:26:17.520,,,11-22-2011 14:26:17.520,System.Byte[],Waived current late fee 1.
,276835,1495,72116,1281336,1607,768148,93,88,470112,11-22-2011 14:25:51.187,15,FALSE,FALSE,11-22-2011 14:26:17.520,,,11-22-2011 14:26:17.520,System.Byte[],Waived current late fee 2.
,276836,1495,72116,1281336,1607,768148,93,88,470112,11-22-2011 14:25:51.187,-15,FALSE,FALSE,11-22-2011 14:26:17.520,,,11-22-2011 14:26:17.520,System.Byte[],Waived current late fee 2.
,280535,1495,75513,1302316,61331,781254,91,88,476802,11-27-2011 9:57:12.703,15,FALSE,FALSE,11-27-2011 9:57:16.100,,,11-27-2011 9:57:16.100,System.Byte[],Waived current late fee 1.
,280536,1495,75513,1302316,61331,781254,91,88,476802,11-27-2011 9:57:12.703,-15,FALSE,FALSE,11-27-2011 9:57:16.100,,,11-27-2011 9:57:16.100,System.Byte[],Waived current late fee 1.
,280537,1495,75513,1302317,61331,781254,91,88,476803,11-27-2011 9:57:12.703,15,FALSE,FALSE,11-27-2011 9:57:16.100,,,11-27-2011 9:57:16.100,System.Byte[],Waived current late fee 2.
,280538,1495,75513,1302317,61331,781254,91,88,476803,11-27-2011 9:57:12.703,-15,FALSE,FALSE,11-27-2011 9:57:16.100,,,11-27-2011 9:57:16.100,System.Byte[],Waived current late fee 2.
,280621,1495,75513,1302809,1562,781594,95,88,476853,11-28-2011 12:24:25.453,15,FALSE,FALSE,11-28-2011 12:24:29.383,,,11-28-2011 12:24:29.383,System.Byte[],Waived current late fee 1.
,280622,1495,75513,1302809,1562,781594,95,88,476853,11-28-2011 12:24:25.453,-15,FALSE,FALSE,11-28-2011 12:24:29.383,,,11-28-2011 12:24:29.383,System.Byte[],Waived current late fee 1.
,281209,1495,75653,1308214,63888,785426,91,88,477272,12-01-2011 13:48:56.157,15,FALSE,FALSE,12-01-2011 13:49:00.890,,,12-01-2011 13:49:00.890,System.Byte[],Waived current late fee 2.
,281210,1495,75653,1308214,63888,785426,91,88,477272,12-01-2011 13:48:56.157,-15,FALSE,FALSE,12-01-2011 13:49:00.890,,,12-01-2011 13:49:00.890,System.Byte[],Waived current late fee 2.
,282431,1495,75894,1315991,1502,790694,91,88,478004,12-07-2011 8:09:30.593,15,FALSE,FALSE,12-07-2011 8:09:22.677,,,12-07-2011 8:09:22.677,System.Byte[],Waived current late fee 1.
,282432,1495,75894,1315991,1502,790694,91,88,478004,12-07-2011 8:09:30.593,-15,FALSE,FALSE,12-07-2011 8:09:22.677,,,12-07-2011 8:09:22.677,System.Byte[],Waived current late fee 1.
,284179,1495,76132,1321564,66807,793937,91,88,478698,12-13-2011 14:34:56.407,15,FALSE,FALSE,12-13-2011 14:35:27.177,,,12-13-2011 14:35:27.177,System.Byte[],Waived current late fee 1.
,284180,1495,76132,1321564,66807,793937,91,88,478698,12-13-2011 14:34:56.407,-15,FALSE,FALSE,12-13-2011 14:35:27.177,,,12-13-2011 14:35:27.177,System.Byte[],Waived current late fee 1.
,284525,1495,76223,1323052,1524,794791,93,88,478888,12-15-2011 16:27:22.937,15,FALSE,FALSE,12-15-2011 16:27:38.930,,,12-15-2011 16:27:38.930,System.Byte[],Waived current late fee 1.
,284526,1495,76223,1323052,1524,794791,93,88,478888,12-15-2011 16:27:22.937,-15,FALSE,FALSE,12-15-2011 16:27:38.930,,,12-15-2011 16:27:38.930,System.Byte[],Waived current late fee 1.
,284993,1495,76411,1325429,66786,796178,93,88,479143,12-20-2011 9:58:49.347,15,FALSE,FALSE,12-20-2011 9:59:03.620,,,12-20-2011 9:59:03.620,System.Byte[],Waived current late fee 1.
,284994,1495,76411,1325429,66786,796178,93,88,479143,12-20-2011 9:58:49.347,-15,FALSE,FALSE,12-20-2011 9:59:03.620,,,12-20-2011 9:59:03.620,System.Byte[],Waived current late fee 1.
,285947,1495,76689,1329821,61587,798705,91,88,479671,12-28-2011 11:12:31.450,15,FALSE,FALSE,12-28-2011 11:12:34.490,,,12-28-2011 11:12:34.490,System.Byte[],Waived current late fee 1.
,285948,1495,76689,1329821,61587,798705,91,88,479671,12-28-2011 11:12:31.450,-15,FALSE,FALSE,12-28-2011 11:12:34.490,,,12-28-2011 11:12:34.490,System.Byte[],Waived current late fee 1.
,285949,1495,76689,1329822,61587,798705,91,88,479672,12-28-2011 11:12:31.450,15,FALSE,FALSE,12-28-2011 11:12:34.490,,,12-28-2011 11:12:34.490,System.Byte[],Waived current late fee 2.
,285950,1495,76689,1329822,61587,798705,91,88,479672,12-28-2011 11:12:31.450,-15,FALSE,FALSE,12-28-2011 11:12:34.490,,,12-28-2011 11:12:34.490,System.Byte[],Waived current late fee 2.
,286139,1495,76729,1330637,56592,799223,91,88,479790,12-29-2011 11:28:49.280,15,FALSE,FALSE,12-29-2011 11:29:12.780,,,12-29-2011 11:29:12.780,System.Byte[],Waived current late fee 1.
,286140,1495,76729,1330637,56592,799223,91,88,479790,12-29-2011 11:28:49.280,-15,FALSE,FALSE,12-29-2011 11:29:12.780,,,12-29-2011 11:29:12.780,System.Byte[],Waived current late fee 1.
,287284,1495,76952,1339708,70320,805635,93,88,480473,01-04-2012 13:13:23.687,15,FALSE,FALSE,01-04-2012 13:13:27.310,,,01-04-2012 13:13:27.310,System.Byte[],Waived current late fee 1.
,287285,1495,76952,1339708,70320,805635,93,88,480473,01-04-2012 13:13:23.687,-15,FALSE,FALSE,01-04-2012 13:13:27.310,,,01-04-2012 13:13:27.310,System.Byte[],Waived current late fee 1.
,287357,1495,76952,1340080,44197,805855,93,88,480513,01-04-2012 15:13:04.110,15,FALSE,FALSE,01-04-2012 15:13:07.760,,,01-04-2012 15:13:07.760,System.Byte[],Waived current late fee 1.
,287358,1495,76952,1340080,44197,805855,93,88,480513,01-04-2012 15:13:04.110,-15,FALSE,FALSE,01-04-2012 15:13:07.760,,,01-04-2012 15:13:07.760,System.Byte[],Waived current late fee 1.
,288525,1495,77245,1346716,1686,810153,91,88,481234,01-11-2012 10:35:12.610,15,FALSE,FALSE,01-11-2012 10:35:16.167,,,01-11-2012 10:35:16.167,System.Byte[],Waived current late fee 1.
,288526,1495,77245,1346716,1686,810153,91,88,481234,01-11-2012 10:35:12.610,-15,FALSE,FALSE,01-11-2012 10:35:16.167,,,01-11-2012 10:35:16.167,System.Byte[],Waived current late fee 1.
,288767,1495,77289,1347529,1589,810574,91,88,481380,01-12-2012 11:04:05.627,15,FALSE,FALSE,01-12-2012 11:04:10.513,,,01-12-2012 11:04:10.513,System.Byte[],Waived current late fee 1.
,288768,1495,77289,1347529,1589,810574,91,88,481380,01-12-2012 11:04:05.627,-15,FALSE,FALSE,01-12-2012 11:04:10.513,,,01-12-2012 11:04:10.513,System.Byte[],Waived current late fee 1.
,289013,1495,77333,1348302,61291,810918,91,88,481475,01-13-2012 10:21:44.280,15,FALSE,FALSE,01-13-2012 10:22:04.267,,,01-13-2012 10:22:04.267,System.Byte[],Waived current late fee 2.
,289014,1495,77333,1348302,61291,810918,91,88,481475,01-13-2012 10:21:44.280,-15,FALSE,FALSE,01-13-2012 10:22:04.267,,,01-13-2012 10:22:04.267,System.Byte[],Waived current late fee 2.
,289165,1495,77333,1348790,1788,811177,91,88,481538,01-13-2012 15:45:03.240,15,FALSE,FALSE,01-13-2012 15:46:36.130,,,01-13-2012 15:46:36.130,System.Byte[],Waived current late fee 1.
,289166,1495,77333,1348790,1788,811177,91,88,481538,01-13-2012 15:45:03.240,-15,FALSE,FALSE,01-13-2012 15:46:36.130,,,01-13-2012 15:46:36.130,System.Byte[],Waived current late fee 1.
,291860,1495,78031,1359950,57300,817413,93,88,483090,01-31-2012 9:35:49.250,15,FALSE,FALSE,01-31-2012 9:36:13.557,,,01-31-2012 9:36:13.557,System.Byte[],Waived current late fee 2.
,291861,1495,78031,1359950,57300,817413,93,88,483090,01-31-2012 9:35:49.250,-15,FALSE,FALSE,01-31-2012 9:36:13.557,,,01-31-2012 9:36:13.557,System.Byte[],Waived current late fee 2.
,292020,1495,78031,1360629,1549,817858,93,88,483184,01-31-2012 15:56:25.127,15,FALSE,FALSE,01-31-2012 15:56:22.350,,,01-31-2012 15:56:22.350,System.Byte[],Waived current late fee 1.
,292021,1495,78031,1360629,1549,817858,93,88,483184,01-31-2012 15:56:25.127,-15,FALSE,FALSE,01-31-2012 15:56:22.350,,,01-31-2012 15:56:22.350,System.Byte[],Waived current late fee 1.
,292022,1495,78031,1360630,49741,817858,93,88,483185,01-31-2012 15:56:25.127,15,FALSE,FALSE,01-31-2012 15:56:22.350,,,01-31-2012 15:56:22.350,System.Byte[],Waived current late fee 1.
,292023,1495,78031,1360630,49741,817858,93,88,483185,01-31-2012 15:56:25.127,-15,FALSE,FALSE,01-31-2012 15:56:22.350,,,01-31-2012 15:56:22.350,System.Byte[],Waived current late fee 1.
,292048,1495,78076,1360750,1812,817939,93,88,483197,01-31-2012 16:55:39.890,15,FALSE,FALSE,01-31-2012 16:55:47.793,,,01-31-2012 16:55:47.793,System.Byte[],Waived current late fee 1.
,292049,1495,78076,1360750,1812,817939,93,88,483197,01-31-2012 16:55:39.890,-15,FALSE,FALSE,01-31-2012 16:55:47.797,,,01-31-2012 16:55:47.797,System.Byte[],Waived current late fee 1.
,292755,1495,78180,1367526,69421,822888,93,88,483499,02-03-2012 14:18:27.827,15,FALSE,FALSE,02-03-2012 14:18:25.683,,,02-03-2012 14:18:25.683,System.Byte[],Waived current late fee 2.
,292756,1495,78180,1367526,69421,822888,93,88,483499,02-03-2012 14:18:27.827,-15,FALSE,FALSE,02-03-2012 14:18:25.683,,,02-03-2012 14:18:25.683,System.Byte[],Waived current late fee 2.
,292923,1495,78282,1369081,70958,823920,93,88,483651,02-04-2012 14:06:59.703,15,FALSE,FALSE,02-04-2012 14:07:08.040,,,02-04-2012 14:07:08.040,System.Byte[],Waived current late fee 1.
,292924,1495,78282,1369081,70958,823920,93,88,483651,02-04-2012 14:06:59.703,-15,FALSE,FALSE,02-04-2012 14:07:08.040,,,02-04-2012 14:07:08.040,System.Byte[],Waived current late fee 1.
,292925,1495,78282,1369082,70958,823920,93,88,483652,02-04-2012 14:06:59.703,15,FALSE,FALSE,02-04-2012 14:07:08.040,,,02-04-2012 14:07:08.040,System.Byte[],Waived current late fee 2.
,292926,1495,78282,1369082,70958,823920,93,88,483652,02-04-2012 14:06:59.703,-15,FALSE,FALSE,02-04-2012 14:07:08.040,,,02-04-2012 14:07:08.040,System.Byte[],Waived current late fee 2.
,293113,1495,78282,1369970,61346,824497,93,88,483737,02-06-2012 9:28:28.907,15,FALSE,FALSE,02-06-2012 9:28:33.393,,,02-06-2012 9:28:33.393,System.Byte[],Waived current late fee 1.
,293114,1495,78282,1369970,61346,824497,93,88,483737,02-06-2012 9:28:28.907,-15,FALSE,FALSE,02-06-2012 9:28:33.393,,,02-06-2012 9:28:33.393,System.Byte[],Waived current late fee 1.
,293636,1495,78398,1373384,8225,826740,91,88,485044,02-08-2012 9:20:19.797,15,FALSE,FALSE,02-08-2012 9:20:22.683,,,02-08-2012 9:20:22.683,System.Byte[],Waived current late fee 1.
,293637,1495,78398,1373384,8225,826740,91,88,485044,02-08-2012 9:20:19.797,-15,FALSE,FALSE,02-08-2012 9:20:22.683,,,02-08-2012 9:20:22.683,System.Byte[],Waived current late fee 1.
,293638,1495,78398,1373385,1700,826740,91,88,485045,02-08-2012 9:20:19.797,15,FALSE,FALSE,02-08-2012 9:20:22.683,,,02-08-2012 9:20:22.683,System.Byte[],Waived current late fee 1.
,293639,1495,78398,1373385,1700,826740,91,88,485045,02-08-2012 9:20:19.797,-15,FALSE,FALSE,02-08-2012 9:20:22.683,,,02-08-2012 9:20:22.683,System.Byte[],Waived current late fee 1.
,293798,1495,78398,1373858,1809,826989,91,88,485159,02-08-2012 14:18:20.483,15,FALSE,FALSE,02-08-2012 14:18:22.580,,,02-08-2012 14:18:22.580,System.Byte[],Waived current late fee 1.
,293799,1495,78398,1373858,1809,826989,91,88,485159,02-08-2012 14:18:20.483,-15,FALSE,FALSE,02-08-2012 14:18:22.580,,,02-08-2012 14:18:22.580,System.Byte[],Waived current late fee 1.
,294907,1495,78599,1377441,1528,829094,93,88,485601,02-13-2012 9:21:35.430,15,FALSE,FALSE,02-13-2012 9:21:38.773,,,02-13-2012 9:21:38.773,System.Byte[],Waived current late fee 1.
,294908,1495,78599,1377441,1528,829094,93,88,485601,02-13-2012 9:21:35.430,-15,FALSE,FALSE,02-13-2012 9:21:38.773,,,02-13-2012 9:21:38.773,System.Byte[],Waived current late fee 1.
,294937,1495,78599,1377525,66786,829139,93,88,485613,02-13-2012 10:58:18.610,15,FALSE,FALSE,02-13-2012 10:58:23.370,,,02-13-2012 10:58:23.370,System.Byte[],Waived current late fee 1.
,294938,1495,78599,1377525,66786,829139,93,88,485613,02-13-2012 10:58:18.610,-15,FALSE,FALSE,02-13-2012 10:58:23.370,,,02-13-2012 10:58:23.370,System.Byte[],Waived current late fee 1.
,294983,1495,78599,1377766,68989,829279,93,88,485646,02-13-2012 13:30:04.593,15,FALSE,FALSE,02-13-2012 13:30:07.850,,,02-13-2012 13:30:07.850,System.Byte[],Waived current late fee 1.
,294984,1495,78599,1377766,68989,829279,93,88,485646,02-13-2012 13:30:04.593,-15,FALSE,FALSE,02-13-2012 13:30:07.850,,,02-13-2012 13:30:07.850,System.Byte[],Waived current late fee 1.
,304972,1495,81095,1429516,1789,859668,93,88,494898,03-13-2012 12:03:40.610,15,FALSE,FALSE,03-13-2012 13:03:59.103,,,03-13-2012 13:03:59.103,System.Byte[],Waived current late fee 1.
,304973,1495,81095,1429516,1789,859668,93,88,494898,03-13-2012 12:03:40.610,-15,FALSE,FALSE,03-13-2012 13:03:59.107,,,03-13-2012 13:03:59.107,System.Byte[],Waived current late fee 1.
,305572,1495,81190,1431151,1524,860480,91,88,495124,03-15-2012 10:24:32.500,15,FALSE,FALSE,03-15-2012 11:24:43.007,,,03-15-2012 11:24:43.007,System.Byte[],Waived current late fee 1.
,305573,1495,81190,1431151,1524,860480,91,88,495124,03-15-2012 10:24:32.500,-15,FALSE,FALSE,03-15-2012 11:24:43.007,,,03-15-2012 11:24:43.007,System.Byte[],Waived current late fee 1.
,306458,1495,81445,1436068,1715,863000,93,88,496597,03-20-2012 16:08:39.553,15,FALSE,FALSE,03-20-2012 17:08:53.237,,,03-20-2012 17:08:53.237,System.Byte[],Waived current late fee 1.
,306459,1495,81445,1436068,1715,863000,93,88,496597,03-20-2012 16:08:39.553,-15,FALSE,FALSE,03-20-2012 17:08:53.237,,,03-20-2012 17:08:53.237,System.Byte[],Waived current late fee 1.
,307509,1495,81588,1438865,1806,864395,91,88,497078,03-24-2012 9:23:02.110,15,FALSE,FALSE,03-24-2012 10:23:24.907,,,03-24-2012 10:23:24.907,System.Byte[],Waived current late fee 1.
,307510,1495,81588,1438865,1806,864395,91,88,497078,03-24-2012 9:23:02.110,-15,FALSE,FALSE,03-24-2012 10:23:24.907,,,03-24-2012 10:23:24.907,System.Byte[],Waived current late fee 1.
,309624,1495,82070,1452691,51976,873779,1038,88,498189,04-03-2012 13:32:33.587,15,FALSE,FALSE,04-03-2012 13:34:16.677,,,04-03-2012 13:34:16.677,System.Byte[],Waived current late fee 1.
,309625,1495,82070,1452691,51976,873779,1038,88,498189,04-03-2012 13:32:33.587,-15,FALSE,FALSE,04-03-2012 13:34:16.677,,,04-03-2012 13:34:16.677,System.Byte[],Waived current late fee 1.
,309626,1495,82070,1452692,1751,873779,1038,88,498190,04-03-2012 13:32:33.587,15,FALSE,FALSE,04-03-2012 13:34:16.680,,,04-03-2012 13:34:16.680,System.Byte[],Waived current late fee 1.
,309627,1495,82070,1452692,1751,873779,1038,88,498190,04-03-2012 13:32:33.587,-15,FALSE,FALSE,04-03-2012 13:34:16.680,,,04-03-2012 13:34:16.680,System.Byte[],Waived current late fee 1.
,310660,1495,82186,1458026,69294,877404,1179,88,498784,04-07-2012 12:04:20.233,15,FALSE,FALSE,04-07-2012 12:04:27.000,,,04-07-2012 12:04:27.000,System.Byte[],Waived current late fee 1.
,310661,1495,82186,1458026,69294,877404,1179,88,498784,04-07-2012 12:04:20.233,-15,FALSE,FALSE,04-07-2012 12:04:27.000,,,04-07-2012 12:04:27.000,System.Byte[],Waived current late fee 1.
,310662,1495,82186,1458027,69294,877404,1179,88,498785,04-07-2012 12:04:20.233,15,FALSE,FALSE,04-07-2012 12:04:27.000,,,04-07-2012 12:04:27.000,System.Byte[],Waived current late fee 2.
,310663,1495,82186,1458027,69294,877404,1179,88,498785,04-07-2012 12:04:20.233,-15,FALSE,FALSE,04-07-2012 12:04:27.000,,,04-07-2012 12:04:27.000,System.Byte[],Waived current late fee 2.
,311020,1495,82337,1460282,1645,878911,93,88,499025,04-10-2012 13:15:29.140,15,FALSE,FALSE,04-10-2012 13:15:34.920,,,04-10-2012 13:15:34.920,System.Byte[],Waived current late fee 1.
,311021,1495,82337,1460282,1645,878911,93,88,499025,04-10-2012 13:15:29.140,-15,FALSE,FALSE,04-10-2012 13:15:34.920,,,04-10-2012 13:15:34.920,System.Byte[],Waived current late fee 1.
,311703,1495,82435,1462485,68588,880117,93,88,499325,04-12-2012 13:52:59.827,15,FALSE,FALSE,04-12-2012 13:53:01.063,,,04-12-2012 13:53:01.063,System.Byte[],Waived current late fee 2.
,311704,1495,82435,1462485,68588,880117,93,88,499325,04-12-2012 13:52:59.827,-15,FALSE,FALSE,04-12-2012 13:53:01.067,,,04-12-2012 13:53:01.067,System.Byte[],Waived current late fee 2.
,311781,1495,82435,1462676,72701,880217,1179,88,499356,04-12-2012 15:59:00.593,15,FALSE,FALSE,04-12-2012 15:59:35.553,,,04-12-2012 15:59:35.553,System.Byte[],Waived current late fee 1.
,311782,1495,82435,1462676,72701,880217,1179,88,499356,04-12-2012 15:59:00.593,-15,FALSE,FALSE,04-12-2012 15:59:35.553,,,04-12-2012 15:59:35.553,System.Byte[],Waived current late fee 1.
,312032,1495,82482,1463537,1570,880714,93,88,499485,04-13-2012 16:10:43.700,15,FALSE,FALSE,04-13-2012 16:10:42.160,,,04-13-2012 16:10:42.160,System.Byte[],Waived current late fee 1.
,312033,1495,82482,1463537,1570,880714,93,88,499485,04-13-2012 16:10:43.700,-15,FALSE,FALSE,04-13-2012 16:10:42.160,,,04-13-2012 16:10:42.160,System.Byte[],Waived current late fee 1.
,312230,1495,82579,1464777,70679,881436,93,88,499615,04-16-2012 9:30:58.093,15,FALSE,FALSE,04-16-2012 9:30:41.403,,,04-16-2012 9:30:41.403,System.Byte[],Waived current late fee 1.
,312231,1495,82579,1464777,70679,881436,93,88,499615,04-16-2012 9:30:58.093,-15,FALSE,FALSE,04-16-2012 9:30:41.403,,,04-16-2012 9:30:41.403,System.Byte[],Waived current late fee 1.
,312446,1495,82647,1465683,22003,881981,93,88,499721,04-17-2012 11:49:51.593,15,FALSE,FALSE,04-17-2012 11:49:52.247,,,04-17-2012 11:49:52.247,System.Byte[],Waived current late fee 1.
,312447,1495,82647,1465683,22003,881981,93,88,499721,04-17-2012 11:49:51.593,-15,FALSE,FALSE,04-17-2012 11:49:52.247,,,04-17-2012 11:49:52.247,System.Byte[],Waived current late fee 1.
,312508,1495,82647,1465945,72708,882126,93,88,499761,04-17-2012 15:07:45.967,15,FALSE,FALSE,04-17-2012 15:07:43.120,,,04-17-2012 15:07:43.120,System.Byte[],Waived current late fee 1.
,312509,1495,82647,1465945,72708,882126,93,88,499761,04-17-2012 15:07:45.967,-15,FALSE,FALSE,04-17-2012 15:07:43.123,,,04-17-2012 15:07:43.123,System.Byte[],Waived current late fee 1.
,312990,1495,82786,1467332,71525,882872,1179,88,499997,04-19-2012 16:47:20.983,15,FALSE,FALSE,04-19-2012 16:47:37.927,,,04-19-2012 16:47:37.927,System.Byte[],Waived current late fee 1.
,312991,1495,82786,1467332,71525,882872,1179,88,499997,04-19-2012 16:47:20.983,-15,FALSE,FALSE,04-19-2012 16:47:37.927,,,04-19-2012 16:47:37.927,System.Byte[],Waived current late fee 1.
,315924,1495,83363,1483309,51976,893417,93,88,501369,05-03-2012 9:29:12.357,15,FALSE,FALSE,05-03-2012 9:29:07.450,,,05-03-2012 9:29:07.450,System.Byte[],Waived current late fee 1.
,315925,1495,83363,1483309,51976,893417,93,88,501369,05-03-2012 9:29:12.357,-15,FALSE,FALSE,05-03-2012 9:29:07.450,,,05-03-2012 9:29:07.450,System.Byte[],Waived current late fee 1.
,315926,1495,83363,1483310,1751,893417,93,88,501370,05-03-2012 9:29:12.357,15,FALSE,FALSE,05-03-2012 9:29:07.450,,,05-03-2012 9:29:07.450,System.Byte[],Waived current late fee 1.
,315927,1495,83363,1483310,1751,893417,93,88,501370,05-03-2012 9:29:12.357,-15,FALSE,FALSE,05-03-2012 9:29:07.450,,,05-03-2012 9:29:07.450,System.Byte[],Waived current late fee 1.
,316432,1495,83523,1488080,56419,896643,93,88,501750,05-07-2012 9:55:36.767,15,FALSE,FALSE,05-07-2012 9:55:47.247,,,05-07-2012 9:55:47.247,System.Byte[],Waived current late fee 1.
,316433,1495,83523,1488080,56419,896643,93,88,501750,05-07-2012 9:55:36.767,-15,FALSE,FALSE,05-07-2012 9:55:47.247,,,05-07-2012 9:55:47.247,System.Byte[],Waived current late fee 1.
,316434,1495,83523,1488081,63275,896643,93,88,501751,05-07-2012 9:55:36.767,15,FALSE,FALSE,05-07-2012 9:55:47.247,,,05-07-2012 9:55:47.247,System.Byte[],Waived current late fee 1.
,316435,1495,83523,1488081,63275,896643,93,88,501751,05-07-2012 9:55:36.767,-15,FALSE,FALSE,05-07-2012 9:55:47.247,,,05-07-2012 9:55:47.247,System.Byte[],Waived current late fee 1.
,316546,1495,83523,1488471,1538,896893,93,88,501812,05-07-2012 12:03:22.720,15,FALSE,FALSE,05-07-2012 12:03:14.030,,,05-07-2012 12:03:14.030,System.Byte[],Waived current late fee 1.
,316547,1495,83523,1488471,1538,896893,93,88,501812,05-07-2012 12:03:22.720,-15,FALSE,FALSE,05-07-2012 12:03:14.030,,,05-07-2012 12:03:14.030,System.Byte[],Waived current late fee 1.
,317446,1495,83696,1491802,1506,898893,93,88,502225,05-10-2012 11:34:14.500,15,FALSE,FALSE,05-10-2012 11:34:30.527,,,05-10-2012 11:34:30.527,System.Byte[],Waived current late fee 1.
,317447,1495,83696,1491802,1506,898893,93,88,502225,05-10-2012 11:34:14.500,-15,FALSE,FALSE,05-10-2012 11:34:30.527,,,05-10-2012 11:34:30.527,System.Byte[],Waived current late fee 1.
,317448,1495,83696,1491803,1506,898893,93,88,502226,05-10-2012 11:34:14.500,15,FALSE,FALSE,05-10-2012 11:34:30.527,,,05-10-2012 11:34:30.527,System.Byte[],Waived current late fee 2.
,317449,1495,83696,1491803,1506,898893,93,88,502226,05-10-2012 11:34:14.500,-15,FALSE,FALSE,05-10-2012 11:34:30.527,,,05-10-2012 11:34:30.527,System.Byte[],Waived current late fee 2.
,317522,1495,83696,1492192,46711,899175,93,88,502261,05-10-2012 15:52:39.813,15,FALSE,FALSE,05-10-2012 15:52:43.120,,,05-10-2012 15:52:43.120,System.Byte[],Waived current late fee 1.
,317523,1495,83696,1492192,46711,899175,93,88,502261,05-10-2012 15:52:39.813,-15,FALSE,FALSE,05-10-2012 15:52:43.120,,,05-10-2012 15:52:43.120,System.Byte[],Waived current late fee 1.
,318076,1495,83849,1494219,36864,900259,1179,88,502513,05-12-2012 14:11:54.517,15,FALSE,FALSE,05-12-2012 14:11:56.767,,,05-12-2012 14:11:56.767,System.Byte[],Waived current late fee 2.
,318077,1495,83849,1494219,36864,900259,1179,88,502513,05-12-2012 14:11:54.517,-15,FALSE,FALSE,05-12-2012 14:11:56.770,,,05-12-2012 14:11:56.770,System.Byte[],Waived current late fee 2.
,318576,1495,83912,1495962,61763,901210,93,88,502733,05-15-2012 11:42:55.593,15,FALSE,FALSE,05-15-2012 11:42:22.770,,,05-15-2012 11:42:22.770,System.Byte[],Waived current late fee 1.
,318577,1495,83912,1495962,61763,901210,93,88,502733,05-15-2012 11:42:55.593,-15,FALSE,FALSE,05-15-2012 11:42:22.770,,,05-15-2012 11:42:22.770,System.Byte[],Waived current late fee 1.
,320376,1495,84218,1501533,52423,904090,93,88,503436,05-22-2012 16:15:04.250,15,FALSE,FALSE,05-22-2012 16:16:18.767,,,05-22-2012 16:16:18.767,System.Byte[],Waived current late fee 1.
,320377,1495,84218,1501533,52423,904090,93,88,503436,05-22-2012 16:15:04.250,-15,FALSE,FALSE,05-22-2012 16:16:18.767,,,05-22-2012 16:16:18.767,System.Byte[],Waived current late fee 1.
,320742,1495,84358,1503397,80246,905146,93,88,503669,05-25-2012 11:58:58.860,15,FALSE,FALSE,05-25-2012 11:59:18.327,,,05-25-2012 11:59:18.327,System.Byte[],Waived current late fee 1.
,320743,1495,84358,1503397,80246,905146,93,88,503669,05-25-2012 11:58:58.860,-15,FALSE,FALSE,05-25-2012 11:59:18.327,,,05-25-2012 11:59:18.327,System.Byte[],Waived current late fee 1.
,320824,1495,84358,1503819,66786,905389,93,88,503719,05-25-2012 16:37:09.547,15,FALSE,FALSE,05-25-2012 16:36:28.050,,,05-25-2012 16:36:28.050,System.Byte[],Waived current late fee 1.
,320825,1495,84358,1503819,66786,905389,93,88,503719,05-25-2012 16:37:09.547,-15,FALSE,FALSE,05-25-2012 16:36:28.050,,,05-25-2012 16:36:28.050,System.Byte[],Waived current late fee 1.
,320826,1495,84358,1503820,66786,905389,93,88,503720,05-25-2012 16:37:09.547,15,FALSE,FALSE,05-25-2012 16:36:28.053,,,05-25-2012 16:36:28.053,System.Byte[],Waived current late fee 2.
,320827,1495,84358,1503820,66786,905389,93,88,503720,05-25-2012 16:37:09.547,-15,FALSE,FALSE,05-25-2012 16:36:28.053,,,05-25-2012 16:36:28.053,System.Byte[],Waived current late fee 2.
,321564,1495,84546,1507014,53625,907293,93,88,504164,05-30-2012 15:43:08.080,15,FALSE,FALSE,05-30-2012 15:43:11.410,,,05-30-2012 15:43:11.410,System.Byte[],Waived current late fee 1.
,321565,1495,84546,1507014,53625,907293,93,88,504164,05-30-2012 15:43:08.080,-15,FALSE,FALSE,05-30-2012 15:43:11.410,,,05-30-2012 15:43:11.410,System.Byte[],Waived current late fee 1.
,322946,1495,84822,1518754,1745,915776,93,88,504911,06-05-2012 11:57:06.737,15,FALSE,FALSE,06-05-2012 11:56:53.437,,,06-05-2012 11:56:53.437,System.Byte[],Waived current late fee 2.
,322947,1495,84822,1518754,1745,915776,93,88,504911,06-05-2012 11:57:06.737,-15,FALSE,FALSE,06-05-2012 11:56:53.440,,,06-05-2012 11:56:53.440,System.Byte[],Waived current late fee 2.
,323506,1495,84930,1521730,22003,917712,93,88,505243,06-07-2012 14:43:11.970,15,FALSE,FALSE,06-07-2012 14:43:14.210,,,06-07-2012 14:43:14.210,System.Byte[],Waived current late fee 1.
,323507,1495,84930,1521730,22003,917712,93,88,505243,06-07-2012 14:43:11.970,-15,FALSE,FALSE,06-07-2012 14:43:14.210,,,06-07-2012 14:43:14.210,System.Byte[],Waived current late fee 1.
,323508,1495,84930,1521731,22003,917712,93,88,505244,06-07-2012 14:43:11.970,15,FALSE,FALSE,06-07-2012 14:43:14.210,,,06-07-2012 14:43:14.210,System.Byte[],Waived current late fee 2.
,323509,1495,84930,1521731,22003,917712,93,88,505244,06-07-2012 14:43:11.970,-15,FALSE,FALSE,06-07-2012 14:43:14.210,,,06-07-2012 14:43:14.210,System.Byte[],Waived current late fee 2.
,323652,1495,84985,1522390,79551,918108,93,88,505319,06-08-2012 9:36:36.813,15,FALSE,FALSE,06-08-2012 9:36:54.363,,,06-08-2012 9:36:54.363,System.Byte[],Waived current late fee 1.
,323653,1495,84985,1522390,79551,918108,93,88,505319,06-08-2012 9:36:36.813,-15,FALSE,FALSE,06-08-2012 9:36:54.363,,,06-08-2012 9:36:54.363,System.Byte[],Waived current late fee 1.
,324471,1495,85164,1525985,1569,920341,93,88,505783,06-12-2012 10:19:13.220,15,FALSE,FALSE,06-12-2012 10:18:57.837,,,06-12-2012 10:18:57.837,System.Byte[],Waived current late fee 1.
,324472,1495,85164,1525985,1569,920341,93,88,505783,06-12-2012 10:19:13.220,-15,FALSE,FALSE,06-12-2012 10:18:57.837,,,06-12-2012 10:18:57.837,System.Byte[],Waived current late fee 1.
,325122,1495,85259,1527873,48546,921318,93,88,506013,06-14-2012 11:46:22.740,15,FALSE,FALSE,06-14-2012 11:45:43.800,,06-14-2012 16:24:07.303,06-14-2012 16:24:07.023,System.Byte[],Waived current late fee 1.
,325123,1495,85259,1527873,48546,921318,93,88,506013,06-14-2012 11:46:22.740,-15,FALSE,FALSE,06-14-2012 11:45:43.800,,06-14-2012 16:24:07.303,06-14-2012 16:24:07.023,System.Byte[],Waived current late fee 1.
,325496,1495,85308,1529057,1745,921942,93,88,506169,06-15-2012 14:10:26.787,15,FALSE,FALSE,06-15-2012 14:10:40.677,,,06-15-2012 14:10:40.677,System.Byte[],Waived current late fee 1.
,325497,1495,85308,1529057,1745,921942,93,88,506169,06-15-2012 14:10:26.787,-15,FALSE,FALSE,06-15-2012 14:10:40.677,,,06-15-2012 14:10:40.677,System.Byte[],Waived current late fee 1.
,327584,1495,85406,1531333,81325,922859,93,88,506886,06-18-2012 10:18:16.380,15,FALSE,FALSE,06-18-2012 10:18:08.550,,,06-18-2012 10:18:08.550,System.Byte[],Waived current late fee 1.
,327585,1495,85406,1531333,81325,922859,93,88,506886,06-18-2012 10:18:16.380,-15,FALSE,FALSE,06-18-2012 10:18:08.553,,,06-18-2012 10:18:08.553,System.Byte[],Waived current late fee 1.
,329797,1495,85923,1540793,1544,928201,93,88,508503,06-29-2012 11:20:17.827,15,FALSE,FALSE,06-29-2012 11:20:52.720,,,06-29-2012 11:20:52.720,System.Byte[],Waived current late fee 1.
,329798,1495,85923,1540793,1544,928201,93,88,508503,06-29-2012 11:20:17.827,-15,FALSE,FALSE,06-29-2012 11:20:52.720,,,06-29-2012 11:20:52.720,System.Byte[],Waived current late fee 1.
,331283,1495,86230,1554579,63274,937992,93,88,509431,07-06-2012 14:14:40.920,15,FALSE,FALSE,07-06-2012 14:14:49.183,,,07-06-2012 14:14:49.183,System.Byte[],Waived current late fee 1.
,331284,1495,86230,1554579,63274,937992,93,88,509431,07-06-2012 14:14:40.920,-15,FALSE,FALSE,07-06-2012 14:14:49.187,,,07-06-2012 14:14:49.187,System.Byte[],Waived current late fee 1.
,332659,1495,86518,1560676,83232,941584,93,88,510189,07-12-2012 9:55:29.237,15,FALSE,FALSE,07-12-2012 9:55:34.433,,,07-12-2012 9:55:34.433,System.Byte[],Waived current late fee 1.
,332660,1495,86518,1560676,83232,941584,93,88,510189,07-12-2012 9:55:29.237,-15,FALSE,FALSE,07-12-2012 9:55:34.433,,,07-12-2012 9:55:34.433,System.Byte[],Waived current late fee 1.
,332661,1495,86518,1560677,83232,941584,93,88,510190,07-12-2012 9:55:29.237,15,FALSE,FALSE,07-12-2012 9:55:34.433,,,07-12-2012 9:55:34.433,System.Byte[],Waived current late fee 2.
,332662,1495,86518,1560677,83232,941584,93,88,510190,07-12-2012 9:55:29.237,-15,FALSE,FALSE,07-12-2012 9:55:34.437,,,07-12-2012 9:55:34.437,System.Byte[],Waived current late fee 2.
,332681,1495,86518,1560735,1528,941623,93,88,510200,07-12-2012 10:51:25.393,15,FALSE,FALSE,07-12-2012 10:51:33.433,,,07-12-2012 10:51:33.433,System.Byte[],Waived current late fee 1.
,332682,1495,86518,1560735,1528,941623,93,88,510200,07-12-2012 10:51:25.393,-15,FALSE,FALSE,07-12-2012 10:51:33.437,,,07-12-2012 10:51:33.437,System.Byte[],Waived current late fee 1.
,332945,1495,86568,1561564,1713,942079,93,88,510332,07-13-2012 9:29:20.707,15,FALSE,FALSE,07-13-2012 9:29:25.397,,,07-13-2012 9:29:25.397,System.Byte[],Waived current late fee 1.
,332946,1495,86568,1561564,1713,942079,93,88,510332,07-13-2012 9:29:20.707,-15,FALSE,FALSE,07-13-2012 9:29:25.397,,,07-13-2012 9:29:25.397,System.Byte[],Waived current late fee 1.
,334432,1495,86836,1566615,61921,944864,93,88,511064,07-19-2012 12:35:50.890,15,FALSE,FALSE,07-19-2012 12:37:11.263,,,07-19-2012 12:37:11.263,System.Byte[],Waived current late fee 1.
,334433,1495,86836,1566615,61921,944864,93,88,511064,07-19-2012 12:35:50.890,-15,FALSE,FALSE,07-19-2012 12:37:11.263,,,07-19-2012 12:37:11.263,System.Byte[],Waived current late fee 1.
,334872,1495,86976,1568908,73954,946106,93,88,511374,07-23-2012 9:29:46.720,15,FALSE,FALSE,07-23-2012 9:29:55.513,,,07-23-2012 9:29:55.513,System.Byte[],Waived current late fee 1.
,334873,1495,86976,1568908,73954,946106,93,88,511374,07-23-2012 9:29:46.720,-15,FALSE,FALSE,07-23-2012 9:29:55.513,,,07-23-2012 9:29:55.513,System.Byte[],Waived current late fee 1.
,335180,1495,87040,1570054,83232,946801,93,88,511559,07-24-2012 14:17:34.547,15,FALSE,FALSE,07-24-2012 14:18:08.993,,,07-24-2012 14:18:08.993,System.Byte[],Waived current late fee 1.
,335181,1495,87040,1570054,83232,946801,93,88,511559,07-24-2012 14:17:34.547,-15,FALSE,FALSE,07-24-2012 14:18:08.993,,,07-24-2012 14:18:08.993,System.Byte[],Waived current late fee 1.
,335328,1495,87088,1570981,1818,947283,1212,88,511662,07-25-2012 14:48:26.517,15,FALSE,FALSE,07-25-2012 14:49:22.880,,,07-25-2012 14:49:22.880,System.Byte[],Waived current late fee 1.
,335329,1495,87088,1570981,1818,947283,1212,88,511662,07-25-2012 14:48:26.517,-15,FALSE,FALSE,07-25-2012 14:49:22.880,,,07-25-2012 14:49:22.880,System.Byte[],Waived current late fee 1.
,335599,1495,87188,1573459,1523,948770,93,88,512799,07-27-2012 11:53:01.030,15,FALSE,FALSE,07-27-2012 11:53:15.550,,,07-27-2012 11:53:15.550,System.Byte[],Waived current late fee 2.
,335600,1495,87188,1573459,1523,948770,93,88,512799,07-27-2012 11:53:01.030,-15,FALSE,FALSE,07-27-2012 11:53:15.550,,,07-27-2012 11:53:15.550,System.Byte[],Waived current late fee 2.
,335841,1495,87240,1574360,83077,949286,1179,88,512919,07-28-2012 9:39:13.343,15,FALSE,FALSE,07-28-2012 9:39:18.390,,,07-28-2012 9:39:18.390,System.Byte[],Waived current late fee 1.
,335842,1495,87240,1574360,83077,949286,1179,88,512919,07-28-2012 9:39:13.343,-15,FALSE,FALSE,07-28-2012 9:39:18.390,,,07-28-2012 9:39:18.390,System.Byte[],Waived current late fee 1.
,336035,1495,87290,1575357,83210,949863,93,88,513075,07-29-2012 14:21:16.250,15,FALSE,FALSE,07-29-2012 14:21:21.370,,,07-29-2012 14:21:21.370,System.Byte[],Waived current late fee 1.
,336036,1495,87290,1575357,83210,949863,93,88,513075,07-29-2012 14:21:16.250,-15,FALSE,FALSE,07-29-2012 14:21:21.370,,,07-29-2012 14:21:21.370,System.Byte[],Waived current late fee 1.
,338605,1495,87723,1591758,1607,961328,93,88,514189,08-07-2012 10:34:34.173,15,FALSE,FALSE,08-07-2012 10:34:36.297,,,08-07-2012 10:34:36.297,System.Byte[],Waived current late fee 1.
,338606,1495,87723,1591758,1607,961328,93,88,514189,08-07-2012 10:34:34.173,-15,FALSE,FALSE,08-07-2012 10:34:36.297,,,08-07-2012 10:34:36.297,System.Byte[],Waived current late fee 1.
,338769,1495,87723,1592412,82244,961762,93,88,514264,08-07-2012 15:37:38.767,15,FALSE,FALSE,08-07-2012 15:37:42.583,,,08-07-2012 15:37:42.583,System.Byte[],Waived current late fee 1.
,338770,1495,87723,1592412,82244,961762,93,88,514264,08-07-2012 15:37:38.767,-15,FALSE,FALSE,08-07-2012 15:37:42.583,,,08-07-2012 15:37:42.583,System.Byte[],Waived current late fee 1.
,339283,1495,87836,1594157,79551,962824,93,88,514456,08-09-2012 10:25:59.900,15,FALSE,FALSE,08-09-2012 10:26:25.343,,,08-09-2012 10:26:25.343,System.Byte[],Waived current late fee 1.
,339284,1495,87836,1594157,79551,962824,93,88,514456,08-09-2012 10:25:59.900,-15,FALSE,FALSE,08-09-2012 10:26:25.343,,,08-09-2012 10:26:25.343,System.Byte[],Waived current late fee 1.
,339285,1495,87836,1594166,56419,962827,93,88,514457,08-09-2012 10:32:52.917,15,FALSE,FALSE,08-09-2012 10:33:16.207,,,08-09-2012 10:33:16.207,System.Byte[],Waived current late fee 1.
,339286,1495,87836,1594166,56419,962827,93,88,514457,08-09-2012 10:32:52.917,-15,FALSE,FALSE,08-09-2012 10:33:16.207,,,08-09-2012 10:33:16.207,System.Byte[],Waived current late fee 1.
,339862,1495,87941,1596803,83476,964469,1179,88,514710,08-11-2012 13:07:54.563,15,FALSE,FALSE,08-11-2012 13:07:58.950,,,08-11-2012 13:07:58.950,System.Byte[],Waived current late fee 2.
,339863,1495,87941,1596803,83476,964469,1179,88,514710,08-11-2012 13:07:54.563,-15,FALSE,FALSE,08-11-2012 13:07:58.950,,,08-11-2012 13:07:58.950,System.Byte[],Waived current late fee 2.
,341046,1495,88065,1599564,61476,965929,93,88,515164,08-14-2012 15:06:28.640,15,FALSE,FALSE,08-14-2012 15:06:49.017,,,08-14-2012 15:06:49.017,System.Byte[],Waived current late fee 1.
,341047,1495,88065,1599564,61476,965929,93,88,515164,08-14-2012 15:06:28.640,-15,FALSE,FALSE,08-14-2012 15:06:49.017,,,08-14-2012 15:06:49.017,System.Byte[],Waived current late fee 1.
,341644,1495,88170,1601372,79907,966974,93,88,515615,08-16-2012 9:10:32.223,15,FALSE,FALSE,08-16-2012 9:10:31.553,,,08-16-2012 9:10:31.553,System.Byte[],Waived current late fee 1.
,341645,1495,88170,1601372,79907,966974,93,88,515615,08-16-2012 9:10:32.223,-15,FALSE,FALSE,08-16-2012 9:10:31.553,,,08-16-2012 9:10:31.553,System.Byte[],Waived current late fee 1.
,341664,1495,88170,1601459,87304,967024,93,88,515625,08-16-2012 11:00:45.583,15,FALSE,FALSE,08-16-2012 11:00:40.463,,,08-16-2012 11:00:40.463,System.Byte[],Waived current late fee 1.
,341665,1495,88170,1601459,87304,967024,93,88,515625,08-16-2012 11:00:45.583,-15,FALSE,FALSE,08-16-2012 11:00:40.463,,,08-16-2012 11:00:40.463,System.Byte[],Waived current late fee 1.
,342640,1495,88334,1604806,72701,968833,93,88,516075,08-20-2012 15:57:31.753,15,FALSE,FALSE,08-20-2012 15:57:44.383,,,08-20-2012 15:57:44.383,System.Byte[],Waived current late fee 1.
,342641,1495,88334,1604806,72701,968833,93,88,516075,08-20-2012 15:57:31.753,-15,FALSE,FALSE,08-20-2012 15:57:44.383,,,08-20-2012 15:57:44.383,System.Byte[],Waived current late fee 1.
,342642,1495,88334,1604807,72701,968833,93,88,516076,08-20-2012 15:57:31.753,15,FALSE,FALSE,08-20-2012 15:57:44.383,,,08-20-2012 15:57:44.383,System.Byte[],Waived current late fee 2.
,342643,1495,88334,1604807,72701,968833,93,88,516076,08-20-2012 15:57:31.753,-15,FALSE,FALSE,08-20-2012 15:57:44.383,,,08-20-2012 15:57:44.383,System.Byte[],Waived current late fee 2.
,352271,1495,92108,1647665,1759,991966,93,88,523947,08-30-2012 14:07:38.220,15,FALSE,FALSE,08-30-2012 14:07:31.257,,,08-30-2012 14:07:31.257,System.Byte[],Waived current late fee 1.
,352272,1495,92108,1647665,1759,991966,93,88,523947,08-30-2012 14:07:38.220,-15,FALSE,FALSE,08-30-2012 14:07:31.257,,,08-30-2012 14:07:31.257,System.Byte[],Waived current late fee 1.
,353761,1495,92279,1657837,56419,999023,93,88,524565,09-04-2012 9:48:01.593,15,FALSE,FALSE,09-04-2012 9:48:27.543,,,09-04-2012 9:48:27.543,System.Byte[],Waived current late fee 1.
,353762,1495,92279,1657837,56419,999023,93,88,524565,09-04-2012 9:48:01.593,-15,FALSE,FALSE,09-04-2012 9:48:27.543,,,09-04-2012 9:48:27.543,System.Byte[],Waived current late fee 1.
,354821,1495,92521,1664157,84383,1003331,93,88,525047,09-07-2012 9:25:15.533,15,FALSE,FALSE,09-07-2012 9:25:23.257,,,09-07-2012 9:25:23.257,System.Byte[],Waived current late fee 1.
,354822,1495,92521,1664157,84383,1003331,93,88,525047,09-07-2012 9:25:15.533,-15,FALSE,FALSE,09-07-2012 9:25:23.257,,,09-07-2012 9:25:23.257,System.Byte[],Waived current late fee 1.
,354823,1495,92521,1664163,1648,1003336,93,88,525048,09-07-2012 9:37:17.783,15,FALSE,FALSE,09-07-2012 9:37:38.670,,,09-07-2012 9:37:38.670,System.Byte[],Waived current late fee 1.
,354824,1495,92521,1664163,1648,1003336,93,88,525048,09-07-2012 9:37:17.783,-15,FALSE,FALSE,09-07-2012 9:37:38.670,,,09-07-2012 9:37:38.670,System.Byte[],Waived current late fee 1.
,358307,1495,93058,1676887,80082,1010120,93,88,526389,09-18-2012 16:27:12.837,15,FALSE,FALSE,09-18-2012 16:26:56.343,,,09-18-2012 16:26:56.343,System.Byte[],Waived current late fee 1.
,358308,1495,93058,1676887,80082,1010120,93,88,526389,09-18-2012 16:27:12.837,-15,FALSE,FALSE,09-18-2012 16:26:56.343,,,09-18-2012 16:26:56.343,System.Byte[],Waived current late fee 1.
,358309,1495,93058,1676888,63337,1010120,93,88,526390,09-18-2012 16:27:12.837,15,FALSE,FALSE,09-18-2012 16:26:56.347,,,09-18-2012 16:26:56.347,System.Byte[],Waived current late fee 1.
,358310,1495,93058,1676888,63337,1010120,93,88,526390,09-18-2012 16:27:12.837,-15,FALSE,FALSE,09-18-2012 16:26:56.347,,,09-18-2012 16:26:56.347,System.Byte[],Waived current late fee 1.
,359907,1495,93390,1682287,1773,1013091,93,88,527026,09-25-2012 13:15:17.860,15,FALSE,FALSE,09-25-2012 13:15:22.060,,,09-25-2012 13:15:22.060,System.Byte[],Waived current late fee 1.
,359908,1495,93390,1682287,1773,1013091,93,88,527026,09-25-2012 13:15:17.860,-15,FALSE,FALSE,09-25-2012 13:15:22.060,,,09-25-2012 13:15:22.060,System.Byte[],Waived current late fee 1.
,359979,1495,93440,1682567,88150,1013242,93,88,527082,09-25-2012 16:56:56.313,15,FALSE,FALSE,09-25-2012 16:56:38.600,,,09-25-2012 16:56:38.600,System.Byte[],Waived current late fee 1.
,359980,1495,93440,1682567,88150,1013242,93,88,527082,09-25-2012 16:56:56.313,-15,FALSE,FALSE,09-25-2012 16:56:38.600,,,09-25-2012 16:56:38.600,System.Byte[],Waived current late fee 1.
,360651,1495,93553,1685585,86917,1014906,1038,88,527423,09-28-2012 14:26:34.640,15,FALSE,FALSE,09-28-2012 14:26:46.257,,,09-28-2012 14:26:46.257,System.Byte[],Waived current late fee 2.
,360652,1495,93553,1685585,86917,1014906,1038,88,527423,09-28-2012 14:26:34.640,-15,FALSE,FALSE,09-28-2012 14:26:46.257,,,09-28-2012 14:26:46.257,System.Byte[],Waived current late fee 2.
,362603,1495,93879,1700155,1716,1025170,1179,88,528378,10-04-2012 16:27:21.700,15,FALSE,FALSE,10-04-2012 16:27:25.653,,,10-04-2012 16:27:25.653,System.Byte[],Waived current late fee 1.
,362604,1495,93879,1700155,1716,1025170,1179,88,528378,10-04-2012 16:27:21.700,-15,FALSE,FALSE,10-04-2012 16:27:25.653,,,10-04-2012 16:27:25.653,System.Byte[],Waived current late fee 1.
,362753,1495,93946,1700786,61331,1025544,1038,88,528408,10-05-2012 9:15:22.200,15,FALSE,FALSE,10-05-2012 9:16:06.350,,,10-05-2012 9:16:06.350,System.Byte[],Waived current late fee 1.
,362754,1495,93946,1700786,61331,1025544,1038,88,528408,10-05-2012 9:15:22.200,-15,FALSE,FALSE,10-05-2012 9:16:06.353,,,10-05-2012 9:16:06.353,System.Byte[],Waived current late fee 1.
,362993,1495,93946,1702008,1719,1026360,93,88,528515,10-05-2012 16:18:52.963,15,FALSE,FALSE,10-05-2012 16:19:10.490,,,10-05-2012 16:19:10.490,System.Byte[],Waived current late fee 1.
,362994,1495,93946,1702008,1719,1026360,93,88,528515,10-05-2012 16:18:52.963,-15,FALSE,FALSE,10-05-2012 16:19:10.490,,,10-05-2012 16:19:10.490,System.Byte[],Waived current late fee 1.
,364941,1495,94329,1709830,1528,1031110,93,88,529379,10-12-2012 9:57:20.223,15,FALSE,FALSE,10-12-2012 9:57:39.480,,,10-12-2012 9:57:39.480,System.Byte[],Waived current late fee 1.
,364942,1495,94329,1709830,1528,1031110,93,88,529379,10-12-2012 9:57:20.223,-15,FALSE,FALSE,10-12-2012 9:57:39.480,,,10-12-2012 9:57:39.480,System.Byte[],Waived current late fee 1.
,365107,1495,94329,1710329,91259,1031327,93,88,529439,10-12-2012 13:42:12.597,15,FALSE,FALSE,10-12-2012 13:42:51.813,,,10-12-2012 13:42:51.813,System.Byte[],Waived current late fee 1.
,365108,1495,94329,1710329,91259,1031327,93,88,529439,10-12-2012 13:42:12.597,-15,FALSE,FALSE,10-12-2012 13:42:51.813,,,10-12-2012 13:42:51.813,System.Byte[],Waived current late fee 1.
,365131,1495,94329,1710431,86419,1031380,93,88,529451,10-12-2012 14:29:04.723,15,FALSE,FALSE,10-12-2012 14:29:09.277,,,10-12-2012 14:29:09.277,System.Byte[],Waived current late fee 1.
,365132,1495,94329,1710431,86419,1031380,93,88,529451,10-12-2012 14:29:04.723,-15,FALSE,FALSE,10-12-2012 14:29:09.277,,,10-12-2012 14:29:09.277,System.Byte[],Waived current late fee 1.
,365673,1495,94448,1712222,87304,1032316,93,88,529687,10-15-2012 9:39:15.347,15,FALSE,FALSE,10-15-2012 9:39:21.713,,,10-15-2012 9:39:21.713,System.Byte[],Waived current late fee 1.
,365674,1495,94448,1712222,87304,1032316,93,88,529687,10-15-2012 9:39:15.347,-15,FALSE,FALSE,10-15-2012 9:39:21.717,,,10-15-2012 9:39:21.717,System.Byte[],Waived current late fee 1.
,365677,1495,94448,1712224,37166,1032321,93,88,529688,10-15-2012 9:43:31.910,15,FALSE,FALSE,10-15-2012 9:43:38.120,,,10-15-2012 9:43:38.120,System.Byte[],Waived current late fee 1.
,365678,1495,94448,1712224,37166,1032321,93,88,529688,10-15-2012 9:43:31.910,-15,FALSE,FALSE,10-15-2012 9:43:38.120,,,10-15-2012 9:43:38.120,System.Byte[],Waived current late fee 1.
,367239,1495,94734,1716941,69294,1034707,93,88,530223,10-20-2012 9:59:36.893,15,FALSE,FALSE,10-20-2012 9:59:41.527,,,10-20-2012 9:59:41.527,System.Byte[],Waived current late fee 1.
,367240,1495,94734,1716941,69294,1034707,93,88,530223,10-20-2012 9:59:36.893,-15,FALSE,FALSE,10-20-2012 9:59:41.527,,,10-20-2012 9:59:41.527,System.Byte[],Waived current late fee 1.
,367837,1495,94870,1718852,91987,1035773,93,88,530446,10-23-2012 10:22:27.707,15,FALSE,FALSE,10-23-2012 10:22:33.857,,,10-23-2012 10:22:33.857,System.Byte[],Waived current late fee 1.
,367838,1495,94870,1718852,91987,1035773,93,88,530446,10-23-2012 10:22:27.707,-15,FALSE,FALSE,10-23-2012 10:22:33.857,,,10-23-2012 10:22:33.857,System.Byte[],Waived current late fee 1.
,368497,1495,95036,1721605,44167,1037410,93,88,531052,10-26-2012 11:34:41.130,15,FALSE,FALSE,10-26-2012 11:34:54.610,,,10-26-2012 11:34:54.610,System.Byte[],Waived current late fee 2.
,368498,1495,95036,1721605,44167,1037410,93,88,531052,10-26-2012 11:34:41.130,-15,FALSE,FALSE,10-26-2012 11:34:54.610,,,10-26-2012 11:34:54.610,System.Byte[],Waived current late fee 2.
,368541,1495,95036,1721798,85272,1037536,93,88,531077,10-26-2012 13:15:10.457,15,FALSE,FALSE,10-26-2012 13:15:39.910,,,10-26-2012 13:15:39.910,System.Byte[],Waived current late fee 1.
,368542,1495,95036,1721798,85272,1037536,93,88,531077,10-26-2012 13:15:10.457,-15,FALSE,FALSE,10-26-2012 13:15:39.910,,,10-26-2012 13:15:39.910,System.Byte[],Waived current late fee 1.
,369085,1495,95150,1724196,80082,1038943,93,88,531356,10-29-2012 15:14:10.660,15,FALSE,FALSE,10-29-2012 15:14:16.580,,,10-29-2012 15:14:16.580,System.Byte[],Waived current late fee 1.
,369086,1495,95150,1724196,80082,1038943,93,88,531356,10-29-2012 15:14:10.660,-15,FALSE,FALSE,10-29-2012 15:14:16.580,,,10-29-2012 15:14:16.580,System.Byte[],Waived current late fee 1.
,369087,1495,95150,1724197,80082,1038943,93,88,531357,10-29-2012 15:14:10.660,15,FALSE,FALSE,10-29-2012 15:14:16.580,,,10-29-2012 15:14:16.580,System.Byte[],Waived current late fee 2.
,369088,1495,95150,1724197,80082,1038943,93,88,531357,10-29-2012 15:14:10.660,-15,FALSE,FALSE,10-29-2012 15:14:16.580,,,10-29-2012 15:14:16.580,System.Byte[],Waived current late fee 2.
,369235,1495,95232,1724693,70679,1039222,93,88,531404,10-30-2012 11:17:33.880,15,FALSE,FALSE,10-30-2012 11:17:45.027,,,10-30-2012 11:17:45.027,System.Byte[],Waived current late fee 2.
,369236,1495,95232,1724693,70679,1039222,93,88,531404,10-30-2012 11:17:33.880,-15,FALSE,FALSE,10-30-2012 11:17:45.027,,,10-30-2012 11:17:45.027,System.Byte[],Waived current late fee 2.
,370747,1495,95390,1734744,37166,1046497,93,88,532294,11-02-2012 12:47:31.133,15,FALSE,FALSE,11-02-2012 12:47:35.840,,,11-02-2012 12:47:35.840,System.Byte[],Waived current late fee 2.
,370748,1495,95390,1734744,37166,1046497,93,88,532294,11-02-2012 12:47:31.133,-15,FALSE,FALSE,11-02-2012 12:47:35.840,,,11-02-2012 12:47:35.840,System.Byte[],Waived current late fee 2.
,371275,1495,95529,1738630,91987,1049139,93,88,532532,11-05-2012 9:16:49.320,15,FALSE,FALSE,11-05-2012 9:16:54.567,,,11-05-2012 9:16:54.567,System.Byte[],Waived current late fee 2.
,371276,1495,95529,1738630,91987,1049139,93,88,532532,11-05-2012 9:16:49.320,-15,FALSE,FALSE,11-05-2012 9:16:54.567,,,11-05-2012 9:16:54.567,System.Byte[],Waived current late fee 2.
,371619,1495,95614,1741011,52827,1050752,93,88,532722,11-06-2012 10:13:32.480,15,FALSE,FALSE,11-06-2012 10:13:53.903,,,11-06-2012 10:13:53.903,System.Byte[],Waived current late fee 1.
,371620,1495,95614,1741011,52827,1050752,93,88,532722,11-06-2012 10:13:32.480,-15,FALSE,FALSE,11-06-2012 10:13:53.903,,,11-06-2012 10:13:53.903,System.Byte[],Waived current late fee 1.
,371789,1495,95614,1741705,1716,1051187,93,88,532800,11-06-2012 15:03:01.627,15,FALSE,FALSE,11-06-2012 15:03:37.607,,,11-06-2012 15:03:37.607,System.Byte[],Waived current late fee 1.
,371790,1495,95614,1741705,1716,1051187,93,88,532800,11-06-2012 15:03:01.627,-15,FALSE,FALSE,11-06-2012 15:03:37.607,,,11-06-2012 15:03:37.607,System.Byte[],Waived current late fee 1.
,372605,1495,95803,1745084,1755,1053245,93,88,533165,11-09-2012 10:13:44.220,15,FALSE,FALSE,11-09-2012 10:13:36.160,,,11-09-2012 10:13:36.160,System.Byte[],Waived current late fee 2.
,372606,1495,95803,1745084,1755,1053245,93,88,533165,11-09-2012 10:13:44.220,-15,FALSE,FALSE,11-09-2012 10:13:36.160,,,11-09-2012 10:13:36.160,System.Byte[],Waived current late fee 2.
,372607,1495,95803,1745087,54406,1053245,93,88,533166,11-09-2012 10:13:44.220,15,FALSE,FALSE,11-09-2012 10:13:36.160,,,11-09-2012 10:13:36.160,System.Byte[],Waived current late fee 2.
,372608,1495,95803,1745087,54406,1053245,93,88,533166,11-09-2012 10:13:44.220,-15,FALSE,FALSE,11-09-2012 10:13:36.160,,,11-09-2012 10:13:36.160,System.Byte[],Waived current late fee 2.
,373493,1495,95934,1748601,1528,1055334,93,88,533502,11-12-2012 9:09:39.767,15,FALSE,FALSE,11-12-2012 9:09:30.873,,,11-12-2012 9:09:30.873,System.Byte[],Waived current late fee 1.
,373494,1495,95934,1748601,1528,1055334,93,88,533502,11-12-2012 9:09:39.767,-15,FALSE,FALSE,11-12-2012 9:09:30.873,,,11-12-2012 9:09:30.873,System.Byte[],Waived current late fee 1.
,374189,1495,96020,1750400,1523,1056283,93,88,533779,11-13-2012 15:19:49.680,15,FALSE,FALSE,11-13-2012 15:20:35.750,,,11-13-2012 15:20:35.750,System.Byte[],Waived current late fee 1.
,374190,1495,96020,1750400,1523,1056283,93,88,533779,11-13-2012 15:19:49.680,-15,FALSE,FALSE,11-13-2012 15:20:35.750,,,11-13-2012 15:20:35.750,System.Byte[],Waived current late fee 1.
,374247,1495,96020,1750566,91220,1056366,93,88,533814,11-13-2012 16:32:10.290,15,FALSE,FALSE,11-13-2012 16:32:12.830,,,11-13-2012 16:32:12.830,System.Byte[],Waived current late fee 1.
,374248,1495,96020,1750566,91220,1056366,93,88,533814,11-13-2012 16:32:10.290,-15,FALSE,FALSE,11-13-2012 16:32:12.830,,,11-13-2012 16:32:12.830,System.Byte[],Waived current late fee 1.
,376257,1495,96191,1754464,71006,1058058,93,88,534229,11-16-2012 15:57:16.457,15,FALSE,FALSE,11-16-2012 15:57:25.140,,,11-16-2012 15:57:25.140,System.Byte[],Waived current late fee 1.
,376258,1495,96191,1754464,71006,1058058,93,88,534229,11-16-2012 15:57:16.457,-15,FALSE,FALSE,11-16-2012 15:57:25.140,,,11-16-2012 15:57:25.140,System.Byte[],Waived current late fee 1.
,378527,1495,96596,1761517,85272,1061811,93,88,534976,11-26-2012 13:11:31.483,15,FALSE,FALSE,11-26-2012 13:12:20.763,,,11-26-2012 13:12:20.763,System.Byte[],Waived current late fee 1.
,378528,1495,96596,1761517,85272,1061811,93,88,534976,11-26-2012 13:11:31.483,-15,FALSE,FALSE,11-26-2012 13:12:20.763,,,11-26-2012 13:12:20.763,System.Byte[],Waived current late fee 1.
,379491,1495,96848,1765844,85437,1064202,93,88,535532,11-30-2012 10:11:34.100,15,FALSE,FALSE,11-30-2012 10:11:35.563,,,11-30-2012 10:11:35.563,System.Byte[],Waived current late fee 1.
,379492,1495,96848,1765844,85437,1064202,93,88,535532,11-30-2012 10:11:34.100,-15,FALSE,FALSE,11-30-2012 10:11:35.563,,,11-30-2012 10:11:35.563,System.Byte[],Waived current late fee 1.
,379763,1495,96848,1767025,81997,1064926,93,88,535711,11-30-2012 16:04:08.703,15,FALSE,FALSE,11-30-2012 16:04:48.790,,,11-30-2012 16:04:48.790,System.Byte[],Waived current late fee 1.
,379764,1495,96848,1767025,81997,1064926,93,88,535711,11-30-2012 16:04:08.703,-15,FALSE,FALSE,11-30-2012 16:04:48.790,,,11-30-2012 16:04:48.790,System.Byte[],Waived current late fee 1.
,380313,1495,96963,1774056,83736,1070056,93,88,535977,12-03-2012 10:09:16.187,15,FALSE,FALSE,12-03-2012 10:09:23.103,,,12-03-2012 10:09:23.103,System.Byte[],Waived current late fee 1.
,380314,1495,96963,1774056,83736,1070056,93,88,535977,12-03-2012 10:09:16.187,-15,FALSE,FALSE,12-03-2012 10:09:23.103,,,12-03-2012 10:09:23.103,System.Byte[],Waived current late fee 1.
,383183,1495,97569,1789886,96784,1080263,1038,88,537260,12-13-2012 9:58:49.970,15,FALSE,FALSE,12-13-2012 9:58:49.503,,,12-13-2012 9:58:49.503,System.Byte[],Waived current late fee 1.
,383184,1495,97569,1789886,96784,1080263,1038,88,537260,12-13-2012 9:58:49.970,-15,FALSE,FALSE,12-13-2012 9:58:49.503,,,12-13-2012 9:58:49.503,System.Byte[],Waived current late fee 1.
,383211,1495,97569,1789948,1528,1080302,1038,88,537272,12-13-2012 10:59:08.780,15,FALSE,FALSE,12-13-2012 10:59:15.207,,,12-13-2012 10:59:15.207,System.Byte[],Waived current late fee 1.
,383212,1495,97569,1789948,1528,1080302,1038,88,537272,12-13-2012 10:59:08.780,-15,FALSE,FALSE,12-13-2012 10:59:15.210,,,12-13-2012 10:59:15.210,System.Byte[],Waived current late fee 1.
,383525,1495,97632,1791223,8221,1080942,1038,88,537446,12-14-2012 13:29:20.813,15,FALSE,FALSE,12-14-2012 13:29:21.410,,,12-14-2012 13:29:21.410,System.Byte[],Waived current late fee 2.
,383526,1495,97632,1791223,8221,1080942,1038,88,537446,12-14-2012 13:29:20.813,-15,FALSE,FALSE,12-14-2012 13:29:21.410,,,12-14-2012 13:29:21.410,System.Byte[],Waived current late fee 2.
,383531,1495,97632,1791227,95057,1080945,1038,88,537447,12-14-2012 13:32:47.813,15,FALSE,FALSE,12-14-2012 13:32:49.970,,,12-14-2012 13:32:49.970,System.Byte[],Waived current late fee 1.
,383532,1495,97632,1791227,95057,1080945,1038,88,537447,12-14-2012 13:32:47.813,-15,FALSE,FALSE,12-14-2012 13:32:49.970,,,12-14-2012 13:32:49.970,System.Byte[],Waived current late fee 1.
,383639,1495,97632,1791594,61331,1081123,1038,88,537487,12-14-2012 16:29:01.157,15,FALSE,FALSE,12-14-2012 16:29:22.120,,,12-14-2012 16:29:22.120,System.Byte[],Waived current late fee 1.
,383640,1495,97632,1791594,61331,1081123,1038,88,537487,12-14-2012 16:29:01.157,-15,FALSE,FALSE,12-14-2012 16:29:22.123,,,12-14-2012 16:29:22.123,System.Byte[],Waived current late fee 1.
,384119,1495,97744,1793646,1523,1082240,93,88,537706,12-17-2012 16:31:25.250,15,FALSE,FALSE,12-17-2012 16:31:48.437,,,12-17-2012 16:31:48.437,System.Byte[],Waived current late fee 1.
,384120,1495,97744,1793646,1523,1082240,93,88,537706,12-17-2012 16:31:25.250,-15,FALSE,FALSE,12-17-2012 16:31:48.440,,,12-17-2012 16:31:48.440,System.Byte[],Waived current late fee 1.
,384611,1495,97925,1795738,86686,1083408,1179,88,537931,12-20-2012 11:22:21.907,15,FALSE,FALSE,12-20-2012 11:22:27.050,,,12-20-2012 11:22:27.050,System.Byte[],Waived current late fee 2.
,384612,1495,97925,1795738,86686,1083408,1179,88,537931,12-20-2012 11:22:21.907,-15,FALSE,FALSE,12-20-2012 11:22:27.050,,,12-20-2012 11:22:27.050,System.Byte[],Waived current late fee 2.
,384983,1495,97984,1796917,96174,1084070,1038,88,538060,12-21-2012 15:31:50.563,15,FALSE,FALSE,12-21-2012 15:31:57.970,,,12-21-2012 15:31:57.970,System.Byte[],Waived current late fee 1.
,384984,1495,97984,1796917,96174,1084070,1038,88,538060,12-21-2012 15:31:50.563,-15,FALSE,FALSE,12-21-2012 15:31:57.970,,,12-21-2012 15:31:57.970,System.Byte[],Waived current late fee 1.
,384985,1495,97984,1796918,96174,1084070,1038,88,538061,12-21-2012 15:31:50.563,15,FALSE,FALSE,12-21-2012 15:31:57.970,,,12-21-2012 15:31:57.970,System.Byte[],Waived current late fee 2.
,384986,1495,97984,1796918,96174,1084070,1038,88,538061,12-21-2012 15:31:50.563,-15,FALSE,FALSE,12-21-2012 15:31:57.970,,,12-21-2012 15:31:57.970,System.Byte[],Waived current late fee 2.
,385509,1495,98102,1799022,93733,1085219,93,88,538208,12-26-2012 11:37:25.983,15,FALSE,FALSE,12-26-2012 11:37:21.040,,,12-26-2012 11:37:21.040,System.Byte[],Waived current late fee 1.
,385510,1495,98102,1799022,93733,1085219,93,88,538208,12-26-2012 11:37:25.983,-15,FALSE,FALSE,12-26-2012 11:37:21.040,,,12-26-2012 11:37:21.040,System.Byte[],Waived current late fee 1.
,386057,1495,98280,1801933,1562,1086870,93,88,538984,12-28-2012 13:19:52.047,15,FALSE,FALSE,12-28-2012 13:19:28.720,,,12-28-2012 13:19:28.720,System.Byte[],Waived current late fee 1.
,386058,1495,98280,1801933,1562,1086870,93,88,538984,12-28-2012 13:19:52.047,-15,FALSE,FALSE,12-28-2012 13:19:28.723,,,12-28-2012 13:19:28.723,System.Byte[],Waived current late fee 1.
,387919,1495,98623,1815685,94541,1096470,93,88,539619,01-04-2013 9:58:17.437,15,FALSE,FALSE,01-04-2013 9:58:33.123,,,01-04-2013 9:58:33.123,System.Byte[],Waived current late fee 1.
,387920,1495,98623,1815685,94541,1096470,93,88,539619,01-04-2013 9:58:17.437,-15,FALSE,FALSE,01-04-2013 9:58:33.127,,,01-04-2013 9:58:33.127,System.Byte[],Waived current late fee 1.
,388093,1495,98623,1816570,89555,1097021,93,88,539701,01-04-2013 14:23:51.610,15,FALSE,FALSE,01-04-2013 14:24:06.223,,,01-04-2013 14:24:06.223,System.Byte[],Waived current late fee 1.
,388094,1495,98623,1816570,89555,1097021,93,88,539701,01-04-2013 14:23:51.610,-15,FALSE,FALSE,01-04-2013 14:24:06.223,,,01-04-2013 14:24:06.223,System.Byte[],Waived current late fee 1.
,388941,1495,98841,1821682,96466,1100341,93,88,540108,01-08-2013 11:53:28.233,15,FALSE,FALSE,01-08-2013 11:53:36.427,,,01-08-2013 11:53:36.427,System.Byte[],Waived current late fee 1.
,388942,1495,98841,1821682,96466,1100341,93,88,540108,01-08-2013 11:53:28.233,-15,FALSE,FALSE,01-08-2013 11:53:36.427,,,01-08-2013 11:53:36.427,System.Byte[],Waived current late fee 1.
,390311,1495,99089,1827806,83077,1103898,1179,88,540938,01-12-2013 10:41:16.390,15,FALSE,FALSE,01-12-2013 10:41:09.493,,,01-12-2013 10:41:09.493,System.Byte[],Waived current late fee 1.
,390312,1495,99089,1827806,83077,1103898,1179,88,540938,01-12-2013 10:41:16.390,-15,FALSE,FALSE,01-12-2013 10:41:09.493,,,01-12-2013 10:41:09.493,System.Byte[],Waived current late fee 1.
,390313,1495,99089,1827807,83077,1103898,1179,88,540939,01-12-2013 10:41:16.390,15,FALSE,FALSE,01-12-2013 10:41:09.493,,,01-12-2013 10:41:09.493,System.Byte[],Waived current late fee 2.
,390314,1495,99089,1827807,83077,1103898,1179,88,540939,01-12-2013 10:41:16.390,-15,FALSE,FALSE,01-12-2013 10:41:09.493,,,01-12-2013 10:41:09.493,System.Byte[],Waived current late fee 2.
,390609,1495,99150,1828997,1509,1104539,93,88,541096,01-14-2013 9:43:19.547,15,FALSE,FALSE,01-14-2013 9:42:33.433,,,01-14-2013 9:42:33.433,System.Byte[],Waived current late fee 1.
,390610,1495,99150,1828997,1509,1104539,93,88,541096,01-14-2013 9:43:19.547,-15,FALSE,FALSE,01-14-2013 9:42:33.433,,,01-14-2013 9:42:33.433,System.Byte[],Waived current late fee 1.
,392733,1495,99581,1837065,63337,1108736,93,88,542452,01-22-2013 16:33:07.113,15,FALSE,FALSE,01-22-2013 16:33:54.030,,,01-22-2013 16:33:54.030,System.Byte[],Waived current late fee 1.
,392734,1495,99581,1837065,63337,1108736,93,88,542452,01-22-2013 16:33:07.113,-15,FALSE,FALSE,01-22-2013 16:33:54.033,,,01-22-2013 16:33:54.033,System.Byte[],Waived current late fee 1.
,393239,1495,99757,1839697,85142,1110372,93,88,543263,01-25-2013 10:49:28.720,15,FALSE,FALSE,01-25-2013 10:49:36.083,,,01-25-2013 10:49:36.083,System.Byte[],Waived current late fee 1.
,393240,1495,99757,1839697,85142,1110372,93,88,543263,01-25-2013 10:49:28.720,-15,FALSE,FALSE,01-25-2013 10:49:36.083,,,01-25-2013 10:49:36.083,System.Byte[],Waived current late fee 1.
,393679,1495,99873,1842185,93355,1111720,93,88,543532,01-28-2013 13:09:59.970,15,FALSE,FALSE,01-28-2013 13:09:32.607,,,01-28-2013 13:09:32.607,System.Byte[],Waived current late fee 2.
,393680,1495,99873,1842185,93355,1111720,93,88,543532,01-28-2013 13:09:59.970,-15,FALSE,FALSE,01-28-2013 13:09:32.610,,,01-28-2013 13:09:32.610,System.Byte[],Waived current late fee 2.
,393683,1495,99873,1842215,97930,1111738,93,88,543537,01-28-2013 13:23:42.047,15,FALSE,FALSE,01-28-2013 13:23:22.043,,,01-28-2013 13:23:22.043,System.Byte[],Waived current late fee 1.
,393684,1495,99873,1842215,97930,1111738,93,88,543537,01-28-2013 13:23:42.047,-15,FALSE,FALSE,01-28-2013 13:23:22.043,,,01-28-2013 13:23:22.043,System.Byte[],Waived current late fee 1.
,393685,1495,99873,1842216,97930,1111738,93,88,543538,01-28-2013 13:23:42.047,15,FALSE,FALSE,01-28-2013 13:23:22.043,,,01-28-2013 13:23:22.043,System.Byte[],Waived current late fee 2.
,393686,1495,99873,1842216,97930,1111738,93,88,543538,01-28-2013 13:23:42.047,-15,FALSE,FALSE,01-28-2013 13:23:22.043,,,01-28-2013 13:23:22.043,System.Byte[],Waived current late fee 2.
,394045,1495,99956,1844202,1623,1112755,93,88,544331,01-29-2013 13:30:23.500,15,FALSE,FALSE,01-29-2013 13:30:00.013,,,01-29-2013 13:30:00.013,System.Byte[],Waived current late fee 2.
,394046,1495,99956,1844202,1623,1112755,93,88,544331,01-29-2013 13:30:23.500,-15,FALSE,FALSE,01-29-2013 13:30:00.013,,,01-29-2013 13:30:00.013,System.Byte[],Waived current late fee 2.
,395951,1495,100380,1862153,1755,1124856,93,88,546432,02-05-2013 13:15:40.730,15,FALSE,FALSE,02-05-2013 13:16:42.370,,,02-05-2013 13:16:42.370,System.Byte[],Waived current late fee 2.
,395952,1495,100380,1862153,1755,1124856,93,88,546432,02-05-2013 13:15:40.730,-15,FALSE,FALSE,02-05-2013 13:16:42.373,,,02-05-2013 13:16:42.373,System.Byte[],Waived current late fee 2.
,395995,1495,100380,1862310,63337,1124961,93,88,546454,02-05-2013 13:52:55.603,15,FALSE,FALSE,02-05-2013 13:53:27.110,,,02-05-2013 13:53:27.110,System.Byte[],Waived current late fee 2.
,395996,1495,100380,1862310,63337,1124961,93,88,546454,02-05-2013 13:52:55.603,-15,FALSE,FALSE,02-05-2013 13:53:27.110,,,02-05-2013 13:53:27.110,System.Byte[],Waived current late fee 2.
,397913,1495,100717,1871398,95598,1130602,93,88,547242,02-11-2013 13:46:56.260,15,FALSE,FALSE,02-11-2013 13:46:49.850,,,02-11-2013 13:46:49.850,System.Byte[],Waived current late fee 2.
,397914,1495,100717,1871398,95598,1130602,93,88,547242,02-11-2013 13:46:56.260,-15,FALSE,FALSE,02-11-2013 13:46:49.850,,,02-11-2013 13:46:49.850,System.Byte[],Waived current late fee 2.
,398911,1495,100810,1873388,94349,1131578,93,88,547603,02-12-2013 15:54:00.110,15,FALSE,FALSE,02-12-2013 15:54:42.403,,,02-12-2013 15:54:42.403,System.Byte[],Waived current late fee 1.
,398912,1495,100810,1873388,94349,1131578,93,88,547603,02-12-2013 15:54:00.110,-15,FALSE,FALSE,02-12-2013 15:54:42.403,,,02-12-2013 15:54:42.403,System.Byte[],Waived current late fee 1.
,398913,1495,100810,1873389,94349,1131578,93,88,547604,02-12-2013 15:54:00.110,15,FALSE,FALSE,02-12-2013 15:54:42.403,,,02-12-2013 15:54:42.403,System.Byte[],Waived current late fee 2.
,398914,1495,100810,1873389,94349,1131578,93,88,547604,02-12-2013 15:54:00.110,-15,FALSE,FALSE,02-12-2013 15:54:42.403,,,02-12-2013 15:54:42.403,System.Byte[],Waived current late fee 2.
,401093,1495,101131,1880227,1642,1134799,93,88,548681,02-18-2013 9:31:31.047,15,FALSE,FALSE,02-18-2013 9:31:50.690,,,02-18-2013 9:31:50.690,System.Byte[],Waived current late fee 1.
,401094,1495,101131,1880227,1642,1134799,93,88,548681,02-18-2013 9:31:31.047,-15,FALSE,FALSE,02-18-2013 9:31:50.690,,,02-18-2013 9:31:50.690,System.Byte[],Waived current late fee 1.
,401513,1495,101213,1881484,84207,1135476,93,88,548866,02-19-2013 13:11:37.937,15,FALSE,FALSE,02-19-2013 13:10:20.243,,,02-19-2013 13:10:20.243,System.Byte[],Waived current late fee 2.
,401514,1495,101213,1881484,84207,1135476,93,88,548866,02-19-2013 13:11:37.937,-15,FALSE,FALSE,02-19-2013 13:10:20.243,,,02-19-2013 13:10:20.243,System.Byte[],Waived current late fee 2.
,403131,1495,101622,1888692,63277,1139207,93,88,549633,02-26-2013 13:42:32.127,15,FALSE,FALSE,02-26-2013 13:42:59.743,,,02-26-2013 13:42:59.743,System.Byte[],Waived current late fee 1.
,403132,1495,101622,1888692,63277,1139207,93,88,549633,02-26-2013 13:42:32.127,-15,FALSE,FALSE,02-26-2013 13:42:59.743,,,02-26-2013 13:42:59.743,System.Byte[],Waived current late fee 1.
,403133,1495,101622,1888693,49403,1139207,93,88,549634,02-26-2013 13:42:32.127,15,FALSE,FALSE,02-26-2013 13:42:59.743,,,02-26-2013 13:42:59.743,System.Byte[],Waived current late fee 1.
,403134,1495,101622,1888693,49403,1139207,93,88,549634,02-26-2013 13:42:32.127,-15,FALSE,FALSE,02-26-2013 13:42:59.743,,,02-26-2013 13:42:59.743,System.Byte[],Waived current late fee 1.
,406229,1495,102274,1912183,101379,1155202,93,88,551043,03-08-2013 10:34:53.557,15,FALSE,FALSE,03-08-2013 10:34:57.980,,,03-08-2013 10:34:57.980,System.Byte[],Waived current late fee 1.
,406230,1495,102274,1912183,101379,1155202,93,88,551043,03-08-2013 10:34:53.557,-15,FALSE,FALSE,03-08-2013 10:34:57.980,,,03-08-2013 10:34:57.980,System.Byte[],Waived current late fee 1.
,406235,1495,102274,1912209,8221,1155218,93,88,551046,03-08-2013 10:55:16.460,15,FALSE,FALSE,03-08-2013 10:55:20.530,,,03-08-2013 10:55:20.530,System.Byte[],Waived current late fee 1.
,406236,1495,102274,1912209,8221,1155218,93,88,551046,03-08-2013 10:55:16.460,-15,FALSE,FALSE,03-08-2013 10:55:20.530,,,03-08-2013 10:55:20.530,System.Byte[],Waived current late fee 1.
,406237,1495,102274,1912220,84704,1155226,93,88,551047,03-08-2013 11:00:37.290,15,FALSE,FALSE,03-08-2013 11:01:26.723,,,03-08-2013 11:01:26.723,System.Byte[],Waived current late fee 1.
,406238,1495,102274,1912220,84704,1155226,93,88,551047,03-08-2013 11:00:37.290,-15,FALSE,FALSE,03-08-2013 11:01:26.723,,,03-08-2013 11:01:26.723,System.Byte[],Waived current late fee 1.
,406239,1495,102274,1912221,84704,1155226,93,88,551048,03-08-2013 11:00:37.290,15,FALSE,FALSE,03-08-2013 11:01:26.723,,,03-08-2013 11:01:26.723,System.Byte[],Waived current late fee 2.
,406240,1495,102274,1912221,84704,1155226,93,88,551048,03-08-2013 11:00:37.290,-15,FALSE,FALSE,03-08-2013 11:01:26.723,,,03-08-2013 11:01:26.723,System.Byte[],Waived current late fee 2.
,410938,1495,103189,1930474,93355,1165076,1179,88,553904,03-23-2013 13:26:21.827,15,FALSE,FALSE,03-23-2013 13:26:25.070,,03-23-2013 13:38:24.250,03-23-2013 13:38:24.330,System.Byte[],Waived current late fee 1.
,410939,1495,103189,1930474,93355,1165076,1179,88,553904,03-23-2013 13:26:21.827,-15,FALSE,FALSE,03-23-2013 13:26:25.070,,03-23-2013 13:38:24.250,03-23-2013 13:38:24.330,System.Byte[],Waived current late fee 1.
,410956,1495,103189,1930500,93355,1165092,1179,88,553909,03-23-2013 13:38:58.000,15,FALSE,FALSE,03-23-2013 13:39:00.607,,,03-23-2013 13:39:00.607,System.Byte[],Waived current late fee 1.
,410957,1495,103189,1930500,93355,1165092,1179,88,553909,03-23-2013 13:38:58.000,-15,FALSE,FALSE,03-23-2013 13:39:00.607,,,03-23-2013 13:39:00.607,System.Byte[],Waived current late fee 1.
,411110,1495,103251,1931399,104009,1165640,93,88,553987,03-25-2013 11:27:16.110,15,FALSE,FALSE,03-25-2013 11:27:21.433,,,03-25-2013 11:27:21.433,System.Byte[],Waived current late fee 1.
,411111,1495,103251,1931399,104009,1165640,93,88,553987,03-25-2013 11:27:16.110,-15,FALSE,FALSE,03-25-2013 11:27:21.433,,,03-25-2013 11:27:21.433,System.Byte[],Waived current late fee 1.
,411124,1495,103251,1931510,81213,1165695,93,88,554009,03-25-2013 12:27:07.843,15,FALSE,FALSE,03-25-2013 12:27:13.137,,,03-25-2013 12:27:13.137,System.Byte[],Waived current late fee 1.
,411125,1495,103251,1931510,81213,1165695,93,88,554009,03-25-2013 12:27:07.843,-15,FALSE,FALSE,03-25-2013 12:27:13.137,,,03-25-2013 12:27:13.137,System.Byte[],Waived current late fee 1.
,411218,1495,103251,1932023,86706,1165985,1179,88,554071,03-25-2013 16:38:19.530,15,FALSE,FALSE,03-25-2013 16:38:27.010,,,03-25-2013 16:38:27.010,System.Byte[],Waived current late fee 1.
,411219,1495,103251,1932023,86706,1165985,1179,88,554071,03-25-2013 16:38:19.530,-15,FALSE,FALSE,03-25-2013 16:38:27.010,,,03-25-2013 16:38:27.010,System.Byte[],Waived current late fee 1.
,411664,1495,103469,1934366,104432,1167307,93,88,554342,03-28-2013 10:51:04.110,15,FALSE,FALSE,03-28-2013 10:51:10.390,,,03-28-2013 10:51:10.390,System.Byte[],Waived current late fee 1.
,411665,1495,103469,1934366,104432,1167307,93,88,554342,03-28-2013 10:51:04.110,-15,FALSE,FALSE,03-28-2013 10:51:10.393,,,03-28-2013 10:51:10.393,System.Byte[],Waived current late fee 1.
,412218,1495,103536,1936657,81652,1168663,93,88,554583,03-29-2013 16:27:17.047,15,FALSE,FALSE,03-29-2013 16:27:32.890,,,03-29-2013 16:27:32.890,System.Byte[],Waived current late fee 1.
,412219,1495,103536,1936657,81652,1168663,93,88,554583,03-29-2013 16:27:17.047,-15,FALSE,FALSE,03-29-2013 16:27:32.890,,,03-29-2013 16:27:32.890,System.Byte[],Waived current late fee 1.
,413586,1495,103821,1950596,78084,1178590,93,88,555154,04-03-2013 16:59:57.440,15,FALSE,FALSE,04-03-2013 17:00:02.597,,,04-03-2013 17:00:02.597,System.Byte[],Waived current late fee 1.
,413587,1495,103821,1950596,78084,1178590,93,88,555154,04-03-2013 16:59:57.440,-15,FALSE,FALSE,04-03-2013 17:00:02.600,,,04-03-2013 17:00:02.600,System.Byte[],Waived current late fee 1.
,413588,1495,103821,1950597,78084,1178590,93,88,555155,04-03-2013 16:59:57.440,15,FALSE,FALSE,04-03-2013 17:00:02.600,,,04-03-2013 17:00:02.600,System.Byte[],Waived current late fee 2.
,413589,1495,103821,1950597,78084,1178590,93,88,555155,04-03-2013 16:59:57.440,-15,FALSE,FALSE,04-03-2013 17:00:02.600,,,04-03-2013 17:00:02.600,System.Byte[],Waived current late fee 2.
,413906,1495,103963,1953461,83077,1180511,93,88,555305,04-05-2013 10:50:40.220,15,FALSE,FALSE,04-05-2013 10:50:44.823,,,04-05-2013 10:50:44.823,System.Byte[],Waived current late fee 2.
,413907,1495,103963,1953461,83077,1180511,93,88,555305,04-05-2013 10:50:40.220,-15,FALSE,FALSE,04-05-2013 10:50:44.823,,,04-05-2013 10:50:44.823,System.Byte[],Waived current late fee 2.
,414632,1495,104108,1957734,93921,1183357,93,88,555688,04-08-2013 10:40:40.253,15,FALSE,FALSE,04-08-2013 10:40:44.410,,,04-08-2013 10:40:44.410,System.Byte[],Waived current late fee 2.
,414633,1495,104108,1957734,93921,1183357,93,88,555688,04-08-2013 10:40:40.253,-15,FALSE,FALSE,04-08-2013 10:40:44.410,,,04-08-2013 10:40:44.410,System.Byte[],Waived current late fee 2.
,418314,1495,104831,1971614,93355,1191276,93,88,557915,04-19-2013 11:02:44.703,15,FALSE,FALSE,04-19-2013 11:02:50.310,,,04-19-2013 11:02:50.310,System.Byte[],Waived current late fee 1.
,418315,1495,104831,1971614,93355,1191276,93,88,557915,04-19-2013 11:02:44.703,-15,FALSE,FALSE,04-19-2013 11:02:50.310,,,04-19-2013 11:02:50.310,System.Byte[],Waived current late fee 1.
,419024,1495,104954,1973893,101412,1192472,93,88,558215,04-22-2013 9:17:34.250,15,FALSE,FALSE,04-22-2013 9:17:39.833,,,04-22-2013 9:17:39.833,System.Byte[],Waived current late fee 1.
,419025,1495,104954,1973893,101412,1192472,93,88,558215,04-22-2013 9:17:34.250,-15,FALSE,FALSE,04-22-2013 9:17:39.833,,,04-22-2013 9:17:39.833,System.Byte[],Waived current late fee 1.
,419026,1495,104954,1973894,101413,1192472,93,88,558216,04-22-2013 9:17:34.250,15,FALSE,FALSE,04-22-2013 9:17:39.833,,,04-22-2013 9:17:39.833,System.Byte[],Waived current late fee 1.
,419027,1495,104954,1973894,101413,1192472,93,88,558216,04-22-2013 9:17:34.250,-15,FALSE,FALSE,04-22-2013 9:17:39.833,,,04-22-2013 9:17:39.833,System.Byte[],Waived current late fee 1.
,419028,1495,104954,1973895,101412,1192472,93,88,558217,04-22-2013 9:17:34.250,15,FALSE,FALSE,04-22-2013 9:17:39.837,,,04-22-2013 9:17:39.837,System.Byte[],Waived current late fee 2.
,419029,1495,104954,1973895,101412,1192472,93,88,558217,04-22-2013 9:17:34.250,-15,FALSE,FALSE,04-22-2013 9:17:39.837,,,04-22-2013 9:17:39.837,System.Byte[],Waived current late fee 2.
,419030,1495,104954,1973896,101413,1192472,93,88,558218,04-22-2013 9:17:34.250,15,FALSE,FALSE,04-22-2013 9:17:39.837,,,04-22-2013 9:17:39.837,System.Byte[],Waived current late fee 2.
,419031,1495,104954,1973896,101413,1192472,93,88,558218,04-22-2013 9:17:34.250,-15,FALSE,FALSE,04-22-2013 9:17:39.837,,,04-22-2013 9:17:39.837,System.Byte[],Waived current late fee 2.
,419042,1495,104954,1973930,85142,1192493,93,88,558219,04-22-2013 9:40:12.610,15,FALSE,FALSE,04-22-2013 9:40:45.427,,,04-22-2013 9:40:45.427,System.Byte[],Waived current late fee 1.
,419043,1495,104954,1973930,85142,1192493,93,88,558219,04-22-2013 9:40:12.610,-15,FALSE,FALSE,04-22-2013 9:40:45.427,,,04-22-2013 9:40:45.427,System.Byte[],Waived current late fee 1.
,420028,1495,105243,1977890,86917,1194697,93,88,558821,04-26-2013 11:48:48.043,15,FALSE,FALSE,04-26-2013 11:48:47.900,,,04-26-2013 11:48:47.900,System.Byte[],Waived current late fee 2.
,420029,1495,105243,1977890,86917,1194697,93,88,558821,04-26-2013 11:48:48.043,-15,FALSE,FALSE,04-26-2013 11:48:47.900,,,04-26-2013 11:48:47.900,System.Byte[],Waived current late fee 2.
,420114,1495,105243,1978237,102679,1194900,93,88,558894,04-26-2013 14:48:39.793,15,FALSE,FALSE,04-26-2013 14:48:58.943,,,04-26-2013 14:48:58.943,System.Byte[],Waived current late fee 1.
,420115,1495,105243,1978237,102679,1194900,93,88,558894,04-26-2013 14:48:39.793,-15,FALSE,FALSE,04-26-2013 14:48:58.943,,,04-26-2013 14:48:58.943,System.Byte[],Waived current late fee 1.
,420116,1495,105243,1978258,85272,1194912,93,88,558895,04-26-2013 14:58:30.323,15,FALSE,FALSE,04-26-2013 14:58:44.717,,,04-26-2013 14:58:44.717,System.Byte[],Waived current late fee 1.
,420117,1495,105243,1978258,85272,1194912,93,88,558895,04-26-2013 14:58:30.323,-15,FALSE,FALSE,04-26-2013 14:58:44.717,,,04-26-2013 14:58:44.717,System.Byte[],Waived current late fee 1.
,421986,1495,105608,1991653,103159,1204133,93,88,559863,05-02-2013 10:19:51.890,15,FALSE,FALSE,05-02-2013 10:20:16.317,,,05-02-2013 10:20:16.317,System.Byte[],Waived current late fee 1.
,421987,1495,105608,1991653,103159,1204133,93,88,559863,05-02-2013 10:19:51.890,-15,FALSE,FALSE,05-02-2013 10:20:16.317,,,05-02-2013 10:20:16.317,System.Byte[],Waived current late fee 1.
,422314,1495,105677,1994299,63274,1206012,93,88,560002,05-03-2013 10:04:38.737,15,FALSE,FALSE,05-03-2013 10:05:03.013,,,05-03-2013 10:05:03.013,System.Byte[],Waived current late fee 1.
,422315,1495,105677,1994299,63274,1206012,93,88,560002,05-03-2013 10:04:38.737,-15,FALSE,FALSE,05-03-2013 10:05:03.013,,,05-03-2013 10:05:03.013,System.Byte[],Waived current late fee 1.
,422542,1495,105749,1996371,1506,1207304,93,88,560126,05-03-2013 16:50:25.563,15,FALSE,FALSE,05-03-2013 16:50:34.103,,,05-03-2013 16:50:34.103,System.Byte[],Waived current late fee 1.
,422543,1495,105749,1996371,1506,1207304,93,88,560126,05-03-2013 16:50:25.563,-15,FALSE,FALSE,05-03-2013 16:50:34.103,,,05-03-2013 16:50:34.103,System.Byte[],Waived current late fee 1.
,422702,1495,105749,1997152,8213,1207796,1179,88,560191,05-04-2013 10:06:46.720,15,FALSE,FALSE,05-04-2013 10:06:43.540,,,05-04-2013 10:06:43.540,System.Byte[],Waived current late fee 1.
,422703,1495,105749,1997152,8213,1207796,1179,88,560191,05-04-2013 10:06:46.720,-15,FALSE,FALSE,05-04-2013 10:06:43.540,,,05-04-2013 10:06:43.540,System.Byte[],Waived current late fee 1.
,423990,1495,105930,2001859,91259,1210735,93,88,560637,05-07-2013 10:43:25.547,15,FALSE,FALSE,05-07-2013 10:43:29.900,,,05-07-2013 10:43:29.900,System.Byte[],Waived current late fee 1.
,423991,1495,105930,2001859,91259,1210735,93,88,560637,05-07-2013 10:43:25.547,-15,FALSE,FALSE,05-07-2013 10:43:29.900,,,05-07-2013 10:43:29.900,System.Byte[],Waived current late fee 1.
,423992,1495,105930,2001865,1510,1210739,93,88,560638,05-07-2013 10:46:31.890,15,FALSE,FALSE,05-07-2013 10:46:35.677,,,05-07-2013 10:46:35.677,System.Byte[],Waived current late fee 1.
,423993,1495,105930,2001865,1510,1210739,93,88,560638,05-07-2013 10:46:31.890,-15,FALSE,FALSE,05-07-2013 10:46:35.677,,,05-07-2013 10:46:35.677,System.Byte[],Waived current late fee 1.
,424136,1495,105930,2002698,57011,1211270,93,88,560728,05-07-2013 16:03:06.280,15,FALSE,FALSE,05-07-2013 16:03:13.397,,,05-07-2013 16:03:13.397,System.Byte[],Waived current late fee 1.
,424137,1495,105930,2002698,57011,1211270,93,88,560728,05-07-2013 16:03:06.280,-15,FALSE,FALSE,05-07-2013 16:03:13.397,,,05-07-2013 16:03:13.397,System.Byte[],Waived current late fee 1.
,424590,1495,106071,2004674,66509,1212485,1212,88,560906,05-08-2013 17:27:55.547,15,FALSE,FALSE,05-08-2013 17:28:57.580,,,05-08-2013 17:28:57.580,System.Byte[],Waived current late fee 1.
,424591,1495,106071,2004674,66509,1212485,1212,88,560906,05-08-2013 17:27:55.547,-15,FALSE,FALSE,05-08-2013 17:28:57.580,,,05-08-2013 17:28:57.580,System.Byte[],Waived current late fee 1.
,424748,1495,106071,2005348,83736,1212884,93,88,560946,05-09-2013 11:41:00.550,15,FALSE,FALSE,05-09-2013 11:41:05.207,,,05-09-2013 11:41:05.207,System.Byte[],Waived current late fee 1.
,424749,1495,106071,2005348,83736,1212884,93,88,560946,05-09-2013 11:41:00.550,-15,FALSE,FALSE,05-09-2013 11:41:05.207,,,05-09-2013 11:41:05.207,System.Byte[],Waived current late fee 1.
,425930,1495,106275,2011102,63274,1216187,93,88,561539,05-13-2013 15:07:58.093,15,FALSE,FALSE,05-13-2013 15:08:03.190,,,05-13-2013 15:08:03.190,System.Byte[],Waived current late fee 2.
,425931,1495,106275,2011102,63274,1216187,93,88,561539,05-13-2013 15:07:58.093,-15,FALSE,FALSE,05-13-2013 15:08:03.190,,,05-13-2013 15:08:03.190,System.Byte[],Waived current late fee 2.
,426740,1495,106492,2014101,101707,1217725,93,88,562055,05-16-2013 10:17:51.627,15,FALSE,FALSE,05-16-2013 10:18:08.857,,,05-16-2013 10:18:08.857,System.Byte[],Waived current late fee 1.
,426741,1495,106492,2014101,101707,1217725,93,88,562055,05-16-2013 10:17:51.627,-15,FALSE,FALSE,05-16-2013 10:18:08.863,,,05-16-2013 10:18:08.863,System.Byte[],Waived current late fee 1.
,427006,1495,106554,2015419,94349,1218407,93,88,562220,05-17-2013 13:37:15.923,15,FALSE,FALSE,05-17-2013 13:37:22.883,,,05-17-2013 13:37:22.883,System.Byte[],Waived current late fee 1.
,427007,1495,106554,2015419,94349,1218407,93,88,562220,05-17-2013 13:37:15.923,-15,FALSE,FALSE,05-17-2013 13:37:22.887,,,05-17-2013 13:37:22.887,System.Byte[],Waived current late fee 1.
,427008,1495,106554,2015420,94349,1218407,93,88,562221,05-17-2013 13:37:15.923,15,FALSE,FALSE,05-17-2013 13:37:22.887,,,05-17-2013 13:37:22.887,System.Byte[],Waived current late fee 2.
,427009,1495,106554,2015420,94349,1218407,93,88,562221,05-17-2013 13:37:15.923,-15,FALSE,FALSE,05-17-2013 13:37:22.887,,,05-17-2013 13:37:22.887,System.Byte[],Waived current late fee 2.
,427374,1495,106686,2017538,1642,1219519,93,88,562471,05-20-2013 9:25:18.407,15,FALSE,FALSE,05-20-2013 9:25:53.573,,,05-20-2013 9:25:53.573,System.Byte[],Waived current late fee 1.
,427375,1495,106686,2017538,1642,1219519,93,88,562471,05-20-2013 9:25:18.407,-15,FALSE,FALSE,05-20-2013 9:25:53.573,,,05-20-2013 9:25:53.573,System.Byte[],Waived current late fee 1.
,427534,1495,106686,2018093,108974,1219843,1179,88,562576,05-20-2013 15:32:00.110,15,FALSE,FALSE,05-20-2013 15:32:08.440,,,05-20-2013 15:32:08.440,System.Byte[],Waived current late fee 1.
,427535,1495,106686,2018093,108974,1219843,1179,88,562576,05-20-2013 15:32:00.110,-15,FALSE,FALSE,05-20-2013 15:32:08.440,,,05-20-2013 15:32:08.440,System.Byte[],Waived current late fee 1.
,430220,1495,107097,2026119,108802,1224009,93,88,563591,05-28-2013 14:05:38.540,15,FALSE,FALSE,05-28-2013 14:05:45.800,,,05-28-2013 14:05:45.800,System.Byte[],Waived current late fee 1.
,430221,1495,107097,2026119,108802,1224009,93,88,563591,05-28-2013 14:05:38.540,-15,FALSE,FALSE,05-28-2013 14:05:45.800,,,05-28-2013 14:05:45.800,System.Byte[],Waived current late fee 1.
,430222,1495,107097,2026120,108802,1224009,93,88,563592,05-28-2013 14:05:38.540,15,FALSE,FALSE,05-28-2013 14:05:45.800,,,05-28-2013 14:05:45.800,System.Byte[],Waived current late fee 2.
,430223,1495,107097,2026120,108802,1224009,93,88,563592,05-28-2013 14:05:38.540,-15,FALSE,FALSE,05-28-2013 14:05:45.800,,,05-28-2013 14:05:45.800,System.Byte[],Waived current late fee 2.
,430224,1495,107097,2026124,108799,1224011,93,88,563593,05-28-2013 14:06:40.383,15,FALSE,FALSE,05-28-2013 14:06:47.240,,,05-28-2013 14:06:47.240,System.Byte[],Waived current late fee 1.
,430225,1495,107097,2026124,108799,1224011,93,88,563593,05-28-2013 14:06:40.383,-15,FALSE,FALSE,05-28-2013 14:06:47.240,,,05-28-2013 14:06:47.240,System.Byte[],Waived current late fee 1.
,430226,1495,107097,2026125,108799,1224011,93,88,563594,05-28-2013 14:06:40.383,15,FALSE,FALSE,05-28-2013 14:06:47.240,,,05-28-2013 14:06:47.240,System.Byte[],Waived current late fee 2.
,430227,1495,107097,2026125,108799,1224011,93,88,563594,05-28-2013 14:06:40.383,-15,FALSE,FALSE,05-28-2013 14:06:47.240,,,05-28-2013 14:06:47.240,System.Byte[],Waived current late fee 2.
,430232,1495,107097,2026128,108800,1224013,93,88,563595,05-28-2013 14:07:09.960,15,FALSE,FALSE,05-28-2013 14:07:17.190,,,05-28-2013 14:07:17.190,System.Byte[],Waived current late fee 1.
,430233,1495,107097,2026128,108800,1224013,93,88,563595,05-28-2013 14:07:09.960,-15,FALSE,FALSE,05-28-2013 14:07:17.190,,,05-28-2013 14:07:17.190,System.Byte[],Waived current late fee 1.
,430234,1495,107097,2026129,108800,1224013,93,88,563596,05-28-2013 14:07:09.960,15,FALSE,FALSE,05-28-2013 14:07:17.193,,,05-28-2013 14:07:17.193,System.Byte[],Waived current late fee 2.
,430235,1495,107097,2026129,108800,1224013,93,88,563596,05-28-2013 14:07:09.960,-15,FALSE,FALSE,05-28-2013 14:07:17.193,,,05-28-2013 14:07:17.193,System.Byte[],Waived current late fee 2.
,430606,1495,107227,2027597,107639,1224865,93,88,563805,05-29-2013 15:06:10.977,15,FALSE,FALSE,05-29-2013 15:06:18.833,,,05-29-2013 15:06:18.833,System.Byte[],Waived current late fee 1.
,430607,1495,107227,2027597,107639,1224865,93,88,563805,05-29-2013 15:06:10.977,-15,FALSE,FALSE,05-29-2013 15:06:18.833,,,05-29-2013 15:06:18.833,System.Byte[],Waived current late fee 1.
,430608,1495,107227,2027598,107640,1224865,93,88,563806,05-29-2013 15:06:10.977,15,FALSE,FALSE,05-29-2013 15:06:18.833,,,05-29-2013 15:06:18.833,System.Byte[],Waived current late fee 1.
,430609,1495,107227,2027598,107640,1224865,93,88,563806,05-29-2013 15:06:10.977,-15,FALSE,FALSE,05-29-2013 15:06:18.833,,,05-29-2013 15:06:18.833,System.Byte[],Waived current late fee 1.
,430674,1495,107227,2027764,55423,1224953,93,88,563831,05-29-2013 16:13:34.320,15,FALSE,FALSE,05-29-2013 16:13:44.820,,,05-29-2013 16:13:44.820,System.Byte[],Waived current late fee 1.
,430675,1495,107227,2027764,55423,1224953,93,88,563831,05-29-2013 16:13:34.320,-15,FALSE,FALSE,05-29-2013 16:13:44.820,,,05-29-2013 16:13:44.820,System.Byte[],Waived current late fee 1.
,432078,1495,107496,2040221,63274,1233624,93,88,564499,06-03-2013 10:52:54.343,15,FALSE,FALSE,06-03-2013 10:53:00.150,,,06-03-2013 10:53:00.150,System.Byte[],Waived current late fee 1.
,432079,1495,107496,2040221,63274,1233624,93,88,564499,06-03-2013 10:52:54.343,-15,FALSE,FALSE,06-03-2013 10:53:00.153,,,06-03-2013 10:53:00.153,System.Byte[],Waived current late fee 1.
,435580,1495,108210,2059138,1509,1245608,93,88,566244,06-13-2013 16:01:54.567,15,FALSE,FALSE,06-13-2013 16:01:58.967,,,06-13-2013 16:01:58.967,System.Byte[],Waived current late fee 1.
,435581,1495,108210,2059138,1509,1245608,93,88,566244,06-13-2013 16:01:54.567,-15,FALSE,FALSE,06-13-2013 16:01:58.970,,,06-13-2013 16:01:58.970,System.Byte[],Waived current late fee 1.
,435782,1495,108278,2059806,80695,1245969,93,88,566332,06-14-2013 12:27:30.890,15,FALSE,FALSE,06-14-2013 12:27:36.763,,,06-14-2013 12:27:36.763,System.Byte[],Waived current late fee 2.
,435783,1495,108278,2059806,80695,1245969,93,88,566332,06-14-2013 12:27:30.890,-15,FALSE,FALSE,06-14-2013 12:27:36.763,,,06-14-2013 12:27:36.763,System.Byte[],Waived current late fee 2.
,435874,1495,108278,2060134,101837,1246127,93,88,566370,06-14-2013 14:38:29.463,15,FALSE,FALSE,06-14-2013 14:38:56.430,,,06-14-2013 14:38:56.430,System.Byte[],Waived current late fee 1.
,435875,1495,108278,2060134,101837,1246127,93,88,566370,06-14-2013 14:38:29.463,-15,FALSE,FALSE,06-14-2013 14:38:56.430,,,06-14-2013 14:38:56.430,System.Byte[],Waived current late fee 1.
,435930,1495,108278,2060360,105534,1246242,93,88,566405,06-14-2013 16:16:22.453,15,FALSE,FALSE,06-14-2013 16:16:27.717,,,06-14-2013 16:16:27.717,System.Byte[],Waived current late fee 1.
,435931,1495,108278,2060360,105534,1246242,93,88,566405,06-14-2013 16:16:22.453,-15,FALSE,FALSE,06-14-2013 16:16:27.717,,,06-14-2013 16:16:27.717,System.Byte[],Waived current late fee 1.
,435932,1495,108278,2060361,105534,1246242,93,88,566406,06-14-2013 16:16:22.453,15,FALSE,FALSE,06-14-2013 16:16:27.717,,,06-14-2013 16:16:27.717,System.Byte[],Waived current late fee 2.
,435933,1495,108278,2060361,105534,1246242,93,88,566406,06-14-2013 16:16:22.453,-15,FALSE,FALSE,06-14-2013 16:16:27.720,,,06-14-2013 16:16:27.720,System.Byte[],Waived current late fee 2.
,435944,1495,108338,2060449,96784,1246282,93,88,566414,06-14-2013 16:52:11.340,15,FALSE,FALSE,06-14-2013 16:52:46.037,,,06-14-2013 16:52:46.037,System.Byte[],Waived current late fee 1.
,435945,1495,108338,2060449,96784,1246282,93,88,566414,06-14-2013 16:52:11.340,-15,FALSE,FALSE,06-14-2013 16:52:46.037,,,06-14-2013 16:52:46.037,System.Byte[],Waived current late fee 1.
,436960,1495,108494,2063606,47056,1247993,93,88,566816,06-18-2013 10:30:16.400,15,FALSE,FALSE,06-18-2013 10:30:25.840,,,06-18-2013 10:30:25.840,System.Byte[],Waived current late fee 1.
,436961,1495,108494,2063606,47056,1247993,93,88,566816,06-18-2013 10:30:16.400,-15,FALSE,FALSE,06-18-2013 10:30:25.840,,,06-18-2013 10:30:25.840,System.Byte[],Waived current late fee 1.
,437052,1495,108494,2064105,98754,1248258,93,88,566864,06-18-2013 16:04:13.950,15,FALSE,FALSE,06-18-2013 16:04:40.577,,,06-18-2013 16:04:40.577,System.Byte[],Waived current late fee 1.
,437053,1495,108494,2064105,98754,1248258,93,88,566864,06-18-2013 16:04:13.950,-15,FALSE,FALSE,06-18-2013 16:04:40.577,,,06-18-2013 16:04:40.577,System.Byte[],Waived current late fee 1.
,437704,1495,108620,2065623,1715,1248981,93,88,567088,06-20-2013 9:40:10.013,15,FALSE,FALSE,06-20-2013 9:40:29.673,,,06-20-2013 9:40:29.673,System.Byte[],Waived current late fee 1.
,437705,1495,108620,2065623,1715,1248981,93,88,567088,06-20-2013 9:40:10.013,-15,FALSE,FALSE,06-20-2013 9:40:29.677,,,06-20-2013 9:40:29.677,System.Byte[],Waived current late fee 1.
,438284,1495,108749,2067993,101412,1250163,1179,88,567387,06-22-2013 10:06:01.127,15,FALSE,FALSE,06-22-2013 10:06:11.473,,,06-22-2013 10:06:11.473,System.Byte[],Waived current late fee 1.
,438285,1495,108749,2067993,101412,1250163,1179,88,567387,06-22-2013 10:06:01.127,-15,FALSE,FALSE,06-22-2013 10:06:11.473,,,06-22-2013 10:06:11.473,System.Byte[],Waived current late fee 1.
,438286,1495,108749,2067994,101412,1250163,1179,88,567388,06-22-2013 10:06:01.127,15,FALSE,FALSE,06-22-2013 10:06:11.477,,,06-22-2013 10:06:11.477,System.Byte[],Waived current late fee 2.
,438287,1495,108749,2067994,101412,1250163,1179,88,567388,06-22-2013 10:06:01.127,-15,FALSE,FALSE,06-22-2013 10:06:11.477,,,06-22-2013 10:06:11.477,System.Byte[],Waived current late fee 2.
,439098,1495,108815,2070845,1768,1251656,93,88,567711,06-25-2013 13:09:20.163,15,FALSE,FALSE,06-25-2013 13:09:37.737,,,06-25-2013 13:09:37.737,System.Byte[],Waived current late fee 1.
,439099,1495,108815,2070845,1768,1251656,93,88,567711,06-25-2013 13:09:20.163,-15,FALSE,FALSE,06-25-2013 13:09:37.737,,,06-25-2013 13:09:37.737,System.Byte[],Waived current late fee 1.
,442542,1495,109579,2095053,66820,1267718,1179,88,569540,07-06-2013 13:35:21.707,15,FALSE,FALSE,07-06-2013 13:35:15.990,,,07-06-2013 13:35:15.990,System.Byte[],Waived current late fee 1.
,442543,1495,109579,2095053,66820,1267718,1179,88,569540,07-06-2013 13:35:21.707,-15,FALSE,FALSE,07-06-2013 13:35:15.990,,,07-06-2013 13:35:15.990,System.Byte[],Waived current late fee 1.
,442544,1495,109579,2095054,66820,1267718,1179,88,569541,07-06-2013 13:35:21.707,15,FALSE,FALSE,07-06-2013 13:35:15.990,,,07-06-2013 13:35:15.990,System.Byte[],Waived current late fee 2.
,442545,1495,109579,2095054,66820,1267718,1179,88,569541,07-06-2013 13:35:21.707,-15,FALSE,FALSE,07-06-2013 13:35:15.990,,,07-06-2013 13:35:15.990,System.Byte[],Waived current late fee 2.
,443962,1495,109650,2101994,85437,1272058,93,88,570739,07-09-2013 10:19:05.060,15,FALSE,FALSE,07-09-2013 10:19:08.520,,,07-09-2013 10:19:08.520,System.Byte[],Waived current late fee 2.
,443963,1495,109650,2101994,85437,1272058,93,88,570739,07-09-2013 10:19:05.060,-15,FALSE,FALSE,07-09-2013 10:19:08.520,,,07-09-2013 10:19:08.520,System.Byte[],Waived current late fee 2.
,444122,1495,109650,2102591,1712,1272407,93,88,570791,07-09-2013 14:10:00.597,15,FALSE,FALSE,07-09-2013 14:10:03.047,,,07-09-2013 14:10:03.047,System.Byte[],Waived current late fee 1.
,444123,1495,109650,2102591,1712,1272407,93,88,570791,07-09-2013 14:10:00.597,-15,FALSE,FALSE,07-09-2013 14:10:03.047,,,07-09-2013 14:10:03.047,System.Byte[],Waived current late fee 1.
,444382,1495,109953,2104686,101481,1273765,1212,88,571150,07-10-2013 14:26:53.277,15,FALSE,FALSE,07-10-2013 14:26:56.523,,,07-10-2013 14:26:56.523,System.Byte[],Waived current late fee 1.
,444383,1495,109953,2104686,101481,1273765,1212,88,571150,07-10-2013 14:26:53.277,-15,FALSE,FALSE,07-10-2013 14:26:56.523,,,07-10-2013 14:26:56.523,System.Byte[],Waived current late fee 1.
,446586,1495,110318,2112331,109016,1277780,93,88,572096,07-16-2013 10:29:04.887,15,FALSE,FALSE,07-16-2013 10:29:10.773,,,07-16-2013 10:29:10.773,System.Byte[],Waived current late fee 1.
,446587,1495,110318,2112331,109016,1277780,93,88,572096,07-16-2013 10:29:04.887,-15,FALSE,FALSE,07-16-2013 10:29:10.773,,,07-16-2013 10:29:10.773,System.Byte[],Waived current late fee 1.
,447908,1495,110574,2117268,111176,1280331,1179,88,572686,07-20-2013 13:41:55.277,15,FALSE,FALSE,07-20-2013 13:41:58.403,,,07-20-2013 13:41:58.403,System.Byte[],Waived current late fee 1.
,447909,1495,110574,2117268,111176,1280331,1179,88,572686,07-20-2013 13:41:55.277,-15,FALSE,FALSE,07-20-2013 13:41:58.407,,,07-20-2013 13:41:58.407,System.Byte[],Waived current late fee 1.
,451266,1495,110920,2124102,1509,1283528,1179,88,573451,07-26-2013 13:23:04.430,15,FALSE,FALSE,07-26-2013 13:22:57.683,,,07-26-2013 13:22:57.683,System.Byte[],Waived current late fee 1.
,451267,1495,110920,2124102,1509,1283528,1179,88,573451,07-26-2013 13:23:04.430,-15,FALSE,FALSE,07-26-2013 13:22:57.683,,,07-26-2013 13:22:57.683,System.Byte[],Waived current late fee 1.
,451268,1495,110920,2124103,1509,1283528,1179,88,573452,07-26-2013 13:23:04.430,15,FALSE,FALSE,07-26-2013 13:22:57.683,,,07-26-2013 13:22:57.683,System.Byte[],Waived current late fee 2.
,451269,1495,110920,2124103,1509,1283528,1179,88,573452,07-26-2013 13:23:04.430,-15,FALSE,FALSE,07-26-2013 13:22:57.683,,,07-26-2013 13:22:57.683,System.Byte[],Waived current late fee 2.
,454274,1495,111418,2144479,85272,1297037,93,88,575066,08-05-2013 9:26:15.603,15,FALSE,FALSE,08-05-2013 9:26:46.583,,,08-05-2013 9:26:46.583,System.Byte[],Waived current late fee 1.
,454275,1495,111418,2144479,85272,1297037,93,88,575066,08-05-2013 9:26:15.603,-15,FALSE,FALSE,08-05-2013 9:26:46.587,,,08-05-2013 9:26:46.587,System.Byte[],Waived current late fee 1.
,454376,1495,111418,2145469,46711,1297744,93,88,575131,08-05-2013 13:59:57.363,15,FALSE,FALSE,08-05-2013 14:00:03.270,,,08-05-2013 14:00:03.270,System.Byte[],Waived current late fee 1.
,454377,1495,111418,2145469,46711,1297744,93,88,575131,08-05-2013 13:59:57.363,-15,FALSE,FALSE,08-05-2013 14:00:03.270,,,08-05-2013 14:00:03.270,System.Byte[],Waived current late fee 1.
,454458,1495,111418,2146580,112688,1298539,1179,88,575184,08-05-2013 17:20:21.810,15,FALSE,FALSE,08-05-2013 17:20:29.100,,,08-05-2013 17:20:29.100,System.Byte[],Waived current late fee 1.
,454459,1495,111418,2146580,112688,1298539,1179,88,575184,08-05-2013 17:20:21.810,-15,FALSE,FALSE,08-05-2013 17:20:29.100,,,08-05-2013 17:20:29.100,System.Byte[],Waived current late fee 1.
,456832,1495,112054,2157781,108792,1305348,93,88,576164,08-13-2013 10:00:51.530,15,FALSE,FALSE,08-13-2013 10:01:21.420,,,08-13-2013 10:01:21.420,System.Byte[],Waived current late fee 1.
,456833,1495,112054,2157781,108792,1305348,93,88,576164,08-13-2013 10:00:51.530,-15,FALSE,FALSE,08-13-2013 10:01:21.420,,,08-13-2013 10:01:21.420,System.Byte[],Waived current late fee 1.
,456926,1495,112054,2158153,99555,1305542,93,88,576213,08-13-2013 13:32:13.417,15,FALSE,FALSE,08-13-2013 13:32:18.460,,,08-13-2013 13:32:18.460,System.Byte[],Waived current late fee 1.
,456927,1495,112054,2158153,99555,1305542,93,88,576213,08-13-2013 13:32:13.417,-15,FALSE,FALSE,08-13-2013 13:32:18.463,,,08-13-2013 13:32:18.463,System.Byte[],Waived current late fee 1.
,456928,1495,112054,2158154,99555,1305542,93,88,576214,08-13-2013 13:32:13.417,15,FALSE,FALSE,08-13-2013 13:32:18.467,,,08-13-2013 13:32:18.467,System.Byte[],Waived current late fee 2.
,456929,1495,112054,2158154,99555,1305542,93,88,576214,08-13-2013 13:32:13.417,-15,FALSE,FALSE,08-13-2013 13:32:18.467,,,08-13-2013 13:32:18.467,System.Byte[],Waived current late fee 2.
,458722,1495,112376,2164292,116425,1308714,93,88,577027,08-19-2013 12:45:50.747,15,FALSE,FALSE,08-19-2013 12:46:34.057,,,08-19-2013 12:46:34.057,System.Byte[],Waived current late fee 1.
,458723,1495,112376,2164292,116425,1308714,93,88,577027,08-19-2013 12:45:50.747,-15,FALSE,FALSE,08-19-2013 12:46:34.057,,,08-19-2013 12:46:34.057,System.Byte[],Waived current late fee 1.
,459682,1495,112655,2167890,110745,1310752,93,88,577507,08-23-2013 10:50:33.157,15,FALSE,FALSE,08-23-2013 10:51:36.487,,,08-23-2013 10:51:36.487,System.Byte[],Waived current late fee 1.
,459683,1495,112655,2167890,110745,1310752,93,88,577507,08-23-2013 10:50:33.157,-15,FALSE,FALSE,08-23-2013 10:51:36.487,,,08-23-2013 10:51:36.487,System.Byte[],Waived current late fee 1.
,459684,1495,112655,2167891,80082,1310752,93,88,577508,08-23-2013 10:50:33.157,15,FALSE,FALSE,08-23-2013 10:51:36.487,,,08-23-2013 10:51:36.487,System.Byte[],Waived current late fee 1.
,459685,1495,112655,2167891,80082,1310752,93,88,577508,08-23-2013 10:50:33.157,-15,FALSE,FALSE,08-23-2013 10:51:36.490,,,08-23-2013 10:51:36.490,System.Byte[],Waived current late fee 1.
,460276,1495,112782,2170517,114442,1312177,93,88,577816,08-26-2013 10:32:46.263,15,FALSE,FALSE,08-26-2013 10:32:53.740,,,08-26-2013 10:32:53.740,System.Byte[],Waived current late fee 1.
,460277,1495,112782,2170517,114442,1312177,93,88,577816,08-26-2013 10:32:46.263,-15,FALSE,FALSE,08-26-2013 10:32:53.740,,,08-26-2013 10:32:53.740,System.Byte[],Waived current late fee 1.
,461202,1495,113001,2176206,112020,1315478,93,88,578398,08-30-2013 15:17:08.643,15,FALSE,FALSE,08-30-2013 15:17:36.167,,,08-30-2013 15:17:36.167,System.Byte[],Waived current late fee 1.
,461203,1495,113001,2176206,112020,1315478,93,88,578398,08-30-2013 15:17:08.643,-15,FALSE,FALSE,08-30-2013 15:17:36.167,,,08-30-2013 15:17:36.167,System.Byte[],Waived current late fee 1.
,461204,1495,113001,2176207,114468,1315478,93,88,578399,08-30-2013 15:17:08.643,15,FALSE,FALSE,08-30-2013 15:17:36.167,,,08-30-2013 15:17:36.167,System.Byte[],Waived current late fee 1.
,461205,1495,113001,2176207,114468,1315478,93,88,578399,08-30-2013 15:17:08.643,-15,FALSE,FALSE,08-30-2013 15:17:36.167,,,08-30-2013 15:17:36.167,System.Byte[],Waived current late fee 1.
,462248,1495,113210,2188005,1525,1323993,93,88,578908,09-03-2013 13:59:39.713,15,FALSE,FALSE,09-03-2013 13:59:43.410,,,09-03-2013 13:59:43.410,System.Byte[],Waived current late fee 1.
,462249,1495,113210,2188005,1525,1323993,93,88,578908,09-03-2013 13:59:39.713,-15,FALSE,FALSE,09-03-2013 13:59:43.410,,,09-03-2013 13:59:43.410,System.Byte[],Waived current late fee 1.
,462286,1495,113210,2188234,97446,1324103,93,88,578921,09-03-2013 14:38:30.720,15,FALSE,FALSE,09-03-2013 14:38:33.177,,,09-03-2013 14:38:33.177,System.Byte[],Waived current late fee 1.
,462287,1495,113210,2188234,97446,1324103,93,88,578921,09-03-2013 14:38:30.720,-15,FALSE,FALSE,09-03-2013 14:38:33.177,,,09-03-2013 14:38:33.177,System.Byte[],Waived current late fee 1.
,463680,1495,113652,2197469,115553,1330369,93,88,579579,09-09-2013 11:36:52.040,15,FALSE,FALSE,09-09-2013 11:37:22.097,,,09-09-2013 11:37:22.097,System.Byte[],Waived current late fee 1.
,463681,1495,113652,2197469,115553,1330369,93,88,579579,09-09-2013 11:36:52.040,-15,FALSE,FALSE,09-09-2013 11:37:22.097,,,09-09-2013 11:37:22.097,System.Byte[],Waived current late fee 1.
,463814,1495,113652,2198161,96587,1330806,93,88,579646,09-09-2013 15:33:23.743,15,FALSE,FALSE,09-09-2013 15:33:21.163,,09-09-2013 15:34:36.953,09-09-2013 15:34:31.757,System.Byte[],Waived current late fee 1.
,463815,1495,113652,2198161,96587,1330806,93,88,579646,09-09-2013 15:33:23.743,-15,FALSE,FALSE,09-09-2013 15:33:21.163,,09-09-2013 15:34:36.953,09-09-2013 15:34:31.757,System.Byte[],Waived current late fee 1.
,463816,1495,113652,2198163,96587,1330807,93,88,579648,09-09-2013 15:35:12.210,15,FALSE,FALSE,09-09-2013 15:35:10.610,,,09-09-2013 15:35:10.610,System.Byte[],Waived current late fee 1.
,463817,1495,113652,2198163,96587,1330807,93,88,579648,09-09-2013 15:35:12.210,-15,FALSE,FALSE,09-09-2013 15:35:10.610,,,09-09-2013 15:35:10.610,System.Byte[],Waived current late fee 1.
,465042,1495,113898,2202895,105230,1333503,93,88,580071,09-12-2013 9:31:10.157,15,FALSE,FALSE,09-12-2013 9:31:33.197,,,09-12-2013 9:31:33.197,System.Byte[],Waived current late fee 2.
,465043,1495,113898,2202895,105230,1333503,93,88,580071,09-12-2013 9:31:10.157,-15,FALSE,FALSE,09-12-2013 9:31:33.197,,,09-12-2013 9:31:33.197,System.Byte[],Waived current late fee 2.
,465616,1495,113962,2204244,108792,1334151,93,88,580221,09-13-2013 10:38:02.237,15,FALSE,FALSE,09-13-2013 10:38:18.543,,,09-13-2013 10:38:18.543,System.Byte[],Waived current late fee 1.
,465617,1495,113962,2204244,108792,1334151,93,88,580221,09-13-2013 10:38:02.237,-15,FALSE,FALSE,09-13-2013 10:38:18.543,,,09-13-2013 10:38:18.543,System.Byte[],Waived current late fee 1.
,465646,1495,113962,2204366,118091,1334213,93,88,580228,09-13-2013 11:28:36.673,15,FALSE,FALSE,09-13-2013 11:28:38.330,,,09-13-2013 11:28:38.330,System.Byte[],Waived current late fee 1.
,465647,1495,113962,2204366,118091,1334213,93,88,580228,09-13-2013 11:28:36.673,-15,FALSE,FALSE,09-13-2013 11:28:38.330,,,09-13-2013 11:28:38.330,System.Byte[],Waived current late fee 1.
,466688,1495,114092,2207824,71154,1335903,93,88,580581,09-16-2013 13:11:30.987,15,FALSE,FALSE,09-16-2013 13:11:47.867,,,09-16-2013 13:11:47.867,System.Byte[],Waived current late fee 1.
,466689,1495,114092,2207824,71154,1335903,93,88,580581,09-16-2013 13:11:30.987,-15,FALSE,FALSE,09-16-2013 13:11:47.867,,,09-16-2013 13:11:47.867,System.Byte[],Waived current late fee 1.
,466690,1495,114092,2207825,71154,1335903,93,88,580582,09-16-2013 13:11:30.987,15,FALSE,FALSE,09-16-2013 13:11:47.870,,,09-16-2013 13:11:47.870,System.Byte[],Waived current late fee 2.
,466691,1495,114092,2207825,71154,1335903,93,88,580582,09-16-2013 13:11:30.987,-15,FALSE,FALSE,09-16-2013 13:11:47.870,,,09-16-2013 13:11:47.870,System.Byte[],Waived current late fee 2.
,468696,1495,114503,2214974,1809,1339690,93,88,581623,09-23-2013 11:34:53.670,15,FALSE,FALSE,09-23-2013 11:34:59.607,,,09-23-2013 11:34:59.607,System.Byte[],Waived current late fee 1.
,468697,1495,114503,2214974,1809,1339690,93,88,581623,09-23-2013 11:34:53.670,-15,FALSE,FALSE,09-23-2013 11:34:59.610,,,09-23-2013 11:34:59.610,System.Byte[],Waived current late fee 1.
,468698,1495,114503,2214975,1809,1339690,93,88,581624,09-23-2013 11:34:53.670,15,FALSE,FALSE,09-23-2013 11:34:59.610,,,09-23-2013 11:34:59.610,System.Byte[],Waived current late fee 2.
,468699,1495,114503,2214975,1809,1339690,93,88,581624,09-23-2013 11:34:53.670,-15,FALSE,FALSE,09-23-2013 11:34:59.610,,,09-23-2013 11:34:59.610,System.Byte[],Waived current late fee 2.
,469374,1495,114662,2217479,81776,1341027,1212,88,581936,09-25-2013 13:21:22.867,15,FALSE,FALSE,09-25-2013 13:21:30.457,,,09-25-2013 13:21:30.457,System.Byte[],Waived current late fee 1.
,469375,1495,114662,2217479,81776,1341027,1212,88,581936,09-25-2013 13:21:22.867,-15,FALSE,FALSE,09-25-2013 13:21:30.457,,,09-25-2013 13:21:30.457,System.Byte[],Waived current late fee 1.
,469426,1495,114729,2217917,114673,1341242,93,88,581976,09-25-2013 17:09:22.233,15,FALSE,FALSE,09-25-2013 17:10:57.387,,,09-25-2013 17:10:57.387,System.Byte[],Waived current late fee 1.
,469427,1495,114729,2217917,114673,1341242,93,88,581976,09-25-2013 17:09:22.233,-15,FALSE,FALSE,09-25-2013 17:10:57.387,,,09-25-2013 17:10:57.387,System.Byte[],Waived current late fee 1.
,469824,1495,114793,2219366,85316,1342034,93,88,582134,09-27-2013 10:01:51.997,15,FALSE,FALSE,09-27-2013 10:01:56.743,,,09-27-2013 10:01:56.743,System.Byte[],Waived current late fee 1.
,469825,1495,114793,2219366,85316,1342034,93,88,582134,09-27-2013 10:01:51.997,-15,FALSE,FALSE,09-27-2013 10:01:56.743,,,09-27-2013 10:01:56.743,System.Byte[],Waived current late fee 1.
,470460,1495,114935,2222913,89555,1344054,93,88,582448,09-30-2013 9:38:28.523,15,FALSE,FALSE,09-30-2013 9:38:32.513,,,09-30-2013 9:38:32.513,System.Byte[],Waived current late fee 1.
,470461,1495,114935,2222913,89555,1344054,93,88,582448,09-30-2013 9:38:28.523,-15,FALSE,FALSE,09-30-2013 9:38:32.513,,,09-30-2013 9:38:32.513,System.Byte[],Waived current late fee 1.
,470528,1495,114935,2223280,81997,1344299,93,88,582486,09-30-2013 12:20:36.830,15,FALSE,FALSE,09-30-2013 12:21:05.407,,,09-30-2013 12:21:05.407,System.Byte[],Waived current late fee 1.
,470529,1495,114935,2223280,81997,1344299,93,88,582486,09-30-2013 12:20:36.830,-15,FALSE,FALSE,09-30-2013 12:21:05.407,,,09-30-2013 12:21:05.407,System.Byte[],Waived current late fee 1.
,470648,1495,114935,2223808,114228,1344660,93,88,582552,09-30-2013 14:36:18.867,15,FALSE,FALSE,09-30-2013 14:36:21.120,,,09-30-2013 14:36:21.120,System.Byte[],Waived current late fee 1.
,470649,1495,114935,2223808,114228,1344660,93,88,582552,09-30-2013 14:36:18.867,-15,FALSE,FALSE,09-30-2013 14:36:21.120,,,09-30-2013 14:36:21.120,System.Byte[],Waived current late fee 1.
,470650,1495,114935,2223809,114228,1344660,93,88,582553,09-30-2013 14:36:18.867,15,FALSE,FALSE,09-30-2013 14:36:21.120,,,09-30-2013 14:36:21.120,System.Byte[],Waived current late fee 2.
,470651,1495,114935,2223809,114228,1344660,93,88,582553,09-30-2013 14:36:18.867,-15,FALSE,FALSE,09-30-2013 14:36:21.123,,,09-30-2013 14:36:21.123,System.Byte[],Waived current late fee 2.
,474390,1495,115658,2249058,117932,1361598,93,88,583968,10-10-2013 11:55:41.897,15,FALSE,FALSE,10-10-2013 11:55:31.087,,,10-10-2013 11:55:31.087,System.Byte[],Waived current late fee 1.
,474391,1495,115658,2249058,117932,1361598,93,88,583968,10-10-2013 11:55:41.897,-15,FALSE,FALSE,10-10-2013 11:55:31.090,,,10-10-2013 11:55:31.090,System.Byte[],Waived current late fee 1.
,474636,1495,115658,2249774,1712,1361994,93,88,584037,10-10-2013 15:23:46.567,15,FALSE,FALSE,10-10-2013 15:23:48.603,,,10-10-2013 15:23:48.603,System.Byte[],Waived current late fee 1.
,474637,1495,115658,2249774,1712,1361994,93,88,584037,10-10-2013 15:23:46.567,-15,FALSE,FALSE,10-10-2013 15:23:48.603,,,10-10-2013 15:23:48.603,System.Byte[],Waived current late fee 1.
,477242,1495,116217,2259793,86856,1367245,93,88,585094,10-19-2013 9:05:53.527,15,FALSE,FALSE,10-19-2013 9:06:03.550,,,10-19-2013 9:06:03.550,System.Byte[],Waived current late fee 1.
,477243,1495,116217,2259793,86856,1367245,93,88,585094,10-19-2013 9:05:53.527,-15,FALSE,FALSE,10-19-2013 9:06:03.550,,,10-19-2013 9:06:03.550,System.Byte[],Waived current late fee 1.
,477244,1495,116217,2259794,86856,1367245,93,88,585095,10-19-2013 9:05:53.527,15,FALSE,FALSE,10-19-2013 9:06:03.550,,,10-19-2013 9:06:03.550,System.Byte[],Waived current late fee 2.
,477245,1495,116217,2259794,86856,1367245,93,88,585095,10-19-2013 9:05:53.527,-15,FALSE,FALSE,10-19-2013 9:06:03.550,,,10-19-2013 9:06:03.550,System.Byte[],Waived current late fee 2.
,477300,1495,116217,2260278,83600,1367466,93,88,585139,10-19-2013 13:55:54.467,15,FALSE,FALSE,10-19-2013 13:55:59.827,,,10-19-2013 13:55:59.827,System.Byte[],Waived current late fee 1.
,477301,1495,116217,2260278,83600,1367466,93,88,585139,10-19-2013 13:55:54.467,-15,FALSE,FALSE,10-19-2013 13:55:59.827,,,10-19-2013 13:55:59.827,System.Byte[],Waived current late fee 1.
,477486,1495,116284,2261293,116785,1367998,93,88,585206,10-21-2013 11:15:12.773,15,FALSE,FALSE,10-21-2013 11:15:37.923,,,10-21-2013 11:15:37.923,System.Byte[],Waived current late fee 1.
,477487,1495,116284,2261293,116785,1367998,93,88,585206,10-21-2013 11:15:12.773,-15,FALSE,FALSE,10-21-2013 11:15:37.927,,,10-21-2013 11:15:37.927,System.Byte[],Waived current late fee 1.
,477600,1495,116371,2261887,106518,1368320,93,88,585292,10-21-2013 17:03:20.903,15,FALSE,FALSE,10-21-2013 17:03:23.270,,,10-21-2013 17:03:23.270,System.Byte[],Waived current late fee 1.
,477601,1495,116371,2261887,106518,1368320,93,88,585292,10-21-2013 17:03:20.903,-15,FALSE,FALSE,10-21-2013 17:03:23.270,,,10-21-2013 17:03:23.270,System.Byte[],Waived current late fee 1.
,477672,1495,116371,2262280,1509,1368537,93,88,585322,10-22-2013 10:12:56.133,15,FALSE,FALSE,10-22-2013 10:12:59.037,,,10-22-2013 10:12:59.037,System.Byte[],Waived current late fee 2.
,477673,1495,116371,2262280,1509,1368537,93,88,585322,10-22-2013 10:12:56.133,-15,FALSE,FALSE,10-22-2013 10:12:59.037,,,10-22-2013 10:12:59.037,System.Byte[],Waived current late fee 2.
,478445,1495,116563,2265077,85272,1370041,93,88,585583,10-25-2013 9:41:04.630,15,FALSE,FALSE,10-25-2013 9:41:30.010,,,10-25-2013 9:41:30.010,System.Byte[],Waived current late fee 1.
,478446,1495,116563,2265077,85272,1370041,93,88,585583,10-25-2013 9:41:04.630,-15,FALSE,FALSE,10-25-2013 9:41:30.013,,,10-25-2013 9:41:30.013,System.Byte[],Waived current late fee 1.
,480401,1495,116989,2279059,50682,1379020,93,88,586550,11-01-2013 16:32:33.517,15,FALSE,FALSE,11-01-2013 16:32:38.657,,,11-01-2013 16:32:38.657,System.Byte[],Waived current late fee 1.
,480402,1495,116989,2279059,50682,1379020,93,88,586550,11-01-2013 16:32:33.517,-15,FALSE,FALSE,11-01-2013 16:32:38.657,,,11-01-2013 16:32:38.657,System.Byte[],Waived current late fee 1.
,481727,1495,117244,2289033,57011,1385989,93,88,587195,11-05-2013 16:31:54.243,15,FALSE,FALSE,11-05-2013 16:32:00.850,,,11-05-2013 16:32:00.850,System.Byte[],Waived current late fee 1.
,481728,1495,117244,2289033,57011,1385989,93,88,587195,11-05-2013 16:31:54.243,-15,FALSE,FALSE,11-05-2013 16:32:00.850,,,11-05-2013 16:32:00.850,System.Byte[],Waived current late fee 1.
,481729,1495,117244,2289034,106264,1385989,93,88,587196,11-05-2013 16:31:54.243,15,FALSE,FALSE,11-05-2013 16:32:00.850,,,11-05-2013 16:32:00.850,System.Byte[],Waived current late fee 1.
,481730,1495,117244,2289034,106264,1385989,93,88,587196,11-05-2013 16:31:54.243,-15,FALSE,FALSE,11-05-2013 16:32:00.850,,,11-05-2013 16:32:00.850,System.Byte[],Waived current late fee 1.
,483765,1495,117703,2299244,122233,1392247,93,88,588081,11-12-2013 9:58:39.933,15,FALSE,FALSE,11-12-2013 9:58:42.753,,,11-12-2013 9:58:42.753,System.Byte[],Waived current late fee 1.
,483766,1495,117703,2299244,122233,1392247,93,88,588081,11-12-2013 9:58:39.933,-15,FALSE,FALSE,11-12-2013 9:58:42.757,,,11-12-2013 9:58:42.757,System.Byte[],Waived current late fee 1.
,485133,1495,117903,2303918,106518,1394495,93,88,588525,11-15-2013 14:49:24.990,15,FALSE,FALSE,11-15-2013 14:49:15.687,,,11-15-2013 14:49:15.687,System.Byte[],Waived current late fee 1.
,485134,1495,117903,2303918,106518,1394495,93,88,588525,11-15-2013 14:49:24.990,-15,FALSE,FALSE,11-15-2013 14:49:15.690,,,11-15-2013 14:49:15.690,System.Byte[],Waived current late fee 1.
,485365,1495,117971,2304818,120450,1394944,1179,88,588618,11-16-2013 11:57:46.417,15,FALSE,FALSE,11-16-2013 11:57:37.917,,,11-16-2013 11:57:37.917,System.Byte[],Waived current late fee 1.
,485366,1495,117971,2304818,120450,1394944,1179,88,588618,11-16-2013 11:57:46.417,-15,FALSE,FALSE,11-16-2013 11:57:37.917,,,11-16-2013 11:57:37.917,System.Byte[],Waived current late fee 1.
,486459,1495,118193,2308566,120344,1396822,1212,88,588966,11-20-2013 13:14:35.407,15,FALSE,FALSE,11-20-2013 13:14:38.143,,,11-20-2013 13:14:38.143,System.Byte[],Waived current late fee 1.
,486460,1495,118193,2308566,120344,1396822,1212,88,588966,11-20-2013 13:14:35.407,-15,FALSE,FALSE,11-20-2013 13:14:38.143,,,11-20-2013 13:14:38.143,System.Byte[],Waived current late fee 1.
,486955,1495,118321,2310746,85142,1397998,93,88,589286,11-22-2013 14:45:14.380,15,FALSE,FALSE,11-22-2013 14:45:27.623,,,11-22-2013 14:45:27.623,System.Byte[],Waived current late fee 1.
,486956,1495,118321,2310746,85142,1397998,93,88,589286,11-22-2013 14:45:14.380,-15,FALSE,FALSE,11-22-2013 14:45:27.623,,,11-22-2013 14:45:27.623,System.Byte[],Waived current late fee 1.
,487053,1495,118391,2311396,1790,1398325,93,88,589347,11-23-2013 10:51:04.450,15,FALSE,FALSE,11-23-2013 10:51:01.530,,,11-23-2013 10:51:01.530,System.Byte[],Waived current late fee 1.
,487054,1495,118391,2311396,1790,1398325,93,88,589347,11-23-2013 10:51:04.450,-15,FALSE,FALSE,11-23-2013 10:51:01.530,,,11-23-2013 10:51:01.530,System.Byte[],Waived current late fee 1.
,487357,1495,118455,2312821,1586,1399097,93,88,589487,11-25-2013 11:47:50.720,15,FALSE,FALSE,11-25-2013 11:47:49.123,,,11-25-2013 11:47:49.123,System.Byte[],Waived current late fee 1.
,487358,1495,118455,2312821,1586,1399097,93,88,589487,11-25-2013 11:47:50.720,-15,FALSE,FALSE,11-25-2013 11:47:49.123,,,11-25-2013 11:47:49.123,System.Byte[],Waived current late fee 1.
,489023,1495,118618,2316152,118177,1400762,93,88,589759,11-27-2013 12:38:57.770,15,FALSE,FALSE,11-27-2013 12:39:02.773,,,11-27-2013 12:39:02.773,System.Byte[],Waived current late fee 1.
,489024,1495,118618,2316152,118177,1400762,93,88,589759,11-27-2013 12:38:57.770,-15,FALSE,FALSE,11-27-2013 12:39:02.773,,,11-27-2013 12:39:02.773,System.Byte[],Waived current late fee 1.
,489025,1495,118618,2316153,117018,1400762,93,88,589760,11-27-2013 12:38:57.770,15,FALSE,FALSE,11-27-2013 12:39:02.777,,,11-27-2013 12:39:02.777,System.Byte[],Waived current late fee 1.
,489026,1495,118618,2316153,117018,1400762,93,88,589760,11-27-2013 12:38:57.770,-15,FALSE,FALSE,11-27-2013 12:39:02.777,,,11-27-2013 12:39:02.777,System.Byte[],Waived current late fee 1.
,491603,1495,119093,2335834,120228,1413958,93,88,590761,12-05-2013 13:15:25.420,15,FALSE,FALSE,12-05-2013 13:16:01.740,,,12-05-2013 13:16:01.740,System.Byte[],Waived current late fee 1.
,491604,1495,119093,2335834,120228,1413958,93,88,590761,12-05-2013 13:15:25.420,-15,FALSE,FALSE,12-05-2013 13:16:01.740,,,12-05-2013 13:16:01.740,System.Byte[],Waived current late fee 1.
,491605,1495,119093,2335835,120228,1413958,93,88,590762,12-05-2013 13:15:25.420,15,FALSE,FALSE,12-05-2013 13:16:01.740,,,12-05-2013 13:16:01.740,System.Byte[],Waived current late fee 2.
,491606,1495,119093,2335835,120228,1413958,93,88,590762,12-05-2013 13:15:25.420,-15,FALSE,FALSE,12-05-2013 13:16:01.743,,,12-05-2013 13:16:01.743,System.Byte[],Waived current late fee 2.
,491829,1495,119165,2337563,119752,1415099,93,88,590870,12-06-2013 9:34:13.227,15,FALSE,FALSE,12-06-2013 9:34:34.120,,,12-06-2013 9:34:34.120,System.Byte[],Waived current late fee 1.
,491830,1495,119165,2337563,119752,1415099,93,88,590870,12-06-2013 9:34:13.227,-15,FALSE,FALSE,12-06-2013 9:34:34.120,,,12-06-2013 9:34:34.120,System.Byte[],Waived current late fee 1.
,491909,1495,119165,2337834,8221,1415265,93,88,590912,12-06-2013 11:14:43.357,15,FALSE,FALSE,12-06-2013 11:14:48.657,,,12-06-2013 11:14:48.657,System.Byte[],Waived current late fee 1.
,491910,1495,119165,2337834,8221,1415265,93,88,590912,12-06-2013 11:14:43.357,-15,FALSE,FALSE,12-06-2013 11:14:48.657,,,12-06-2013 11:14:48.657,System.Byte[],Waived current late fee 1.
,492093,1495,119165,2338923,123887,1415935,93,88,591015,12-06-2013 16:16:31.147,15,FALSE,FALSE,12-06-2013 16:16:51.040,,,12-06-2013 16:16:51.040,System.Byte[],Waived current late fee 1.
,492094,1495,119165,2338923,123887,1415935,93,88,591015,12-06-2013 16:16:31.147,-15,FALSE,FALSE,12-06-2013 16:16:51.040,,,12-06-2013 16:16:51.040,System.Byte[],Waived current late fee 1.
,492413,1495,119311,2341828,44381,1417783,93,88,591216,12-09-2013 12:08:46.207,15,FALSE,FALSE,12-09-2013 12:09:06.873,,,12-09-2013 12:09:06.873,System.Byte[],Waived current late fee 1.
,492414,1495,119311,2341828,44381,1417783,93,88,591216,12-09-2013 12:08:46.207,-15,FALSE,FALSE,12-09-2013 12:09:06.873,,,12-09-2013 12:09:06.873,System.Byte[],Waived current late fee 1.
,492445,1495,119311,2342107,102788,1417970,93,88,591243,12-09-2013 13:47:35.250,15,FALSE,FALSE,12-09-2013 13:47:37.090,,,12-09-2013 13:47:37.090,System.Byte[],Waived current late fee 2.
,492446,1495,119311,2342107,102788,1417970,93,88,591243,12-09-2013 13:47:35.250,-15,FALSE,FALSE,12-09-2013 13:47:37.093,,,12-09-2013 13:47:37.093,System.Byte[],Waived current late fee 2.
,492449,1495,119311,2342118,1712,1417979,93,88,591246,12-09-2013 13:51:20.577,15,FALSE,FALSE,12-09-2013 13:51:22.540,,,12-09-2013 13:51:22.540,System.Byte[],Waived current late fee 1.
,492450,1495,119311,2342118,1712,1417979,93,88,591246,12-09-2013 13:51:20.577,-15,FALSE,FALSE,12-09-2013 13:51:22.540,,,12-09-2013 13:51:22.540,System.Byte[],Waived current late fee 1.
,492659,1495,119413,2343766,96784,1419056,93,88,591362,12-10-2013 13:10:31.603,15,FALSE,FALSE,12-10-2013 13:10:52.613,,,12-10-2013 13:10:52.613,System.Byte[],Waived current late fee 1.
,492660,1495,119413,2343766,96784,1419056,93,88,591362,12-10-2013 13:10:31.603,-15,FALSE,FALSE,12-10-2013 13:10:52.613,,,12-10-2013 13:10:52.613,System.Byte[],Waived current late fee 1.
,492801,1495,119481,2344684,114191,1419631,93,88,591435,12-10-2013 18:26:22.007,15,FALSE,FALSE,12-10-2013 18:26:25.010,,,12-10-2013 18:26:25.010,System.Byte[],Waived current late fee 1.
,492802,1495,119481,2344684,114191,1419631,93,88,591435,12-10-2013 18:26:22.007,-15,FALSE,FALSE,12-10-2013 18:26:25.010,,,12-10-2013 18:26:25.010,System.Byte[],Waived current late fee 1.
,492803,1495,119481,2344685,114191,1419631,93,88,591436,12-10-2013 18:26:22.007,15,FALSE,FALSE,12-10-2013 18:26:25.010,,,12-10-2013 18:26:25.010,System.Byte[],Waived current late fee 2.
,492804,1495,119481,2344685,114191,1419631,93,88,591436,12-10-2013 18:26:22.007,-15,FALSE,FALSE,12-10-2013 18:26:25.010,,,12-10-2013 18:26:25.010,System.Byte[],Waived current late fee 2.
,493505,1495,119554,2346834,82728,1420829,93,88,591745,12-12-2013 13:44:58.290,15,FALSE,FALSE,12-12-2013 13:45:54.613,,,12-12-2013 13:45:54.613,System.Byte[],Waived current late fee 1.
,493506,1495,119554,2346834,82728,1420829,93,88,591745,12-12-2013 13:44:58.290,-15,FALSE,FALSE,12-12-2013 13:45:54.613,,,12-12-2013 13:45:54.613,System.Byte[],Waived current late fee 1.
,493531,1495,119554,2346907,118491,1420871,93,88,591760,12-12-2013 14:32:20.703,15,FALSE,FALSE,12-12-2013 14:32:23.407,,,12-12-2013 14:32:23.407,System.Byte[],Waived current late fee 1.
,493532,1495,119554,2346907,118491,1420871,93,88,591760,12-12-2013 14:32:20.703,-15,FALSE,FALSE,12-12-2013 14:32:23.407,,,12-12-2013 14:32:23.407,System.Byte[],Waived current late fee 1.
,494253,1495,119619,2348705,106518,1421759,93,88,592101,12-13-2013 15:32:29.723,15,FALSE,FALSE,12-13-2013 15:32:45.743,,,12-13-2013 15:32:45.743,System.Byte[],Waived current late fee 1.
,494254,1495,119619,2348705,106518,1421759,93,88,592101,12-13-2013 15:32:29.723,-15,FALSE,FALSE,12-13-2013 15:32:45.747,,,12-13-2013 15:32:45.747,System.Byte[],Waived current late fee 1.
,494257,1495,119619,2348737,116155,1421773,93,88,592103,12-13-2013 15:39:11.300,15,FALSE,FALSE,12-13-2013 15:39:37.893,,,12-13-2013 15:39:37.893,System.Byte[],Waived current late fee 1.
,494258,1495,119619,2348737,116155,1421773,93,88,592103,12-13-2013 15:39:11.300,-15,FALSE,FALSE,12-13-2013 15:39:37.893,,,12-13-2013 15:39:37.893,System.Byte[],Waived current late fee 1.
,494419,1495,119685,2349513,93143,1422152,1179,88,592205,12-14-2013 10:46:48.840,15,FALSE,FALSE,12-14-2013 10:46:52.340,,,12-14-2013 10:46:52.340,System.Byte[],Waived current late fee 1.
,494420,1495,119685,2349513,93143,1422152,1179,88,592205,12-14-2013 10:46:48.840,-15,FALSE,FALSE,12-14-2013 10:46:52.340,,,12-14-2013 10:46:52.340,System.Byte[],Waived current late fee 1.
,506150,1495,122589,2468905,112599,1463269,93,88,602080,12-21-2013 12:25:44.697,15,FALSE,FALSE,12-21-2013 12:26:01.530,,,12-21-2013 12:26:01.530,System.Byte[],Waived current late fee 1.
,506151,1495,122589,2468905,112599,1463269,93,88,602080,12-21-2013 12:25:44.697,-15,FALSE,FALSE,12-21-2013 12:26:01.530,,,12-21-2013 12:26:01.530,System.Byte[],Waived current late fee 1.
,506370,1495,122653,2469976,120798,1463833,93,88,602181,12-23-2013 10:13:21.983,15,FALSE,FALSE,12-23-2013 10:13:28.983,,,12-23-2013 10:13:28.983,System.Byte[],Waived current late fee 1.
,506371,1495,122653,2469976,120798,1463833,93,88,602181,12-23-2013 10:13:21.983,-15,FALSE,FALSE,12-23-2013 10:13:28.987,,,12-23-2013 10:13:28.987,System.Byte[],Waived current late fee 1.
,506372,1495,122653,2469979,85142,1463835,93,88,602182,12-23-2013 10:14:31.577,15,FALSE,FALSE,12-23-2013 10:14:56.050,,,12-23-2013 10:14:56.050,System.Byte[],Waived current late fee 1.
,506373,1495,122653,2469979,85142,1463835,93,88,602182,12-23-2013 10:14:31.577,-15,FALSE,FALSE,12-23-2013 10:14:56.050,,,12-23-2013 10:14:56.050,System.Byte[],Waived current late fee 1.
,507120,1495,122885,2473589,110745,1465839,93,88,602478,12-27-2013 12:57:29.820,15,FALSE,FALSE,12-27-2013 12:57:35.897,,,12-27-2013 12:57:35.897,System.Byte[],Waived current late fee 2.
,507121,1495,122885,2473589,110745,1465839,93,88,602478,12-27-2013 12:57:29.820,-15,FALSE,FALSE,12-27-2013 12:57:35.897,,,12-27-2013 12:57:35.897,System.Byte[],Waived current late fee 2.
,507122,1495,122885,2473590,80082,1465839,93,88,602479,12-27-2013 12:57:29.820,15,FALSE,FALSE,12-27-2013 12:57:35.900,,,12-27-2013 12:57:35.900,System.Byte[],Waived current late fee 2.
,507123,1495,122885,2473590,80082,1465839,93,88,602479,12-27-2013 12:57:29.820,-15,FALSE,FALSE,12-27-2013 12:57:35.900,,,12-27-2013 12:57:35.900,System.Byte[],Waived current late fee 2.
,507662,1495,123016,2476562,31613,1467439,93,88,602780,12-30-2013 11:54:21.307,15,FALSE,FALSE,12-30-2013 11:54:27.080,,,12-30-2013 11:54:27.080,System.Byte[],Waived current late fee 1.
,507663,1495,123016,2476562,31613,1467439,93,88,602780,12-30-2013 11:54:21.307,-15,FALSE,FALSE,12-30-2013 11:54:27.080,,,12-30-2013 11:54:27.080,System.Byte[],Waived current late fee 1.
,507698,1495,123016,2476676,1586,1467506,93,88,602798,12-30-2013 12:26:06.833,15,FALSE,FALSE,12-30-2013 12:26:09.073,,,12-30-2013 12:26:09.073,System.Byte[],Waived current late fee 1.
,507699,1495,123016,2476676,1586,1467506,93,88,602798,12-30-2013 12:26:06.833,-15,FALSE,FALSE,12-30-2013 12:26:09.073,,,12-30-2013 12:26:09.073,System.Byte[],Waived current late fee 1.
,507794,1495,123016,2477298,112020,1467872,1179,88,602863,12-30-2013 16:09:06.360,15,FALSE,FALSE,12-30-2013 16:09:08.890,,,12-30-2013 16:09:08.890,System.Byte[],Waived current late fee 1.
,507795,1495,123016,2477298,112020,1467872,1179,88,602863,12-30-2013 16:09:06.360,-15,FALSE,FALSE,12-30-2013 16:09:08.890,,,12-30-2013 16:09:08.890,System.Byte[],Waived current late fee 1.
,507796,1495,123016,2477299,114468,1467873,1179,88,602864,12-30-2013 16:09:27.000,15,FALSE,FALSE,12-30-2013 16:09:28.787,,,12-30-2013 16:09:28.787,System.Byte[],Waived current late fee 1.
,507797,1495,123016,2477299,114468,1467873,1179,88,602864,12-30-2013 16:09:27.000,-15,FALSE,FALSE,12-30-2013 16:09:28.790,,,12-30-2013 16:09:28.790,System.Byte[],Waived current late fee 1.
,507980,1495,123120,2478784,124347,1468730,93,88,602976,12-31-2013 13:36:03.317,15,FALSE,FALSE,12-31-2013 13:36:43.120,,,12-31-2013 13:36:43.120,System.Byte[],Waived current late fee 1.
,507981,1495,123120,2478784,124347,1468730,93,88,602976,12-31-2013 13:36:03.317,-15,FALSE,FALSE,12-31-2013 13:36:43.120,,,12-31-2013 13:36:43.120,System.Byte[],Waived current late fee 1.
,508306,1495,123195,2480812,83736,1470119,93,88,603104,01-02-2014 10:07:28.253,15,FALSE,FALSE,01-02-2014 10:07:50.150,,,01-02-2014 10:07:50.150,System.Byte[],Waived current late fee 1.
,508307,1495,123195,2480812,83736,1470119,93,88,603104,01-02-2014 10:07:28.253,-15,FALSE,FALSE,01-02-2014 10:07:50.150,,,01-02-2014 10:07:50.150,System.Byte[],Waived current late fee 1.
,508408,1495,123195,2484019,86393,1472578,93,88,603181,01-02-2014 12:48:58.180,15,FALSE,FALSE,01-02-2014 12:49:02.803,,,01-02-2014 12:49:02.803,System.Byte[],Waived current late fee 1.
,508409,1495,123195,2484019,86393,1472578,93,88,603181,01-02-2014 12:48:58.180,-15,FALSE,FALSE,01-02-2014 12:49:02.803,,,01-02-2014 12:49:02.803,System.Byte[],Waived current late fee 1.
,508424,1495,123195,2484266,117383,1472767,93,88,603188,01-02-2014 12:56:49.953,15,FALSE,FALSE,01-02-2014 12:57:17.003,,,01-02-2014 12:57:17.003,System.Byte[],Waived current late fee 1.
,508425,1495,123195,2484266,117383,1472767,93,88,603188,01-02-2014 12:56:49.953,-15,FALSE,FALSE,01-02-2014 12:57:17.003,,,01-02-2014 12:57:17.003,System.Byte[],Waived current late fee 1.
,509042,1495,123290,2491001,83077,1477355,93,88,603496,01-03-2014 16:00:39.460,15,FALSE,FALSE,01-03-2014 16:00:59.950,,,01-03-2014 16:00:59.950,System.Byte[],Waived current late fee 2.
,509043,1495,123290,2491001,83077,1477355,93,88,603496,01-03-2014 16:00:39.460,-15,FALSE,FALSE,01-03-2014 16:00:59.950,,,01-03-2014 16:00:59.950,System.Byte[],Waived current late fee 2.
,509938,1495,123567,2497396,1510,1481532,93,88,603961,01-07-2014 9:58:24.703,15,FALSE,FALSE,01-07-2014 9:58:33.880,,,01-07-2014 9:58:33.880,System.Byte[],Waived current late fee 1.
,509939,1495,123567,2497396,1510,1481532,93,88,603961,01-07-2014 9:58:24.703,-15,FALSE,FALSE,01-07-2014 9:58:33.880,,,01-07-2014 9:58:33.880,System.Byte[],Waived current late fee 1.
,510558,1495,123716,2501003,44381,1483680,93,88,604238,01-09-2014 9:39:44.763,15,FALSE,FALSE,01-09-2014 9:40:09.223,,,01-09-2014 9:40:09.223,System.Byte[],Waived current late fee 1.
,510559,1495,123716,2501003,44381,1483680,93,88,604238,01-09-2014 9:39:44.763,-15,FALSE,FALSE,01-09-2014 9:40:09.223,,,01-09-2014 9:40:09.223,System.Byte[],Waived current late fee 1.
,510750,1495,123716,2501860,1620,1484176,1179,88,604317,01-09-2014 15:19:20.787,15,FALSE,FALSE,01-09-2014 15:19:24.030,,,01-09-2014 15:19:24.030,System.Byte[],Waived current late fee 1.
,510751,1495,123716,2501860,1620,1484176,1179,88,604317,01-09-2014 15:19:20.787,-15,FALSE,FALSE,01-09-2014 15:19:24.033,,,01-09-2014 15:19:24.033,System.Byte[],Waived current late fee 1.
,511356,1495,123870,2505241,92759,1486178,1179,88,604525,01-11-2014 8:56:49.770,15,FALSE,FALSE,01-11-2014 8:56:54.983,,,01-11-2014 8:56:54.983,System.Byte[],Waived current late fee 1.
,511357,1495,123870,2505241,92759,1486178,1179,88,604525,01-11-2014 8:56:49.770,-15,FALSE,FALSE,01-11-2014 8:56:54.983,,,01-11-2014 8:56:54.983,System.Byte[],Waived current late fee 1.
,511390,1495,123870,2505328,118491,1486223,1179,88,604536,01-11-2014 10:05:30.270,15,FALSE,FALSE,01-11-2014 10:05:34.690,,,01-11-2014 10:05:34.690,System.Byte[],Waived current late fee 1.
,511391,1495,123870,2505328,118491,1486223,1179,88,604536,01-11-2014 10:05:30.270,-15,FALSE,FALSE,01-11-2014 10:05:34.693,,,01-11-2014 10:05:34.693,System.Byte[],Waived current late fee 1.
,511392,1495,123870,2505329,118491,1486223,1179,88,604537,01-11-2014 10:05:30.270,15,FALSE,FALSE,01-11-2014 10:05:34.693,,,01-11-2014 10:05:34.693,System.Byte[],Waived current late fee 2.
,511393,1495,123870,2505329,118491,1486223,1179,88,604537,01-11-2014 10:05:30.270,-15,FALSE,FALSE,01-11-2014 10:05:34.693,,,01-11-2014 10:05:34.693,System.Byte[],Waived current late fee 2.
,512430,1495,124051,2509476,118031,1488191,93,88,604988,01-14-2014 15:05:05.903,15,FALSE,FALSE,01-14-2014 15:05:31.990,,,01-14-2014 15:05:31.990,System.Byte[],Waived current late fee 1.
,512431,1495,124051,2509476,118031,1488191,93,88,604988,01-14-2014 15:05:05.903,-15,FALSE,FALSE,01-14-2014 15:05:31.990,,,01-14-2014 15:05:31.990,System.Byte[],Waived current late fee 1.
,514190,1495,124261,2513697,123887,1490007,93,88,605393,01-17-2014 13:18:09.970,15,FALSE,FALSE,01-17-2014 13:18:31.840,,,01-17-2014 13:18:31.840,System.Byte[],Waived current late fee 1.
,514191,1495,124261,2513697,123887,1490007,93,88,605393,01-17-2014 13:18:09.970,-15,FALSE,FALSE,01-17-2014 13:18:31.840,,,01-17-2014 13:18:31.840,System.Byte[],Waived current late fee 1.
,514986,1495,124401,2516392,97377,1491269,93,88,605670,01-20-2014 12:44:02.137,15,FALSE,FALSE,01-20-2014 12:44:08.230,,,01-20-2014 12:44:08.230,System.Byte[],Waived current late fee 1.
,514987,1495,124401,2516392,97377,1491269,93,88,605670,01-20-2014 12:44:02.137,-15,FALSE,FALSE,01-20-2014 12:44:08.230,,,01-20-2014 12:44:08.230,System.Byte[],Waived current late fee 1.
,515074,1495,124401,2516687,124238,1491415,93,88,605730,01-20-2014 15:33:56.147,15,FALSE,FALSE,01-20-2014 15:33:59.607,,,01-20-2014 15:33:59.607,System.Byte[],Waived current late fee 1.
,515075,1495,124401,2516687,124238,1491415,93,88,605730,01-20-2014 15:33:56.147,-15,FALSE,FALSE,01-20-2014 15:33:59.607,,,01-20-2014 15:33:59.607,System.Byte[],Waived current late fee 1.
,515076,1495,124401,2516688,124242,1491415,93,88,605731,01-20-2014 15:33:56.147,15,FALSE,FALSE,01-20-2014 15:33:59.607,,,01-20-2014 15:33:59.607,System.Byte[],Waived current late fee 1.
,515077,1495,124401,2516688,124242,1491415,93,88,605731,01-20-2014 15:33:56.147,-15,FALSE,FALSE,01-20-2014 15:33:59.607,,,01-20-2014 15:33:59.607,System.Byte[],Waived current late fee 1.
,515166,1495,124499,2517155,120347,1491651,93,88,605779,01-21-2014 10:20:10.013,15,FALSE,FALSE,01-21-2014 10:20:52.317,,,01-21-2014 10:20:52.317,System.Byte[],Waived current late fee 1.
,515167,1495,124499,2517155,120347,1491651,93,88,605779,01-21-2014 10:20:10.013,-15,FALSE,FALSE,01-21-2014 10:20:52.317,,,01-21-2014 10:20:52.317,System.Byte[],Waived current late fee 1.
,515396,1495,124560,2518377,124107,1492307,1212,88,605893,01-22-2014 13:58:30.520,15,FALSE,FALSE,01-22-2014 13:58:37.803,,,01-22-2014 13:58:37.803,System.Byte[],Waived current late fee 1.
,515397,1495,124560,2518377,124107,1492307,1212,88,605893,01-22-2014 13:58:30.520,-15,FALSE,FALSE,01-22-2014 13:58:37.803,,,01-22-2014 13:58:37.803,System.Byte[],Waived current late fee 1.
,516722,1495,124998,2525262,120910,1496066,93,88,606787,01-29-2014 12:32:41.517,15,FALSE,FALSE,01-29-2014 12:33:01.163,,,01-29-2014 12:33:01.163,System.Byte[],Waived current late fee 1.
,516723,1495,124998,2525262,120910,1496066,93,88,606787,01-29-2014 12:32:41.517,-15,FALSE,FALSE,01-29-2014 12:33:01.163,,,01-29-2014 12:33:01.163,System.Byte[],Waived current late fee 1.
,518232,1495,125274,2538888,86393,1505095,93,88,607687,02-03-2014 10:08:01.827,15,FALSE,FALSE,02-03-2014 10:08:07.977,,,02-03-2014 10:08:07.977,System.Byte[],Waived current late fee 1.
,518233,1495,125274,2538888,86393,1505095,93,88,607687,02-03-2014 10:08:01.827,-15,FALSE,FALSE,02-03-2014 10:08:07.977,,,02-03-2014 10:08:07.977,System.Byte[],Waived current late fee 1.
,523192,1495,125903,2561129,1712,1518008,93,88,609827,02-14-2014 13:26:39.787,15,FALSE,FALSE,02-14-2014 13:26:44.893,,,02-14-2014 13:26:44.893,System.Byte[],Waived current late fee 1.
,523193,1495,125903,2561129,1712,1518008,93,88,609827,02-14-2014 13:26:39.787,-15,FALSE,FALSE,02-14-2014 13:26:44.893,,,02-14-2014 13:26:44.893,System.Byte[],Waived current late fee 1.
,523294,1495,125903,2561602,61331,1518212,93,88,609885,02-14-2014 16:20:36.177,15,FALSE,FALSE,02-14-2014 16:20:53.083,,,02-14-2014 16:20:53.083,System.Byte[],Waived current late fee 2.
,523295,1495,125903,2561602,61331,1518212,93,88,609885,02-14-2014 16:20:36.177,-15,FALSE,FALSE,02-14-2014 16:20:53.083,,,02-14-2014 16:20:53.083,System.Byte[],Waived current late fee 2.
,523296,1495,125903,2561635,1745,1518223,93,88,609889,02-14-2014 16:25:54.557,15,FALSE,FALSE,02-14-2014 16:25:59.393,,,02-14-2014 16:25:59.393,System.Byte[],Waived current late fee 1.
,523297,1495,125903,2561635,1745,1518223,93,88,609889,02-14-2014 16:25:54.557,-15,FALSE,FALSE,02-14-2014 16:25:59.393,,,02-14-2014 16:25:59.393,System.Byte[],Waived current late fee 1.
,524036,1495,126245,2564142,1524,1519485,93,88,610141,02-17-2014 11:39:13.227,15,FALSE,FALSE,02-17-2014 11:39:19.533,,,02-17-2014 11:39:19.533,System.Byte[],Waived current late fee 1.
,524037,1495,126245,2564142,1524,1519485,93,88,610141,02-17-2014 11:39:13.227,-15,FALSE,FALSE,02-17-2014 11:39:19.533,,,02-17-2014 11:39:19.533,System.Byte[],Waived current late fee 1.
,524330,1495,126351,2565185,80082,1519946,93,88,610253,02-18-2014 10:02:30.560,15,FALSE,FALSE,02-18-2014 10:02:38.180,,,02-18-2014 10:02:38.180,System.Byte[],Waived current late fee 1.
,524331,1495,126351,2565185,80082,1519946,93,88,610253,02-18-2014 10:02:30.560,-15,FALSE,FALSE,02-18-2014 10:02:38.180,,,02-18-2014 10:02:38.180,System.Byte[],Waived current late fee 1.
,524332,1495,126351,2565186,129211,1519946,93,88,610254,02-18-2014 10:02:30.560,15,FALSE,FALSE,02-18-2014 10:02:38.180,,,02-18-2014 10:02:38.180,System.Byte[],Waived current late fee 1.
,524333,1495,126351,2565186,129211,1519946,93,88,610254,02-18-2014 10:02:30.560,-15,FALSE,FALSE,02-18-2014 10:02:38.180,,,02-18-2014 10:02:38.180,System.Byte[],Waived current late fee 1.
,524368,1495,126351,2565471,120813,1520094,93,88,610273,02-18-2014 13:07:24.430,15,FALSE,FALSE,02-18-2014 13:07:35.070,,,02-18-2014 13:07:35.070,System.Byte[],Waived current late fee 1.
,524369,1495,126351,2565471,120813,1520094,93,88,610273,02-18-2014 13:07:24.430,-15,FALSE,FALSE,02-18-2014 13:07:35.070,,,02-18-2014 13:07:35.070,System.Byte[],Waived current late fee 1.
,524370,1495,126351,2565472,120813,1520094,93,88,610274,02-18-2014 13:07:24.430,15,FALSE,FALSE,02-18-2014 13:07:35.070,,,02-18-2014 13:07:35.070,System.Byte[],Waived current late fee 2.
,524371,1495,126351,2565472,120813,1520094,93,88,610274,02-18-2014 13:07:24.430,-15,FALSE,FALSE,02-18-2014 13:07:35.070,,,02-18-2014 13:07:35.070,System.Byte[],Waived current late fee 2.
,525571,1495,126624,2569890,98754,1522087,93,88,610705,02-21-2014 16:40:02.430,15,FALSE,FALSE,02-21-2014 16:40:43.343,,,02-21-2014 16:40:43.343,System.Byte[],Waived current late fee 1.
,525572,1495,126624,2569890,98754,1522087,93,88,610705,02-21-2014 16:40:02.430,-15,FALSE,FALSE,02-21-2014 16:40:43.343,,,02-21-2014 16:40:43.343,System.Byte[],Waived current late fee 1.
,525723,1495,126624,2570498,81652,1522387,1179,88,610776,02-22-2014 11:27:45.880,15,FALSE,FALSE,02-22-2014 11:27:51.340,,,02-22-2014 11:27:51.340,System.Byte[],Waived current late fee 1.
,525724,1495,126624,2570498,81652,1522387,1179,88,610776,02-22-2014 11:27:45.880,-15,FALSE,FALSE,02-22-2014 11:27:51.343,,,02-22-2014 11:27:51.343,System.Byte[],Waived current late fee 1.
,526339,1495,126794,2573604,49648,1523942,93,88,611095,02-25-2014 12:03:15.883,15,FALSE,FALSE,02-25-2014 12:03:19.820,,,02-25-2014 12:03:19.820,System.Byte[],Waived current late fee 2.
,526340,1495,126794,2573604,49648,1523942,93,88,611095,02-25-2014 12:03:15.883,-15,FALSE,FALSE,02-25-2014 12:03:19.820,,,02-25-2014 12:03:19.820,System.Byte[],Waived current late fee 2.
,527962,1495,127078,2581481,119269,1528157,93,88,611838,03-01-2014 9:01:36.343,15,FALSE,FALSE,03-01-2014 9:01:33.210,,,03-01-2014 9:01:33.210,System.Byte[],Waived current late fee 1.
,527963,1495,127078,2581481,119269,1528157,93,88,611838,03-01-2014 9:01:36.343,-15,FALSE,FALSE,03-01-2014 9:01:33.210,,,03-01-2014 9:01:33.210,System.Byte[],Waived current late fee 1.
,527964,1495,127078,2581482,119270,1528157,93,88,611839,03-01-2014 9:01:36.343,15,FALSE,FALSE,03-01-2014 9:01:33.210,,,03-01-2014 9:01:33.210,System.Byte[],Waived current late fee 1.
,527965,1495,127078,2581482,119270,1528157,93,88,611839,03-01-2014 9:01:36.343,-15,FALSE,FALSE,03-01-2014 9:01:33.210,,,03-01-2014 9:01:33.210,System.Byte[],Waived current late fee 1.
,527966,1495,127078,2581483,119313,1528157,93,88,611840,03-01-2014 9:01:36.343,15,FALSE,FALSE,03-01-2014 9:01:33.210,,,03-01-2014 9:01:33.210,System.Byte[],Waived current late fee 1.
,527967,1495,127078,2581483,119313,1528157,93,88,611840,03-01-2014 9:01:36.343,-15,FALSE,FALSE,03-01-2014 9:01:33.210,,,03-01-2014 9:01:33.210,System.Byte[],Waived current late fee 1.
,528036,1495,127078,2583225,1586,1529257,93,88,611865,03-01-2014 11:00:29.283,15,FALSE,FALSE,03-01-2014 11:00:24.977,,,03-01-2014 11:00:24.977,System.Byte[],Waived current late fee 1.
,528037,1495,127078,2583225,1586,1529257,93,88,611865,03-01-2014 11:00:29.283,-15,FALSE,FALSE,03-01-2014 11:00:24.977,,,03-01-2014 11:00:24.977,System.Byte[],Waived current late fee 1.
,528778,1495,127152,2592483,54563,1534785,93,88,612104,03-03-2014 11:43:02.747,15,FALSE,FALSE,03-03-2014 11:43:19.010,,,03-03-2014 11:43:19.010,System.Byte[],Waived current late fee 1.
,528779,1495,127152,2592483,54563,1534785,93,88,612104,03-03-2014 11:43:02.747,-15,FALSE,FALSE,03-03-2014 11:43:19.010,,,03-03-2014 11:43:19.010,System.Byte[],Waived current late fee 1.
,531896,1495,127681,2608593,87578,1544232,93,88,613429,03-10-2014 10:59:47.667,15,FALSE,FALSE,03-10-2014 11:01:17.267,,,03-10-2014 11:01:17.267,System.Byte[],Waived current late fee 2.
,531897,1495,127681,2608593,87578,1544232,93,88,613429,03-10-2014 10:59:47.667,-15,FALSE,FALSE,03-10-2014 11:01:17.267,,,03-10-2014 11:01:17.267,System.Byte[],Waived current late fee 2.
,532497,1495,127800,2611657,114530,1545926,93,88,613705,03-11-2014 11:07:14.943,15,FALSE,FALSE,03-11-2014 11:07:39.010,,,03-11-2014 11:07:39.010,System.Byte[],Waived current late fee 1.
,532498,1495,127800,2611657,114530,1545926,93,88,613705,03-11-2014 11:07:14.943,-15,FALSE,FALSE,03-11-2014 11:07:39.010,,,03-11-2014 11:07:39.010,System.Byte[],Waived current late fee 1.
,532743,1495,127800,2612231,1645,1546213,93,88,613820,03-11-2014 13:41:07.103,15,FALSE,FALSE,03-11-2014 13:41:10.240,,,03-11-2014 13:41:10.240,System.Byte[],Waived current late fee 1.
,532744,1495,127800,2612231,1645,1546213,93,88,613820,03-11-2014 13:41:07.103,-15,FALSE,FALSE,03-11-2014 13:41:10.240,,,03-11-2014 13:41:10.240,System.Byte[],Waived current late fee 1.
,532913,1495,127800,2612617,54734,1546378,93,88,613871,03-11-2014 15:24:27.040,15,FALSE,FALSE,03-11-2014 15:24:31.407,,,03-11-2014 15:24:31.407,System.Byte[],Waived current late fee 1.
,532914,1495,127800,2612617,54734,1546378,93,88,613871,03-11-2014 15:24:27.040,-15,FALSE,FALSE,03-11-2014 15:24:31.407,,,03-11-2014 15:24:31.407,System.Byte[],Waived current late fee 1.
,534623,1495,127955,2615978,120228,1547743,93,88,614245,03-13-2014 10:34:28.797,15,FALSE,FALSE,03-13-2014 10:34:45.640,,,03-13-2014 10:34:45.640,System.Byte[],Waived current late fee 1.
,534624,1495,127955,2615978,120228,1547743,93,88,614245,03-13-2014 10:34:28.797,-15,FALSE,FALSE,03-13-2014 10:34:45.640,,,03-13-2014 10:34:45.640,System.Byte[],Waived current late fee 1.
,534787,1495,127955,2616533,96587,1548004,1179,88,614304,03-13-2014 14:55:01.393,15,FALSE,FALSE,03-13-2014 14:55:04.817,,,03-13-2014 14:55:04.817,System.Byte[],Waived current late fee 1.
,534788,1495,127955,2616533,96587,1548004,1179,88,614304,03-13-2014 14:55:01.393,-15,FALSE,FALSE,03-13-2014 14:55:04.820,,,03-13-2014 14:55:04.820,System.Byte[],Waived current late fee 1.
,536941,1495,128174,2621734,116425,1550110,93,88,614725,03-17-2014 11:59:41.850,15,FALSE,FALSE,03-17-2014 12:00:03.960,,,03-17-2014 12:00:03.960,System.Byte[],Waived current late fee 1.
,536942,1495,128174,2621734,116425,1550110,93,88,614725,03-17-2014 11:59:41.850,-15,FALSE,FALSE,03-17-2014 12:00:03.960,,,03-17-2014 12:00:03.960,System.Byte[],Waived current late fee 1.
,537123,1495,128174,2622291,1507,1550392,1179,88,614788,03-17-2014 16:10:43.913,15,FALSE,FALSE,03-17-2014 16:10:48.983,,,03-17-2014 16:10:48.983,System.Byte[],Waived current late fee 2.
,537124,1495,128174,2622291,1507,1550392,1179,88,614788,03-17-2014 16:10:43.913,-15,FALSE,FALSE,03-17-2014 16:10:48.983,,,03-17-2014 16:10:48.983,System.Byte[],Waived current late fee 2.
,537339,1495,128279,2623123,98754,1550821,93,88,614886,03-18-2014 14:02:54.617,15,FALSE,FALSE,03-18-2014 14:03:24.900,,,03-18-2014 14:03:24.900,System.Byte[],Waived current late fee 1.
,537340,1495,128279,2623123,98754,1550821,93,88,614886,03-18-2014 14:02:54.617,-15,FALSE,FALSE,03-18-2014 14:03:24.900,,,03-18-2014 14:03:24.900,System.Byte[],Waived current late fee 1.
,538007,1495,128487,2626018,118218,1552274,93,88,615182,03-21-2014 10:04:51.303,15,FALSE,FALSE,03-21-2014 10:04:59.473,,,03-21-2014 10:04:59.473,System.Byte[],Waived current late fee 1.
,538008,1495,128487,2626018,118218,1552274,93,88,615182,03-21-2014 10:04:51.303,-15,FALSE,FALSE,03-21-2014 10:04:59.477,,,03-21-2014 10:04:59.477,System.Byte[],Waived current late fee 1.
,538009,1495,128487,2626033,114061,1552283,93,88,615183,03-21-2014 10:17:23.497,15,FALSE,FALSE,03-21-2014 10:17:31.387,,,03-21-2014 10:17:31.387,System.Byte[],Waived current late fee 1.
,538010,1495,128487,2626033,114061,1552283,93,88,615183,03-21-2014 10:17:23.497,-15,FALSE,FALSE,03-21-2014 10:17:31.387,,,03-21-2014 10:17:31.387,System.Byte[],Waived current late fee 1.
,538919,1495,128625,2629564,1613,1554061,93,88,615538,03-24-2014 16:45:49.420,15,FALSE,FALSE,03-24-2014 16:45:53.563,,,03-24-2014 16:45:53.563,System.Byte[],Waived current late fee 1.
,538920,1495,128625,2629564,1613,1554061,93,88,615538,03-24-2014 16:45:49.420,-15,FALSE,FALSE,03-24-2014 16:45:53.563,,,03-24-2014 16:45:53.563,System.Byte[],Waived current late fee 1.
,539668,1495,128871,2632854,120082,1555776,93,88,615892,03-27-2014 14:26:50.923,15,FALSE,FALSE,03-27-2014 14:26:57.310,,,03-27-2014 14:26:57.310,System.Byte[],Waived current late fee 1.
,539669,1495,128871,2632854,120082,1555776,93,88,615892,03-27-2014 14:26:50.923,-15,FALSE,FALSE,03-27-2014 14:26:57.310,,,03-27-2014 14:26:57.310,System.Byte[],Waived current late fee 1.
,539840,1495,128943,2633670,85272,1556231,93,88,615987,03-28-2014 11:05:19.120,15,FALSE,FALSE,03-28-2014 11:05:40.163,,,03-28-2014 11:05:40.163,System.Byte[],Waived current late fee 1.
,539841,1495,128943,2633670,85272,1556231,93,88,615987,03-28-2014 11:05:19.120,-15,FALSE,FALSE,03-28-2014 11:05:40.163,,,03-28-2014 11:05:40.163,System.Byte[],Waived current late fee 1.
,539906,1495,128943,2634165,1586,1556507,93,88,616028,03-28-2014 14:05:40.747,15,FALSE,FALSE,03-28-2014 14:05:35.983,,,03-28-2014 14:05:35.983,System.Byte[],Waived current late fee 1.
,539907,1495,128943,2634165,1586,1556507,93,88,616028,03-28-2014 14:05:40.747,-15,FALSE,FALSE,03-28-2014 14:05:35.983,,,03-28-2014 14:05:35.983,System.Byte[],Waived current late fee 1.
,539922,1495,128943,2634219,1589,1556537,93,88,616037,03-28-2014 14:20:20.197,15,FALSE,FALSE,03-28-2014 14:20:16.860,,,03-28-2014 14:20:16.860,System.Byte[],Waived current late fee 1.
,539923,1495,128943,2634219,1589,1556537,93,88,616037,03-28-2014 14:20:20.197,-15,FALSE,FALSE,03-28-2014 14:20:16.863,,,03-28-2014 14:20:16.863,System.Byte[],Waived current late fee 1.
,539924,1495,128943,2634220,1827,1556537,93,88,616038,03-28-2014 14:20:20.197,15,FALSE,FALSE,03-28-2014 14:20:16.863,,,03-28-2014 14:20:16.863,System.Byte[],Waived current late fee 1.
,539925,1495,128943,2634220,1827,1556537,93,88,616038,03-28-2014 14:20:20.197,-15,FALSE,FALSE,03-28-2014 14:20:16.863,,,03-28-2014 14:20:16.863,System.Byte[],Waived current late fee 1.
,541673,1495,129274,2650734,102788,1566302,93,88,616782,04-02-2014 13:36:03.650,15,FALSE,FALSE,04-02-2014 13:36:09.157,,,04-02-2014 13:36:09.157,System.Byte[],Waived current late fee 1.
,541674,1495,129274,2650734,102788,1566302,93,88,616782,04-02-2014 13:36:03.650,-15,FALSE,FALSE,04-02-2014 13:36:09.157,,,04-02-2014 13:36:09.157,System.Byte[],Waived current late fee 1.
,542721,1495,129510,2658143,119269,1570688,93,88,617226,04-05-2014 11:12:02.600,15,FALSE,FALSE,04-05-2014 11:12:10.607,,,04-05-2014 11:12:10.607,System.Byte[],Waived current late fee 1.
,542722,1495,129510,2658143,119269,1570688,93,88,617226,04-05-2014 11:12:02.600,-15,FALSE,FALSE,04-05-2014 11:12:10.607,,,04-05-2014 11:12:10.607,System.Byte[],Waived current late fee 1.
,542723,1495,129510,2658144,119270,1570688,93,88,617227,04-05-2014 11:12:02.600,15,FALSE,FALSE,04-05-2014 11:12:10.607,,,04-05-2014 11:12:10.607,System.Byte[],Waived current late fee 1.
,542724,1495,129510,2658144,119270,1570688,93,88,617227,04-05-2014 11:12:02.600,-15,FALSE,FALSE,04-05-2014 11:12:10.610,,,04-05-2014 11:12:10.610,System.Byte[],Waived current late fee 1.
,542725,1495,129510,2658145,119313,1570688,93,88,617228,04-05-2014 11:12:02.600,15,FALSE,FALSE,04-05-2014 11:12:10.610,,,04-05-2014 11:12:10.610,System.Byte[],Waived current late fee 1.
,542726,1495,129510,2658145,119313,1570688,93,88,617228,04-05-2014 11:12:02.600,-15,FALSE,FALSE,04-05-2014 11:12:10.610,,,04-05-2014 11:12:10.610,System.Byte[],Waived current late fee 1.
,545769,1495,130024,2671550,131566,1577746,1179,88,618207,04-12-2014 9:53:00.857,15,FALSE,FALSE,04-12-2014 9:53:05.227,,,04-12-2014 9:53:05.227,System.Byte[],Waived current late fee 1.
,545770,1495,130024,2671550,131566,1577746,1179,88,618207,04-12-2014 9:53:00.857,-15,FALSE,FALSE,04-12-2014 9:53:05.230,,,04-12-2014 9:53:05.230,System.Byte[],Waived current late fee 1.
,545771,1495,130024,2671551,131566,1577746,1179,88,618208,04-12-2014 9:53:00.857,15,FALSE,FALSE,04-12-2014 9:53:05.230,,,04-12-2014 9:53:05.230,System.Byte[],Waived current late fee 2.
,545772,1495,130024,2671551,131566,1577746,1179,88,618208,04-12-2014 9:53:00.857,-15,FALSE,FALSE,04-12-2014 9:53:05.230,,,04-12-2014 9:53:05.230,System.Byte[],Waived current late fee 2.
,546303,1495,130095,2673564,1671,1578752,93,88,618389,04-14-2014 12:57:01.540,15,FALSE,FALSE,04-14-2014 12:57:07.600,,,04-14-2014 12:57:07.600,System.Byte[],Waived current late fee 2.
,546304,1495,130095,2673564,1671,1578752,93,88,618389,04-14-2014 12:57:01.540,-15,FALSE,FALSE,04-14-2014 12:57:07.600,,,04-14-2014 12:57:07.600,System.Byte[],Waived current late fee 2.
,546385,1495,130095,2673917,123887,1578935,93,88,618431,04-14-2014 15:59:27.427,15,FALSE,FALSE,04-14-2014 15:59:34.223,,,04-14-2014 15:59:34.223,System.Byte[],Waived current late fee 1.
,546386,1495,130095,2673917,123887,1578935,93,88,618431,04-14-2014 15:59:27.427,-15,FALSE,FALSE,04-14-2014 15:59:34.227,,,04-14-2014 15:59:34.227,System.Byte[],Waived current late fee 1.
,547135,1495,130349,2677242,68702,1580599,93,88,618738,04-17-2014 13:15:42.847,15,FALSE,FALSE,04-17-2014 13:16:26.643,,,04-17-2014 13:16:26.643,System.Byte[],Waived current late fee 1.
,547136,1495,130349,2677242,68702,1580599,93,88,618738,04-17-2014 13:15:42.847,-15,FALSE,FALSE,04-17-2014 13:16:26.647,,,04-17-2014 13:16:26.647,System.Byte[],Waived current late fee 1.
,547137,1495,130349,2677243,68702,1580599,93,88,618739,04-17-2014 13:15:42.847,15,FALSE,FALSE,04-17-2014 13:16:26.647,,,04-17-2014 13:16:26.647,System.Byte[],Waived current late fee 2.
,547138,1495,130349,2677243,68702,1580599,93,88,618739,04-17-2014 13:15:42.847,-15,FALSE,FALSE,04-17-2014 13:16:26.647,,,04-17-2014 13:16:26.647,System.Byte[],Waived current late fee 2.
,547597,1495,130487,2679564,131844,1581760,1179,88,618965,04-19-2014 13:54:50.510,15,FALSE,FALSE,04-19-2014 13:54:56.277,,,04-19-2014 13:54:56.277,System.Byte[],Waived current late fee 1.
,547598,1495,130487,2679564,131844,1581760,1179,88,618965,04-19-2014 13:54:50.510,-15,FALSE,FALSE,04-19-2014 13:54:56.277,,,04-19-2014 13:54:56.277,System.Byte[],Waived current late fee 1.
,548039,1495,130638,2681482,81652,1582823,93,88,619155,04-22-2014 9:41:26.663,15,FALSE,FALSE,04-22-2014 9:41:37.327,,,04-22-2014 9:41:37.327,System.Byte[],Waived current late fee 1.
,548040,1495,130638,2681482,81652,1582823,93,88,619155,04-22-2014 9:41:26.663,-15,FALSE,FALSE,04-22-2014 9:41:37.327,,,04-22-2014 9:41:37.327,System.Byte[],Waived current late fee 1.
,548141,1495,130638,2682048,132962,1583121,93,88,619242,04-22-2014 15:52:24.760,15,FALSE,FALSE,04-22-2014 15:53:54.140,,,04-22-2014 15:53:54.140,System.Byte[],Waived current late fee 1.
,548142,1495,130638,2682048,132962,1583121,93,88,619242,04-22-2014 15:52:24.760,-15,FALSE,FALSE,04-22-2014 15:53:54.143,,,04-22-2014 15:53:54.143,System.Byte[],Waived current late fee 1.
,548733,1495,130775,2684323,93143,1584240,93,88,619490,04-24-2014 16:21:22.563,15,FALSE,FALSE,04-24-2014 16:21:26.323,,,04-24-2014 16:21:26.323,System.Byte[],Waived current late fee 2.
,548734,1495,130775,2684323,93143,1584240,93,88,619490,04-24-2014 16:21:22.563,-15,FALSE,FALSE,04-24-2014 16:21:26.323,,,04-24-2014 16:21:26.323,System.Byte[],Waived current late fee 2.
,548937,1495,130844,2685012,114530,1584540,93,88,619536,04-25-2014 11:11:38.140,15,FALSE,FALSE,04-25-2014 11:11:43.260,,,04-25-2014 11:11:43.260,System.Byte[],Waived current late fee 2.
,548938,1495,130844,2685012,114530,1584540,93,88,619536,04-25-2014 11:11:38.140,-15,FALSE,FALSE,04-25-2014 11:11:43.260,,,04-25-2014 11:11:43.260,System.Byte[],Waived current late fee 2.
,549577,1495,130983,2688111,1562,1586182,93,88,619840,04-28-2014 11:24:39.877,15,FALSE,FALSE,04-28-2014 11:24:43.573,,,04-28-2014 11:24:43.573,System.Byte[],Waived current late fee 1.
,549578,1495,130983,2688111,1562,1586182,93,88,619840,04-28-2014 11:24:39.877,-15,FALSE,FALSE,04-28-2014 11:24:43.573,,,04-28-2014 11:24:43.573,System.Byte[],Waived current late fee 1.
,552292,1495,131485,2711612,133772,1600062,93,88,620962,05-05-2014 15:05:52.140,15,FALSE,FALSE,05-05-2014 15:05:56.250,,,05-05-2014 15:05:56.250,System.Byte[],Waived current late fee 1.
,552293,1495,131485,2711612,133772,1600062,93,88,620962,05-05-2014 15:05:52.140,-15,FALSE,FALSE,05-05-2014 15:05:56.250,,,05-05-2014 15:05:56.250,System.Byte[],Waived current late fee 1.
,552338,1495,131485,2711958,119587,1600260,93,88,620985,05-05-2014 16:27:23.507,15,FALSE,FALSE,05-05-2014 16:27:27.180,,,05-05-2014 16:27:27.180,System.Byte[],Waived current late fee 1.
,552339,1495,131485,2711958,119587,1600260,93,88,620985,05-05-2014 16:27:23.507,-15,FALSE,FALSE,05-05-2014 16:27:27.180,,,05-05-2014 16:27:27.180,System.Byte[],Waived current late fee 1.
,553174,1495,131696,2716354,86852,1602743,1212,88,621361,05-07-2014 15:35:53.050,15,FALSE,FALSE,05-07-2014 15:35:58.663,,,05-07-2014 15:35:58.663,System.Byte[],Waived current late fee 1.
,553175,1495,131696,2716354,86852,1602743,1212,88,621361,05-07-2014 15:35:53.050,-15,FALSE,FALSE,05-07-2014 15:35:58.663,,,05-07-2014 15:35:58.663,System.Byte[],Waived current late fee 1.
,553176,1495,131696,2716355,86856,1602743,1212,88,621362,05-07-2014 15:35:53.050,15,FALSE,FALSE,05-07-2014 15:35:58.663,,,05-07-2014 15:35:58.663,System.Byte[],Waived current late fee 1.
,553177,1495,131696,2716355,86856,1602743,1212,88,621362,05-07-2014 15:35:53.050,-15,FALSE,FALSE,05-07-2014 15:35:58.667,,,05-07-2014 15:35:58.667,System.Byte[],Waived current late fee 1.
,553836,1495,131849,2719771,44381,1604631,93,88,621637,05-09-2014 13:51:02.980,15,FALSE,FALSE,05-09-2014 13:51:20.780,,,05-09-2014 13:51:20.780,System.Byte[],Waived current late fee 1.
,553837,1495,131849,2719771,44381,1604631,93,88,621637,05-09-2014 13:51:02.980,-15,FALSE,FALSE,05-09-2014 13:51:20.783,,,05-09-2014 13:51:20.783,System.Byte[],Waived current late fee 1.
,556352,1495,132324,2729832,80082,1609546,93,88,622569,05-16-2014 9:50:23.047,15,FALSE,FALSE,05-16-2014 9:50:25.870,,,05-16-2014 9:50:25.870,System.Byte[],Waived current late fee 1.
,556353,1495,132324,2729832,80082,1609546,93,88,622569,05-16-2014 9:50:23.047,-15,FALSE,FALSE,05-16-2014 9:50:25.870,,,05-16-2014 9:50:25.870,System.Byte[],Waived current late fee 1.
,556354,1495,132324,2729833,129211,1609546,93,88,622570,05-16-2014 9:50:23.047,15,FALSE,FALSE,05-16-2014 9:50:25.870,,,05-16-2014 9:50:25.870,System.Byte[],Waived current late fee 1.
,556355,1495,132324,2729833,129211,1609546,93,88,622570,05-16-2014 9:50:23.047,-15,FALSE,FALSE,05-16-2014 9:50:25.870,,,05-16-2014 9:50:25.870,System.Byte[],Waived current late fee 1.
,557052,1495,132395,2731598,93355,1610355,93,88,622753,05-17-2014 12:36:23.587,15,FALSE,FALSE,05-17-2014 12:36:28.060,,,05-17-2014 12:36:28.060,System.Byte[],Waived current late fee 1.
,557053,1495,132395,2731598,93355,1610355,93,88,622753,05-17-2014 12:36:23.587,-15,FALSE,FALSE,05-17-2014 12:36:28.060,,,05-17-2014 12:36:28.060,System.Byte[],Waived current late fee 1.
,557730,1495,132579,2734742,66820,1611978,93,88,623055,05-20-2014 16:42:46.377,15,FALSE,FALSE,05-20-2014 16:43:04.507,,,05-20-2014 16:43:04.507,System.Byte[],Waived current late fee 1.
,557731,1495,132579,2734742,66820,1611978,93,88,623055,05-20-2014 16:42:46.377,-15,FALSE,FALSE,05-20-2014 16:43:04.507,,,05-20-2014 16:43:04.507,System.Byte[],Waived current late fee 1.
,558570,1495,132846,2738625,137149,1613933,1179,88,623532,05-24-2014 9:36:18.757,15,FALSE,FALSE,05-24-2014 9:36:24.827,,,05-24-2014 9:36:24.827,System.Byte[],Waived current late fee 1.
,558571,1495,132846,2738625,137149,1613933,1179,88,623532,05-24-2014 9:36:18.757,-15,FALSE,FALSE,05-24-2014 9:36:24.827,,,05-24-2014 9:36:24.827,System.Byte[],Waived current late fee 1.
,558572,1495,132846,2738626,137149,1613933,1179,88,623533,05-24-2014 9:36:18.757,15,FALSE,FALSE,05-24-2014 9:36:24.827,,,05-24-2014 9:36:24.827,System.Byte[],Waived current late fee 1.
,558573,1495,132846,2738626,137149,1613933,1179,88,623533,05-24-2014 9:36:18.757,-15,FALSE,FALSE,05-24-2014 9:36:24.827,,,05-24-2014 9:36:24.827,System.Byte[],Waived current late fee 1.
,559010,1495,132919,2740913,1562,1615115,93,88,623798,05-27-2014 10:25:49.347,15,FALSE,FALSE,05-27-2014 10:25:53.893,,,05-27-2014 10:25:53.893,System.Byte[],Waived current late fee 1.
,559011,1495,132919,2740913,1562,1615115,93,88,623798,05-27-2014 10:25:49.347,-15,FALSE,FALSE,05-27-2014 10:25:53.893,,,05-27-2014 10:25:53.893,System.Byte[],Waived current late fee 1.
,559022,1495,132919,2740975,119031,1615146,93,88,623805,05-27-2014 11:01:13.837,15,FALSE,FALSE,05-27-2014 11:01:38.563,,,05-27-2014 11:01:38.563,System.Byte[],Waived current late fee 1.
,559023,1495,132919,2740975,119031,1615146,93,88,623805,05-27-2014 11:01:13.837,-15,FALSE,FALSE,05-27-2014 11:01:38.563,,,05-27-2014 11:01:38.563,System.Byte[],Waived current late fee 1.
,559787,1495,133212,2745334,131853,1617538,1179,88,624271,05-30-2014 10:41:16.653,15,FALSE,FALSE,05-30-2014 10:41:23.327,,,05-30-2014 10:41:23.327,System.Byte[],Waived current late fee 1.
,559788,1495,133212,2745334,131853,1617538,1179,88,624271,05-30-2014 10:41:16.653,-15,FALSE,FALSE,05-30-2014 10:41:23.327,,,05-30-2014 10:41:23.327,System.Byte[],Waived current late fee 1.
,567803,1495,133508,2782148,133583,1639489,93,88,630824,06-03-2014 15:01:50.447,15,FALSE,FALSE,06-03-2014 15:01:55.757,,,06-03-2014 15:01:55.757,System.Byte[],Waived current late fee 1.
,567804,1495,133508,2782148,133583,1639489,93,88,630824,06-03-2014 15:01:50.447,-15,FALSE,FALSE,06-03-2014 15:01:55.757,,,06-03-2014 15:01:55.757,System.Byte[],Waived current late fee 1.
,573593,1495,135456,2808104,131073,1653146,93,88,633790,06-17-2014 10:30:48.500,15,FALSE,FALSE,06-17-2014 10:31:09.363,,,06-17-2014 10:31:09.363,System.Byte[],Waived current late fee 1.
,573594,1495,135456,2808104,131073,1653146,93,88,633790,06-17-2014 10:30:48.500,-15,FALSE,FALSE,06-17-2014 10:31:09.363,,,06-17-2014 10:31:09.363,System.Byte[],Waived current late fee 1.
,575689,1495,135991,2817376,134996,1657669,93,88,634825,06-24-2014 21:08:59.863,15,FALSE,FALSE,06-24-2014 21:09:05.333,,,06-24-2014 21:09:05.333,System.Byte[],Waived current late fee 1.
,575690,1495,135991,2817376,134996,1657669,93,88,634825,06-24-2014 21:08:59.863,-15,FALSE,FALSE,06-24-2014 21:09:05.337,,,06-24-2014 21:09:05.337,System.Byte[],Waived current late fee 1.
,575749,1495,135991,2817771,137163,1657862,1212,88,634859,06-25-2014 12:36:53.333,15,FALSE,FALSE,06-25-2014 12:37:00.410,,,06-25-2014 12:37:00.410,System.Byte[],Waived current late fee 1.
,575750,1495,135991,2817771,137163,1657862,1212,88,634859,06-25-2014 12:36:53.333,-15,FALSE,FALSE,06-25-2014 12:37:00.410,,,06-25-2014 12:37:00.410,System.Byte[],Waived current late fee 1.
,575821,1495,135991,2818121,1773,1658026,1212,88,634899,06-25-2014 15:25:17.540,15,FALSE,FALSE,06-25-2014 15:25:24.360,,,06-25-2014 15:25:24.360,System.Byte[],Waived current late fee 1.
,575822,1495,135991,2818121,1773,1658026,1212,88,634899,06-25-2014 15:25:17.540,-15,FALSE,FALSE,06-25-2014 15:25:24.360,,,06-25-2014 15:25:24.360,System.Byte[],Waived current late fee 1.
,575963,1495,136053,2818877,1525,1658436,93,88,634998,06-26-2014 11:22:46.647,15,FALSE,FALSE,06-26-2014 11:22:54.903,,,06-26-2014 11:22:54.903,System.Byte[],Waived current late fee 1.
,575964,1495,136053,2818877,1525,1658436,93,88,634998,06-26-2014 11:22:46.647,-15,FALSE,FALSE,06-26-2014 11:22:54.903,,,06-26-2014 11:22:54.903,System.Byte[],Waived current late fee 1.
,577035,1495,136262,2824187,109334,1661235,93,88,635590,06-30-2014 9:17:33.780,15,FALSE,FALSE,06-30-2014 9:17:45.837,,,06-30-2014 9:17:45.837,System.Byte[],Waived current late fee 1.
,577036,1495,136262,2824187,109334,1661235,93,88,635590,06-30-2014 9:17:33.780,-15,FALSE,FALSE,06-30-2014 9:17:45.837,,,06-30-2014 9:17:45.837,System.Byte[],Waived current late fee 1.
,577077,1495,136262,2824414,124359,1661406,93,88,635605,06-30-2014 10:56:50.660,15,FALSE,FALSE,06-30-2014 10:57:25.573,,,06-30-2014 10:57:25.573,System.Byte[],Waived current late fee 1.
,577078,1495,136262,2824414,124359,1661406,93,88,635605,06-30-2014 10:56:50.660,-15,FALSE,FALSE,06-30-2014 10:57:25.573,,,06-30-2014 10:57:25.573,System.Byte[],Waived current late fee 1.
,577087,1495,136262,2824543,50682,1661478,93,88,635616,06-30-2014 11:29:26.027,15,FALSE,FALSE,06-30-2014 11:31:21.490,,,06-30-2014 11:31:21.490,System.Byte[],Waived current late fee 1.
,577088,1495,136262,2824543,50682,1661478,93,88,635616,06-30-2014 11:29:26.027,-15,FALSE,FALSE,06-30-2014 11:31:21.490,,,06-30-2014 11:31:21.490,System.Byte[],Waived current late fee 1.
,578767,1495,136638,2844230,121252,1673515,1179,88,636481,07-05-2014 8:55:47.043,15,FALSE,FALSE,07-05-2014 8:55:49.280,,,07-05-2014 8:55:49.280,System.Byte[],Waived current late fee 1.
,578768,1495,136638,2844230,121252,1673515,1179,88,636481,07-05-2014 8:55:47.043,-15,FALSE,FALSE,07-05-2014 8:55:49.280,,,07-05-2014 8:55:49.280,System.Byte[],Waived current late fee 1.
,579183,1495,136745,2847412,138112,1675454,93,88,636737,07-07-2014 10:18:52.863,15,FALSE,FALSE,07-07-2014 10:18:57.663,,,07-07-2014 10:18:57.663,System.Byte[],Waived current late fee 1.
,579184,1495,136745,2847412,138112,1675454,93,88,636737,07-07-2014 10:18:52.863,-15,FALSE,FALSE,07-07-2014 10:18:57.663,,,07-07-2014 10:18:57.663,System.Byte[],Waived current late fee 1.
,579461,1495,136745,2848593,1525,1676123,93,88,636879,07-07-2014 14:25:16.350,15,FALSE,FALSE,07-07-2014 14:25:23.233,,,07-07-2014 14:25:23.233,System.Byte[],Waived current late fee 2.
,579462,1495,136745,2848593,1525,1676123,93,88,636879,07-07-2014 14:25:16.350,-15,FALSE,FALSE,07-07-2014 14:25:23.237,,,07-07-2014 14:25:23.237,System.Byte[],Waived current late fee 2.
,580457,1495,136877,2851777,1510,1677945,93,88,637252,07-08-2014 15:26:58.633,15,FALSE,FALSE,07-08-2014 15:27:17.350,,,07-08-2014 15:27:17.350,System.Byte[],Waived current late fee 1.
,580458,1495,136877,2851777,1510,1677945,93,88,637252,07-08-2014 15:26:58.633,-15,FALSE,FALSE,07-08-2014 15:27:17.350,,,07-08-2014 15:27:17.350,System.Byte[],Waived current late fee 1.
,580895,1495,136877,2853598,134093,1678834,1212,88,637358,07-09-2014 12:51:10.397,15,FALSE,FALSE,07-09-2014 12:51:13.557,,,07-09-2014 12:51:13.557,System.Byte[],Waived current late fee 1.
,580896,1495,136877,2853598,134093,1678834,1212,88,637358,07-09-2014 12:51:10.397,-15,FALSE,FALSE,07-09-2014 12:51:13.557,,,07-09-2014 12:51:13.557,System.Byte[],Waived current late fee 1.
,580897,1495,136877,2853599,135125,1678834,1212,88,637359,07-09-2014 12:51:10.397,15,FALSE,FALSE,07-09-2014 12:51:13.560,,,07-09-2014 12:51:13.560,System.Byte[],Waived current late fee 1.
,580898,1495,136877,2853599,135125,1678834,1212,88,637359,07-09-2014 12:51:10.397,-15,FALSE,FALSE,07-09-2014 12:51:13.560,,,07-09-2014 12:51:13.560,System.Byte[],Waived current late fee 1.
,581511,1495,137022,2855757,140985,1679923,93,88,637525,07-10-2014 11:46:19.363,15,FALSE,FALSE,07-10-2014 11:46:23.300,,,07-10-2014 11:46:23.300,System.Byte[],Waived current late fee 1.
,581512,1495,137022,2855757,140985,1679923,93,88,637525,07-10-2014 11:46:19.363,-15,FALSE,FALSE,07-10-2014 11:46:23.300,,,07-10-2014 11:46:23.300,System.Byte[],Waived current late fee 1.
,581637,1495,137022,2856204,139910,1680155,93,88,637562,07-10-2014 13:18:09.933,15,FALSE,FALSE,07-10-2014 13:27:30.583,,,07-10-2014 13:27:30.583,System.Byte[],Waived current late fee 1.
,581638,1495,137022,2856204,139910,1680155,93,88,637562,07-10-2014 13:18:09.933,-15,FALSE,FALSE,07-10-2014 13:27:30.583,,,07-10-2014 13:27:30.583,System.Byte[],Waived current late fee 1.
,583955,1495,137370,2864597,108891,1684278,93,88,638625,07-15-2014 13:21:19.270,15,FALSE,FALSE,07-15-2014 13:21:49.717,,,07-15-2014 13:21:49.717,System.Byte[],Waived current late fee 1.
,583956,1495,137370,2864597,108891,1684278,93,88,638625,07-15-2014 13:21:19.270,-15,FALSE,FALSE,07-15-2014 13:21:49.720,,,07-15-2014 13:21:49.720,System.Byte[],Waived current late fee 1.
,584047,1495,137370,2864998,130811,1684464,93,88,638673,07-15-2014 16:09:26.427,15,FALSE,FALSE,07-15-2014 16:09:33.950,,,07-15-2014 16:09:33.950,System.Byte[],Waived current late fee 1.
,584048,1495,137370,2864998,130811,1684464,93,88,638673,07-15-2014 16:09:26.427,-15,FALSE,FALSE,07-15-2014 16:09:33.950,,,07-15-2014 16:09:33.950,System.Byte[],Waived current late fee 1.
,584855,1495,137593,2868220,118366,1686026,93,88,639036,07-18-2014 11:39:31.040,15,FALSE,FALSE,07-18-2014 11:39:58.343,,,07-18-2014 11:39:58.343,System.Byte[],Waived current late fee 1.
,584856,1495,137593,2868220,118366,1686026,93,88,639036,07-18-2014 11:39:31.040,-15,FALSE,FALSE,07-18-2014 11:39:58.343,,,07-18-2014 11:39:58.343,System.Byte[],Waived current late fee 1.
,584917,1495,137593,2868436,1671,1686124,93,88,639061,07-18-2014 12:41:11.573,15,FALSE,FALSE,07-18-2014 12:41:19.103,,,07-18-2014 12:41:19.103,System.Byte[],Waived current late fee 1.
,584918,1495,137593,2868436,1671,1686124,93,88,639061,07-18-2014 12:41:11.573,-15,FALSE,FALSE,07-18-2014 12:41:19.103,,,07-18-2014 12:41:19.103,System.Byte[],Waived current late fee 1.
,584919,1495,137593,2868437,1671,1686124,93,88,639062,07-18-2014 12:41:11.573,15,FALSE,FALSE,07-18-2014 12:41:19.103,,,07-18-2014 12:41:19.103,System.Byte[],Waived current late fee 2.
,584920,1495,137593,2868437,1671,1686124,93,88,639062,07-18-2014 12:41:11.573,-15,FALSE,FALSE,07-18-2014 12:41:19.107,,,07-18-2014 12:41:19.107,System.Byte[],Waived current late fee 2.
,585095,1495,137593,2868986,135789,1686376,93,88,639116,07-18-2014 15:57:34.150,15,FALSE,FALSE,07-18-2014 15:57:40.863,,,07-18-2014 15:57:40.863,System.Byte[],Waived current late fee 2.
,585096,1495,137593,2868986,135789,1686376,93,88,639116,07-18-2014 15:57:34.150,-15,FALSE,FALSE,07-18-2014 15:57:40.863,,,07-18-2014 15:57:40.863,System.Byte[],Waived current late fee 2.
,585759,1495,137727,2871721,141041,1687737,93,88,639386,07-21-2014 15:09:38.760,15,FALSE,FALSE,07-21-2014 15:09:43.060,,,07-21-2014 15:09:43.060,System.Byte[],Waived current late fee 1.
,585760,1495,137727,2871721,141041,1687737,93,88,639386,07-21-2014 15:09:38.760,-15,FALSE,FALSE,07-21-2014 15:09:43.060,,,07-21-2014 15:09:43.060,System.Byte[],Waived current late fee 1.
,586527,1495,137973,2874770,61331,1689311,93,88,639747,07-24-2014 11:51:33.363,15,FALSE,FALSE,07-24-2014 11:51:53.883,,,07-24-2014 11:51:53.883,System.Byte[],Waived current late fee 2.
,586528,1495,137973,2874770,61331,1689311,93,88,639747,07-24-2014 11:51:33.363,-15,FALSE,FALSE,07-24-2014 11:51:53.883,,,07-24-2014 11:51:53.883,System.Byte[],Waived current late fee 2.
,586921,1495,138043,2876844,135918,1690309,93,88,639927,07-25-2014 16:28:15.987,5,FALSE,FALSE,07-25-2014 16:28:18.850,,,07-25-2014 16:28:18.850,System.Byte[],Waived current late fee 1.
,586922,1495,138043,2876844,135918,1690309,93,88,639927,07-25-2014 16:28:15.987,-5,FALSE,FALSE,07-25-2014 16:28:18.850,,,07-25-2014 16:28:18.850,System.Byte[],Waived current late fee 1.
,586923,1495,138043,2876845,135918,1690309,93,88,639928,07-25-2014 16:28:15.987,15,FALSE,FALSE,07-25-2014 16:28:18.853,,,07-25-2014 16:28:18.853,System.Byte[],Waived current late fee 2.
,586924,1495,138043,2876845,135918,1690309,93,88,639928,07-25-2014 16:28:15.987,-15,FALSE,FALSE,07-25-2014 16:28:18.853,,,07-25-2014 16:28:18.853,System.Byte[],Waived current late fee 2.
,586945,1495,138043,2876968,140044,1690369,93,88,639943,07-25-2014 17:17:33.847,15,FALSE,FALSE,07-25-2014 17:17:37.000,,,07-25-2014 17:17:37.000,System.Byte[],Waived current late fee 2.
,586946,1495,138043,2876968,140044,1690369,93,88,639943,07-25-2014 17:17:33.847,-15,FALSE,FALSE,07-25-2014 17:17:37.000,,,07-25-2014 17:17:37.000,System.Byte[],Waived current late fee 2.
,588575,1495,138447,2885247,123887,1694688,93,88,640859,07-31-2014 15:41:24.197,15,FALSE,FALSE,07-31-2014 15:41:48.390,,,07-31-2014 15:41:48.390,System.Byte[],Waived current late fee 1.
,588576,1495,138447,2885247,123887,1694688,93,88,640859,07-31-2014 15:41:24.197,-15,FALSE,FALSE,07-31-2014 15:41:48.393,,,07-31-2014 15:41:48.393,System.Byte[],Waived current late fee 1.
,589621,1495,138602,2897161,144438,1701974,1179,88,641266,08-02-2014 10:39:29.193,15,FALSE,FALSE,08-02-2014 10:39:33.733,,,08-02-2014 10:39:33.733,System.Byte[],Waived current late fee 1.
,589622,1495,138602,2897161,144438,1701974,1179,88,641266,08-02-2014 10:39:29.193,-15,FALSE,FALSE,08-02-2014 10:39:33.733,,,08-02-2014 10:39:33.733,System.Byte[],Waived current late fee 1.
,590218,1495,138685,2901384,138008,1704422,93,88,641497,08-04-2014 9:56:07.533,15,FALSE,FALSE,08-04-2014 9:56:31.930,,,08-04-2014 9:56:31.930,System.Byte[],Waived current late fee 1.
,590219,1495,138685,2901384,138008,1704422,93,88,641497,08-04-2014 9:56:07.533,-15,FALSE,FALSE,08-04-2014 9:56:31.930,,,08-04-2014 9:56:31.930,System.Byte[],Waived current late fee 1.
,591128,1495,138910,2908272,135789,1708711,1212,88,641922,08-06-2014 13:01:04.567,15,FALSE,FALSE,08-06-2014 13:01:15.993,,,08-06-2014 13:01:15.993,System.Byte[],Waived current late fee 1.
,591129,1495,138910,2908272,135789,1708711,1212,88,641922,08-06-2014 13:01:04.567,-15,FALSE,FALSE,08-06-2014 13:01:15.993,,,08-06-2014 13:01:15.993,System.Byte[],Waived current late fee 1.
,592840,1495,139222,2917640,61331,1714068,93,88,642928,08-11-2014 13:14:59.637,15,FALSE,FALSE,08-11-2014 13:15:37.453,,,08-11-2014 13:15:37.453,System.Byte[],Waived current late fee 1.
,592841,1495,139222,2917640,61331,1714068,93,88,642928,08-11-2014 13:14:59.637,-15,FALSE,FALSE,08-11-2014 13:15:37.453,,,08-11-2014 13:15:37.453,System.Byte[],Waived current late fee 1.
,593596,1495,139365,2920075,139854,1715293,93,88,643300,08-12-2014 16:20:34.257,15,FALSE,FALSE,08-12-2014 16:20:41.237,,,08-12-2014 16:20:41.237,System.Byte[],Waived current late fee 1.
,593597,1495,139365,2920075,139854,1715293,93,88,643300,08-12-2014 16:20:34.257,-15,FALSE,FALSE,08-12-2014 16:20:41.240,,,08-12-2014 16:20:41.240,System.Byte[],Waived current late fee 1.
,594266,1495,139516,2922554,136452,1716382,93,88,643600,08-14-2014 11:56:10.320,15,FALSE,FALSE,08-14-2014 11:56:13.790,,,08-14-2014 11:56:13.790,System.Byte[],Waived current late fee 1.
,594267,1495,139516,2922554,136452,1716382,93,88,643600,08-14-2014 11:56:10.320,-15,FALSE,FALSE,08-14-2014 11:56:13.790,,,08-14-2014 11:56:13.790,System.Byte[],Waived current late fee 1.
,595756,1495,139724,2927420,98754,1718663,93,88,644202,08-18-2014 11:35:20.947,15,FALSE,FALSE,08-18-2014 11:35:34.930,,,08-18-2014 11:35:34.930,System.Byte[],Waived current late fee 1.
,595757,1495,139724,2927420,98754,1718663,93,88,644202,08-18-2014 11:35:20.947,-15,FALSE,FALSE,08-18-2014 11:35:34.930,,,08-18-2014 11:35:34.930,System.Byte[],Waived current late fee 1.
,595820,1495,139724,2927453,143363,1718666,93,88,644204,08-18-2014 11:36:52.610,15,FALSE,FALSE,08-18-2014 11:37:08.063,,,08-18-2014 11:37:08.063,System.Byte[],Waived current late fee 1.
,595821,1495,139724,2927453,143363,1718666,93,88,644204,08-18-2014 11:36:52.610,-15,FALSE,FALSE,08-18-2014 11:37:08.067,,,08-18-2014 11:37:08.067,System.Byte[],Waived current late fee 1.
,597422,1495,140054,2932830,66820,1721355,93,88,644746,08-22-2014 14:51:26.577,15,FALSE,FALSE,08-22-2014 14:52:13.630,,,08-22-2014 14:52:13.630,System.Byte[],Waived current late fee 1.
,597423,1495,140054,2932830,66820,1721355,93,88,644746,08-22-2014 14:51:26.577,-15,FALSE,FALSE,08-22-2014 14:52:13.630,,,08-22-2014 14:52:13.630,System.Byte[],Waived current late fee 1.
,597430,1495,140054,2932933,81652,1721402,93,88,644754,08-22-2014 15:45:04.917,15,FALSE,FALSE,08-22-2014 15:45:45.267,,,08-22-2014 15:45:45.267,System.Byte[],Waived current late fee 1.
,597431,1495,140054,2932933,81652,1721402,93,88,644754,08-22-2014 15:45:04.917,-15,FALSE,FALSE,08-22-2014 15:45:45.267,,,08-22-2014 15:45:45.267,System.Byte[],Waived current late fee 1.
,598285,1495,140297,2936901,143578,1723495,93,88,645230,08-26-2014 13:04:17.580,15,FALSE,FALSE,08-26-2014 13:04:41.663,,,08-26-2014 13:04:41.663,System.Byte[],Waived current late fee 1.
,598286,1495,140297,2936901,143578,1723495,93,88,645230,08-26-2014 13:04:17.580,-15,FALSE,FALSE,08-26-2014 13:04:41.663,,,08-26-2014 13:04:41.663,System.Byte[],Waived current late fee 1.
,598933,1495,140443,2939649,133359,1724974,93,88,645602,08-28-2014 12:36:41.903,15,FALSE,FALSE,08-28-2014 12:36:41.137,,,08-28-2014 12:36:41.137,System.Byte[],Waived current late fee 1.
,598934,1495,140443,2939649,133359,1724974,93,88,645602,08-28-2014 12:36:41.903,-15,FALSE,FALSE,08-28-2014 12:36:41.140,,,08-28-2014 12:36:41.140,System.Byte[],Waived current late fee 1.
,599051,1495,140443,2940166,134223,1725253,93,88,645668,08-28-2014 15:35:12.253,15,FALSE,FALSE,08-28-2014 15:35:28.580,,,08-28-2014 15:35:28.580,System.Byte[],Waived current late fee 1.
,599052,1495,140443,2940166,134223,1725253,93,88,645668,08-28-2014 15:35:12.253,-15,FALSE,FALSE,08-28-2014 15:35:28.580,,,08-28-2014 15:35:28.580,System.Byte[],Waived current late fee 1.
,601288,1495,140672,2955240,137414,1734201,93,88,646392,09-02-2014 13:30:07.160,15,FALSE,FALSE,09-02-2014 13:30:06.260,,,09-02-2014 13:30:06.260,System.Byte[],Waived current late fee 1.
,601289,1495,140672,2955240,137414,1734201,93,88,646392,09-02-2014 13:30:07.160,-15,FALSE,FALSE,09-02-2014 13:30:06.260,,,09-02-2014 13:30:06.260,System.Byte[],Waived current late fee 1.
,601604,1495,140871,2959060,86393,1736538,1212,88,646558,09-03-2014 10:10:36.113,15,FALSE,FALSE,09-03-2014 10:10:39.140,,,09-03-2014 10:10:39.140,System.Byte[],Waived current late fee 1.
,601605,1495,140871,2959060,86393,1736538,1212,88,646558,09-03-2014 10:10:36.113,-15,FALSE,FALSE,09-03-2014 10:10:39.140,,,09-03-2014 10:10:39.140,System.Byte[],Waived current late fee 1.
,601806,1495,140871,2960756,144618,1737602,1212,88,646677,09-03-2014 15:50:05.997,15,FALSE,FALSE,09-03-2014 15:50:21.683,,,09-03-2014 15:50:21.683,System.Byte[],Waived current late fee 1.
,601807,1495,140871,2960756,144618,1737602,1212,88,646677,09-03-2014 15:50:05.997,-15,FALSE,FALSE,09-03-2014 15:50:21.683,,,09-03-2014 15:50:21.683,System.Byte[],Waived current late fee 1.
,601826,1495,140871,2960964,128806,1737728,1212,88,646689,09-03-2014 16:31:08.883,15,FALSE,FALSE,09-03-2014 16:31:32.637,,,09-03-2014 16:31:32.637,System.Byte[],Waived current late fee 1.
,601827,1495,140871,2960964,128806,1737728,1212,88,646689,09-03-2014 16:31:08.883,-15,FALSE,FALSE,09-03-2014 16:31:32.637,,,09-03-2014 16:31:32.637,System.Byte[],Waived current late fee 1.
,601898,1495,140953,2961356,146619,1737920,1212,88,646714,09-03-2014 17:53:41.953,15,FALSE,FALSE,09-03-2014 17:53:58.220,,,09-03-2014 17:53:58.220,System.Byte[],Waived current late fee 1.
,601899,1495,140953,2961356,146619,1737920,1212,88,646714,09-03-2014 17:53:41.953,-15,FALSE,FALSE,09-03-2014 17:53:58.220,,,09-03-2014 17:53:58.220,System.Byte[],Waived current late fee 1.
,601900,1495,140953,2961357,146619,1737920,1212,88,646715,09-03-2014 17:53:41.953,15,FALSE,FALSE,09-03-2014 17:53:58.223,,,09-03-2014 17:53:58.223,System.Byte[],Waived current late fee 2.
,601901,1495,140953,2961357,146619,1737920,1212,88,646715,09-03-2014 17:53:41.953,-15,FALSE,FALSE,09-03-2014 17:53:58.227,,,09-03-2014 17:53:58.227,System.Byte[],Waived current late fee 2.
,602284,1495,140953,2963960,61331,1739583,93,88,646987,09-04-2014 16:31:40.730,15,FALSE,FALSE,09-04-2014 16:31:44.183,,,09-04-2014 16:31:44.183,System.Byte[],Waived current late fee 1.
,602285,1495,140953,2963960,61331,1739583,93,88,646987,09-04-2014 16:31:40.730,-15,FALSE,FALSE,09-04-2014 16:31:44.183,,,09-04-2014 16:31:44.183,System.Byte[],Waived current late fee 1.
,602704,1495,141037,2966262,135789,1740950,93,88,647249,09-05-2014 15:47:08.060,15,FALSE,FALSE,09-05-2014 15:47:12.697,,,09-05-2014 15:47:12.697,System.Byte[],Waived current late fee 1.
,602705,1495,141037,2966262,135789,1740950,93,88,647249,09-05-2014 15:47:08.060,-15,FALSE,FALSE,09-05-2014 15:47:12.700,,,09-05-2014 15:47:12.700,System.Byte[],Waived current late fee 1.
,605348,1495,141507,2978532,142895,1747684,1179,88,648251,09-11-2014 16:46:51.693,15,FALSE,FALSE,09-11-2014 16:46:58.787,,,09-11-2014 16:46:58.787,System.Byte[],Waived current late fee 1.
,605349,1495,141507,2978532,142895,1747684,1179,88,648251,09-11-2014 16:46:51.693,-15,FALSE,FALSE,09-11-2014 16:46:58.787,,,09-11-2014 16:46:58.787,System.Byte[],Waived current late fee 1.
,606596,1495,141744,2982952,144776,1749674,93,88,648673,09-15-2014 9:39:54.760,15,FALSE,FALSE,09-15-2014 9:39:59.987,,,09-15-2014 9:39:59.987,System.Byte[],Waived current late fee 2.
,606597,1495,141744,2982952,144776,1749674,93,88,648673,09-15-2014 9:39:54.760,-15,FALSE,FALSE,09-15-2014 9:39:59.987,,,09-15-2014 9:39:59.987,System.Byte[],Waived current late fee 2.
,607718,1495,142089,2987871,122551,1752146,93,88,649149,09-19-2014 11:32:58.170,15,FALSE,FALSE,09-19-2014 11:33:35.267,,,09-19-2014 11:33:35.267,System.Byte[],Waived current late fee 1.
,607719,1495,142089,2987871,122551,1752146,93,88,649149,09-19-2014 11:32:58.170,-15,FALSE,FALSE,09-19-2014 11:33:35.267,,,09-19-2014 11:33:35.267,System.Byte[],Waived current late fee 1.
,607736,1495,142089,2988041,101837,1752242,93,88,649158,09-19-2014 13:00:47.963,15,FALSE,FALSE,09-19-2014 13:01:40.337,,,09-19-2014 13:01:40.337,System.Byte[],Waived current late fee 1.
,607737,1495,142089,2988041,101837,1752242,93,88,649158,09-19-2014 13:00:47.963,-15,FALSE,FALSE,09-19-2014 13:01:40.337,,,09-19-2014 13:01:40.337,System.Byte[],Waived current late fee 1.
,607866,1495,142164,2988903,136884,1752647,1179,88,649234,09-20-2014 9:48:17.510,15,FALSE,FALSE,09-20-2014 9:48:21.213,,,09-20-2014 9:48:21.213,System.Byte[],Waived current late fee 1.
,607867,1495,142164,2988903,136884,1752647,1179,88,649234,09-20-2014 9:48:17.510,-15,FALSE,FALSE,09-20-2014 9:48:21.213,,,09-20-2014 9:48:21.213,System.Byte[],Waived current late fee 1.
,608166,1495,142236,2990438,142980,1753510,93,88,649391,09-22-2014 11:02:51.230,15,FALSE,FALSE,09-22-2014 11:03:16.490,,,09-22-2014 11:03:16.490,System.Byte[],Waived current late fee 1.
,608167,1495,142236,2990438,142980,1753510,93,88,649391,09-22-2014 11:02:51.230,-15,FALSE,FALSE,09-22-2014 11:03:16.490,,,09-22-2014 11:03:16.490,System.Byte[],Waived current late fee 1.
,609056,1495,142493,2994097,146582,1755316,93,88,649839,09-25-2014 10:01:40.013,15,FALSE,FALSE,09-25-2014 10:01:43.533,,,09-25-2014 10:01:43.533,System.Byte[],Waived current late fee 1.
,609057,1495,142493,2994097,146582,1755316,93,88,649839,09-25-2014 10:01:40.013,-15,FALSE,FALSE,09-25-2014 10:01:43.537,,,09-25-2014 10:01:43.537,System.Byte[],Waived current late fee 1.
,609128,1495,142493,2994515,119046,1755527,93,88,649880,09-25-2014 13:51:10.037,15,FALSE,FALSE,09-25-2014 13:51:28.267,,,09-25-2014 13:51:28.267,System.Byte[],Waived current late fee 1.
,609129,1495,142493,2994515,119046,1755527,93,88,649880,09-25-2014 13:51:10.037,-15,FALSE,FALSE,09-25-2014 13:51:28.270,,,09-25-2014 13:51:28.270,System.Byte[],Waived current late fee 1.
,609264,1495,142564,2995351,144875,1755929,93,88,649957,09-26-2014 9:34:17.440,15,FALSE,FALSE,09-26-2014 9:34:36.700,,,09-26-2014 9:34:36.700,System.Byte[],Waived current late fee 2.
,609265,1495,142564,2995351,144875,1755929,93,88,649957,09-26-2014 9:34:17.440,-15,FALSE,FALSE,09-26-2014 9:34:36.700,,,09-26-2014 9:34:36.700,System.Byte[],Waived current late fee 2.
,609482,1495,142564,2995808,134996,1756133,93,88,649987,09-26-2014 12:36:00.393,15,FALSE,FALSE,09-26-2014 12:36:24.807,,,09-26-2014 12:36:24.807,System.Byte[],Waived current late fee 1.
,609483,1495,142564,2995808,134996,1756133,93,88,649987,09-26-2014 12:36:00.393,-15,FALSE,FALSE,09-26-2014 12:36:24.807,,,09-26-2014 12:36:24.807,System.Byte[],Waived current late fee 1.
,609516,1495,142564,2996277,133130,1756421,93,88,650007,09-26-2014 16:08:30.427,15,FALSE,FALSE,09-26-2014 16:09:08.513,,,09-26-2014 16:09:08.513,System.Byte[],Waived current late fee 1.
,609517,1495,142564,2996277,133130,1756421,93,88,650007,09-26-2014 16:08:30.427,-15,FALSE,FALSE,09-26-2014 16:09:08.513,,,09-26-2014 16:09:08.513,System.Byte[],Waived current late fee 1.
,609626,1495,142638,2996905,1589,1756741,1179,88,650077,09-27-2014 9:43:57.937,15,FALSE,FALSE,09-27-2014 9:44:03.310,,,09-27-2014 9:44:03.310,System.Byte[],Waived current late fee 1.
,609627,1495,142638,2996905,1589,1756741,1179,88,650077,09-27-2014 9:43:57.937,-15,FALSE,FALSE,09-27-2014 9:44:03.310,,,09-27-2014 9:44:03.310,System.Byte[],Waived current late fee 1.
,609628,1495,142638,2996906,1827,1756741,1179,88,650078,09-27-2014 9:43:57.937,15,FALSE,FALSE,09-27-2014 9:44:03.310,,,09-27-2014 9:44:03.310,System.Byte[],Waived current late fee 1.
,609629,1495,142638,2996906,1827,1756741,1179,88,650078,09-27-2014 9:43:57.937,-15,FALSE,FALSE,09-27-2014 9:44:03.313,,,09-27-2014 9:44:03.313,System.Byte[],Waived current late fee 1.
,610186,1495,142711,2999408,147840,1758047,93,88,650325,09-29-2014 13:09:33.327,15,FALSE,FALSE,09-29-2014 13:09:39.157,,,09-29-2014 13:09:39.157,System.Byte[],Waived current late fee 1.
,610187,1495,142711,2999408,147840,1758047,93,88,650325,09-29-2014 13:09:33.327,-15,FALSE,FALSE,09-29-2014 13:09:39.157,,,09-29-2014 13:09:39.157,System.Byte[],Waived current late fee 1.
,610834,1495,142834,3001224,50682,1758974,93,88,650468,09-30-2014 10:31:27.277,15,FALSE,FALSE,09-30-2014 10:31:29.783,,,09-30-2014 10:31:29.783,System.Byte[],Waived current late fee 1.
,610835,1495,142834,3001224,50682,1758974,93,88,650468,09-30-2014 10:31:27.277,-15,FALSE,FALSE,09-30-2014 10:31:29.783,,,09-30-2014 10:31:29.783,System.Byte[],Waived current late fee 1.
,613410,1495,143073,3019048,1509,1769814,93,88,651174,10-03-2014 12:25:00.627,15,FALSE,FALSE,10-03-2014 12:25:06.063,,,10-03-2014 12:25:06.063,System.Byte[],Waived current late fee 1.
,613411,1495,143073,3019048,1509,1769814,93,88,651174,10-03-2014 12:25:00.627,-15,FALSE,FALSE,10-03-2014 12:25:06.070,,,10-03-2014 12:25:06.070,System.Byte[],Waived current late fee 1.
,614012,1495,143241,3024349,8223,1773029,93,88,651509,10-06-2014 10:25:32.440,15,FALSE,FALSE,10-06-2014 10:25:35.227,,,10-06-2014 10:25:35.227,System.Byte[],Waived current late fee 1.
,614013,1495,143241,3024349,8223,1773029,93,88,651509,10-06-2014 10:25:32.440,-15,FALSE,FALSE,10-06-2014 10:25:35.227,,,10-06-2014 10:25:35.227,System.Byte[],Waived current late fee 1.
,614014,1495,143241,3024350,53566,1773029,93,88,651510,10-06-2014 10:25:32.440,15,FALSE,FALSE,10-06-2014 10:25:35.227,,,10-06-2014 10:25:35.227,System.Byte[],Waived current late fee 1.
,614015,1495,143241,3024350,53566,1773029,93,88,651510,10-06-2014 10:25:32.440,-15,FALSE,FALSE,10-06-2014 10:25:35.227,,,10-06-2014 10:25:35.227,System.Byte[],Waived current late fee 1.
,614462,1495,143378,3026984,123428,1774588,1212,88,651763,10-07-2014 11:04:09.280,15,FALSE,FALSE,10-07-2014 11:04:13.570,,,10-07-2014 11:04:13.570,System.Byte[],Waived current late fee 1.
,614463,1495,143378,3026984,123428,1774588,1212,88,651763,10-07-2014 11:04:09.280,-15,FALSE,FALSE,10-07-2014 11:04:13.573,,,10-07-2014 11:04:13.573,System.Byte[],Waived current late fee 1.
,614656,1495,143378,3027956,138139,1775164,1179,88,651848,10-07-2014 16:04:20.203,15,FALSE,FALSE,10-07-2014 16:04:24.060,,,10-07-2014 16:04:24.060,System.Byte[],Waived current late fee 1.
,614657,1495,143378,3027956,138139,1775164,1179,88,651848,10-07-2014 16:04:20.203,-15,FALSE,FALSE,10-07-2014 16:04:24.063,,,10-07-2014 16:04:24.063,System.Byte[],Waived current late fee 1.
,614932,1495,143455,3029219,49648,1775875,1212,88,651972,10-08-2014 12:58:59.883,15,FALSE,FALSE,10-08-2014 12:59:10.247,,,10-08-2014 12:59:10.247,System.Byte[],Waived current late fee 1.
,614933,1495,143455,3029219,49648,1775875,1212,88,651972,10-08-2014 12:58:59.883,-15,FALSE,FALSE,10-08-2014 12:59:10.250,,,10-08-2014 12:59:10.250,System.Byte[],Waived current late fee 1.
,618306,1495,144168,3043512,148352,1783020,93,88,653144,10-17-2014 11:48:53.957,15,FALSE,FALSE,10-17-2014 11:48:50.090,,,10-17-2014 11:48:50.090,System.Byte[],Waived current late fee 1.
,618307,1495,144168,3043512,148352,1783020,93,88,653144,10-17-2014 11:48:53.957,-15,FALSE,FALSE,10-17-2014 11:48:50.090,,,10-17-2014 11:48:50.090,System.Byte[],Waived current late fee 1.
,618332,1495,144168,3043616,93355,1783083,93,88,653153,10-17-2014 12:50:14.037,15,FALSE,FALSE,10-17-2014 12:50:24.487,,,10-17-2014 12:50:24.487,System.Byte[],Waived current late fee 1.
,618333,1495,144168,3043616,93355,1783083,93,88,653153,10-17-2014 12:50:14.037,-15,FALSE,FALSE,10-17-2014 12:50:24.487,,,10-17-2014 12:50:24.487,System.Byte[],Waived current late fee 1.
,619746,1495,144530,3049082,150557,1785675,1212,88,653727,10-22-2014 11:35:44.480,15,FALSE,FALSE,10-22-2014 11:35:48.490,,,10-22-2014 11:35:48.490,System.Byte[],Waived current late fee 1.
,619747,1495,144530,3049082,150557,1785675,1212,88,653727,10-22-2014 11:35:44.480,-15,FALSE,FALSE,10-22-2014 11:35:48.490,,,10-22-2014 11:35:48.490,System.Byte[],Waived current late fee 1.
,620250,1495,144606,3050929,150622,1786514,93,88,653913,10-23-2014 16:54:50.283,15,FALSE,FALSE,10-23-2014 16:54:54.917,,,10-23-2014 16:54:54.917,System.Byte[],Waived current late fee 1.
,620251,1495,144606,3050929,150622,1786514,93,88,653913,10-23-2014 16:54:50.283,-15,FALSE,FALSE,10-23-2014 16:54:54.917,,,10-23-2014 16:54:54.917,System.Byte[],Waived current late fee 1.
,620708,1495,144687,3052142,54266,1787027,93,88,654008,10-24-2014 14:29:11.913,15,FALSE,FALSE,10-24-2014 14:29:18.067,,,10-24-2014 14:29:18.067,System.Byte[],Waived current late fee 1.
,620709,1495,144687,3052142,54266,1787027,93,88,654008,10-24-2014 14:29:11.913,-15,FALSE,FALSE,10-24-2014 14:29:18.067,,,10-24-2014 14:29:18.067,System.Byte[],Waived current late fee 1.
,621444,1495,144979,3056005,133359,1789020,93,88,654358,10-28-2014 11:22:47.513,15,FALSE,FALSE,10-28-2014 11:22:56.863,,,10-28-2014 11:22:56.863,System.Byte[],Waived current late fee 1.
,621445,1495,144979,3056005,133359,1789020,93,88,654358,10-28-2014 11:22:47.513,-15,FALSE,FALSE,10-28-2014 11:22:56.863,,,10-28-2014 11:22:56.863,System.Byte[],Waived current late fee 1.
,623024,1495,145379,3074362,86393,1800387,93,88,655255,11-03-2014 13:37:20.813,15,FALSE,FALSE,11-03-2014 13:37:36.010,,,11-03-2014 13:37:36.010,System.Byte[],Waived current late fee 1.
,623025,1495,145379,3074362,86393,1800387,93,88,655255,11-03-2014 13:37:20.813,-15,FALSE,FALSE,11-03-2014 13:37:36.053,,,11-03-2014 13:37:36.053,System.Byte[],Waived current late fee 1.
,623168,1495,145379,3075103,137829,1800879,93,88,655286,11-03-2014 15:31:28.520,15,FALSE,FALSE,11-03-2014 15:31:33.353,,,11-03-2014 15:31:33.353,System.Byte[],Waived current late fee 1.
,623169,1495,145379,3075103,137829,1800879,93,88,655286,11-03-2014 15:31:28.520,-15,FALSE,FALSE,11-03-2014 15:31:33.357,,,11-03-2014 15:31:33.357,System.Byte[],Waived current late fee 1.
,623736,1495,145622,3080260,1538,1804049,93,88,655537,11-05-2014 12:14:49.670,15,FALSE,FALSE,11-05-2014 12:14:53.193,,,11-05-2014 12:14:53.193,System.Byte[],Waived current late fee 1.
,623737,1495,145622,3080260,1538,1804049,93,88,655537,11-05-2014 12:14:49.670,-15,FALSE,FALSE,11-05-2014 12:14:53.193,,,11-05-2014 12:14:53.193,System.Byte[],Waived current late fee 1.
,623740,1495,145622,3080277,144785,1804062,93,88,655540,11-05-2014 12:23:37.983,15,FALSE,FALSE,11-05-2014 12:23:41.797,,,11-05-2014 12:23:41.797,System.Byte[],Waived current late fee 1.
,623741,1495,145622,3080277,144785,1804062,93,88,655540,11-05-2014 12:23:37.983,-15,FALSE,FALSE,11-05-2014 12:23:41.797,,,11-05-2014 12:23:41.797,System.Byte[],Waived current late fee 1.
,623760,1495,145622,3080441,49648,1804162,93,88,655557,11-05-2014 12:58:16.737,15,FALSE,FALSE,11-05-2014 12:58:20.243,,,11-05-2014 12:58:20.243,System.Byte[],Waived current late fee 1.
,623761,1495,145622,3080441,49648,1804162,93,88,655557,11-05-2014 12:58:16.737,-15,FALSE,FALSE,11-05-2014 12:58:20.243,,,11-05-2014 12:58:20.243,System.Byte[],Waived current late fee 1.
,623860,1495,145708,3081476,120910,1804815,93,88,655626,11-05-2014 17:06:38.803,15,FALSE,FALSE,11-05-2014 17:06:42.763,,,11-05-2014 17:06:42.763,System.Byte[],Waived current late fee 2.
,623861,1495,145708,3081476,120910,1804815,93,88,655626,11-05-2014 17:06:38.803,-15,FALSE,FALSE,11-05-2014 17:06:42.763,,,11-05-2014 17:06:42.763,System.Byte[],Waived current late fee 2.
,623968,1495,145708,3082300,144875,1805313,93,88,655683,11-06-2014 10:03:09.247,15,FALSE,FALSE,11-06-2014 10:03:13.377,,,11-06-2014 10:03:13.377,System.Byte[],Waived current late fee 1.
,623969,1495,145708,3082300,144875,1805313,93,88,655683,11-06-2014 10:03:09.247,-15,FALSE,FALSE,11-06-2014 10:03:13.377,,,11-06-2014 10:03:13.377,System.Byte[],Waived current late fee 1.
,624618,1495,145799,3086111,1671,1807436,93,88,655972,11-07-2014 17:13:24.643,15,FALSE,FALSE,11-07-2014 17:13:30.110,,,11-07-2014 17:13:30.110,System.Byte[],Waived current late fee 1.
,624619,1495,145799,3086111,1671,1807436,93,88,655972,11-07-2014 17:13:24.643,-15,FALSE,FALSE,11-07-2014 17:13:30.110,,,11-07-2014 17:13:30.110,System.Byte[],Waived current late fee 1.
,624964,1495,145975,3089156,149084,1809217,93,88,656161,11-10-2014 9:29:53.417,15,FALSE,FALSE,11-10-2014 9:30:32.240,,,11-10-2014 9:30:32.240,System.Byte[],Waived current late fee 2.
,624965,1495,145975,3089156,149084,1809217,93,88,656161,11-10-2014 9:29:53.417,-15,FALSE,FALSE,11-10-2014 9:30:32.240,,,11-10-2014 9:30:32.240,System.Byte[],Waived current late fee 2.
,624972,1495,145975,3089182,1509,1809230,93,88,656164,11-10-2014 9:46:46.077,15,FALSE,FALSE,11-10-2014 9:46:49.203,,,11-10-2014 9:46:49.203,System.Byte[],Waived current late fee 1.
,624973,1495,145975,3089182,1509,1809230,93,88,656164,11-10-2014 9:46:46.077,-15,FALSE,FALSE,11-10-2014 9:46:49.203,,,11-10-2014 9:46:49.203,System.Byte[],Waived current late fee 1.
,625042,1495,145975,3089689,132328,1809522,93,88,656189,11-10-2014 12:31:41.420,15,FALSE,FALSE,11-10-2014 12:31:44.060,,,11-10-2014 12:31:44.060,System.Byte[],Waived current late fee 1.
,625043,1495,145975,3089689,132328,1809522,93,88,656189,11-10-2014 12:31:41.420,-15,FALSE,FALSE,11-10-2014 12:31:44.060,,,11-10-2014 12:31:44.060,System.Byte[],Waived current late fee 1.
,625044,1495,145975,3089690,132685,1809522,93,88,656190,11-10-2014 12:31:41.420,15,FALSE,FALSE,11-10-2014 12:31:44.060,,,11-10-2014 12:31:44.060,System.Byte[],Waived current late fee 1.
,625045,1495,145975,3089690,132685,1809522,93,88,656190,11-10-2014 12:31:41.420,-15,FALSE,FALSE,11-10-2014 12:31:44.060,,,11-10-2014 12:31:44.060,System.Byte[],Waived current late fee 1.
,625046,1495,145975,3089691,132687,1809522,93,88,656191,11-10-2014 12:31:41.420,15,FALSE,FALSE,11-10-2014 12:31:44.060,,,11-10-2014 12:31:44.060,System.Byte[],Waived current late fee 1.
,625047,1495,145975,3089691,132687,1809522,93,88,656191,11-10-2014 12:31:41.420,-15,FALSE,FALSE,11-10-2014 12:31:44.063,,,11-10-2014 12:31:44.063,System.Byte[],Waived current late fee 1.
,625146,1495,145975,3090446,137968,1809922,93,88,656238,11-10-2014 15:22:04.680,15,FALSE,FALSE,11-10-2014 15:22:08.437,,,11-10-2014 15:22:08.437,System.Byte[],Waived current late fee 1.
,625147,1495,145975,3090446,137968,1809922,93,88,656238,11-10-2014 15:22:04.680,-15,FALSE,FALSE,11-10-2014 15:22:08.437,,,11-10-2014 15:22:08.437,System.Byte[],Waived current late fee 1.
,627036,1495,146380,3096961,144324,1813030,93,88,656920,11-14-2014 9:22:36.273,15,FALSE,FALSE,11-14-2014 9:22:38.620,,,11-14-2014 9:22:38.620,System.Byte[],Waived current late fee 1.
,627037,1495,146380,3096961,144324,1813030,93,88,656920,11-14-2014 9:22:36.273,-15,FALSE,FALSE,11-14-2014 9:22:38.620,,,11-14-2014 9:22:38.620,System.Byte[],Waived current late fee 1.
,627038,1495,146380,3096962,144324,1813030,93,88,656921,11-14-2014 9:22:36.273,15,FALSE,FALSE,11-14-2014 9:22:38.620,,,11-14-2014 9:22:38.620,System.Byte[],Waived current late fee 2.
,627039,1495,146380,3096962,144324,1813030,93,88,656921,11-14-2014 9:22:36.273,-15,FALSE,FALSE,11-14-2014 9:22:38.620,,,11-14-2014 9:22:38.620,System.Byte[],Waived current late fee 2.
,627278,1495,146380,3097986,1644,1813478,93,88,657025,11-14-2014 15:47:05.353,15,FALSE,FALSE,11-14-2014 15:47:07.607,,,11-14-2014 15:47:07.607,System.Byte[],Waived current late fee 1.
,627279,1495,146380,3097986,1644,1813478,93,88,657025,11-14-2014 15:47:05.353,-15,FALSE,FALSE,11-14-2014 15:47:07.610,,,11-14-2014 15:47:07.610,System.Byte[],Waived current late fee 1.
,628470,1495,146661,3101963,143363,1815420,93,88,657374,11-18-2014 14:05:13.203,15,FALSE,FALSE,11-18-2014 14:05:18.900,,,11-18-2014 14:05:18.900,System.Byte[],Waived current late fee 1.
,628471,1495,146661,3101963,143363,1815420,93,88,657374,11-18-2014 14:05:13.203,-15,FALSE,FALSE,11-18-2014 14:05:18.900,,,11-18-2014 14:05:18.900,System.Byte[],Waived current late fee 1.
,630174,1495,147006,3109549,148296,1819884,1179,88,658493,11-22-2014 10:01:59.577,15,FALSE,FALSE,11-22-2014 10:02:05.590,,,11-22-2014 10:02:05.590,System.Byte[],Waived current late fee 1.
,630175,1495,147006,3109549,148296,1819884,1179,88,658493,11-22-2014 10:01:59.577,-15,FALSE,FALSE,11-22-2014 10:02:05.590,,,11-22-2014 10:02:05.590,System.Byte[],Waived current late fee 1.
,630700,1495,147083,3111689,151941,1820980,93,88,658737,11-24-2014 14:03:26.163,15,FALSE,FALSE,11-24-2014 14:03:29.847,,,11-24-2014 14:03:29.847,System.Byte[],Waived current late fee 1.
,630701,1495,147083,3111689,151941,1820980,93,88,658737,11-24-2014 14:03:26.163,-15,FALSE,FALSE,11-24-2014 14:03:29.850,,,11-24-2014 14:03:29.850,System.Byte[],Waived current late fee 1.
,630702,1495,147083,3111720,114559,1821003,93,88,658738,11-24-2014 14:22:52.607,15,FALSE,FALSE,11-24-2014 14:22:55.700,,,11-24-2014 14:22:55.700,System.Byte[],Waived current late fee 1.
,630703,1495,147083,3111720,114559,1821003,93,88,658738,11-24-2014 14:22:52.607,-15,FALSE,FALSE,11-24-2014 14:22:55.700,,,11-24-2014 14:22:55.700,System.Byte[],Waived current late fee 1.
,631432,1495,147474,3117045,21887,1823926,1179,88,659166,11-29-2014 10:37:29.490,15,FALSE,FALSE,11-29-2014 10:37:31.520,,,11-29-2014 10:37:31.520,System.Byte[],Waived current late fee 1.
,631433,1495,147474,3117045,21887,1823926,1179,88,659166,11-29-2014 10:37:29.490,-15,FALSE,FALSE,11-29-2014 10:37:31.520,,,11-29-2014 10:37:31.520,System.Byte[],Waived current late fee 1.
,631434,1495,147474,3117046,21887,1823926,1179,88,659167,11-29-2014 10:37:29.490,15,FALSE,FALSE,11-29-2014 10:37:31.520,,,11-29-2014 10:37:31.520,System.Byte[],Waived current late fee 2.
,631435,1495,147474,3117046,21887,1823926,1179,88,659167,11-29-2014 10:37:29.490,-15,FALSE,FALSE,11-29-2014 10:37:31.520,,,11-29-2014 10:37:31.520,System.Byte[],Waived current late fee 2.
,632010,1495,147562,3124357,131852,1828723,93,88,659443,12-01-2014 13:31:48.997,15,FALSE,FALSE,12-01-2014 13:32:10.857,,,12-01-2014 13:32:10.857,System.Byte[],Waived current late fee 1.
,632011,1495,147562,3124357,131852,1828723,93,88,659443,12-01-2014 13:31:48.997,-15,FALSE,FALSE,12-01-2014 13:32:10.857,,,12-01-2014 13:32:10.857,System.Byte[],Waived current late fee 1.
,633672,1495,147900,3138436,137968,1837453,93,88,660026,12-04-2014 16:23:49.127,15,FALSE,FALSE,12-04-2014 16:24:18.050,,,12-04-2014 16:24:18.050,System.Byte[],Waived current late fee 1.
,633673,1495,147900,3138436,137968,1837453,93,88,660026,12-04-2014 16:23:49.127,-15,FALSE,FALSE,12-04-2014 16:24:18.050,,,12-04-2014 16:24:18.050,System.Byte[],Waived current late fee 1.
,635004,1495,148321,3146825,1712,1842324,93,88,660603,12-09-2014 11:16:17.143,15,FALSE,FALSE,12-09-2014 11:16:40.493,,,12-09-2014 11:16:40.493,System.Byte[],Waived current late fee 1.
,635005,1495,148321,3146825,1712,1842324,93,88,660603,12-09-2014 11:16:17.143,-15,FALSE,FALSE,12-09-2014 11:16:40.497,,,12-09-2014 11:16:40.497,System.Byte[],Waived current late fee 1.
,635250,1495,148321,3147035,151590,1842393,93,88,660613,12-09-2014 11:55:04.307,15,FALSE,FALSE,12-09-2014 11:55:20.680,,12-09-2014 15:18:13.623,12-09-2014 15:18:17.917,System.Byte[],Waived current late fee 1.
,635251,1495,148321,3147035,151590,1842393,93,88,660613,12-09-2014 11:55:04.307,-15,FALSE,FALSE,12-09-2014 11:55:20.680,,12-09-2014 15:18:13.623,12-09-2014 15:18:17.917,System.Byte[],Waived current late fee 1.
,635340,1495,148321,3147698,151590,1842768,93,88,660674,12-09-2014 15:18:57.443,15,FALSE,FALSE,12-09-2014 15:19:03.230,,,12-09-2014 15:19:03.230,System.Byte[],Waived current late fee 1.
,635341,1495,148321,3147698,151590,1842768,93,88,660674,12-09-2014 15:18:57.443,-15,FALSE,FALSE,12-09-2014 15:19:03.230,,,12-09-2014 15:19:03.230,System.Byte[],Waived current late fee 1.
,638224,1495,148752,3157022,149761,1847304,93,88,661467,12-15-2014 10:52:48.740,15,FALSE,FALSE,12-15-2014 10:53:21.150,,,12-15-2014 10:53:21.150,System.Byte[],Waived current late fee 1.
,638225,1495,148752,3157022,149761,1847304,93,88,661467,12-15-2014 10:52:48.740,-15,FALSE,FALSE,12-15-2014 10:53:21.150,,,12-15-2014 10:53:21.150,System.Byte[],Waived current late fee 1.
,639060,1495,148965,3159894,148352,1848637,1212,88,661800,12-17-2014 10:21:24.360,15,FALSE,FALSE,12-17-2014 10:21:30.750,,,12-17-2014 10:21:30.750,System.Byte[],Waived current late fee 1.
,639061,1495,148965,3159894,148352,1848637,1212,88,661800,12-17-2014 10:21:24.360,-15,FALSE,FALSE,12-17-2014 10:21:30.750,,,12-17-2014 10:21:30.750,System.Byte[],Waived current late fee 1.
,639480,1495,149043,3161128,154536,1849228,93,88,661954,12-18-2014 9:59:19.063,15,FALSE,FALSE,12-18-2014 9:59:24.040,,,12-18-2014 9:59:24.040,System.Byte[],Waived current late fee 1.
,639481,1495,149043,3161128,154536,1849228,93,88,661954,12-18-2014 9:59:19.063,-15,FALSE,FALSE,12-18-2014 9:59:24.043,,,12-18-2014 9:59:24.043,System.Byte[],Waived current late fee 1.
,639602,1495,149043,3161599,114468,1849448,93,88,661995,12-18-2014 14:28:32.817,15,FALSE,FALSE,12-18-2014 14:28:37.263,,,12-18-2014 14:28:37.263,System.Byte[],Waived current late fee 1.
,639603,1495,149043,3161599,114468,1849448,93,88,661995,12-18-2014 14:28:32.817,-15,FALSE,FALSE,12-18-2014 14:28:37.267,,,12-18-2014 14:28:37.267,System.Byte[],Waived current late fee 1.
,639604,1495,149043,3161600,114468,1849448,93,88,661996,12-18-2014 14:28:32.817,15,FALSE,FALSE,12-18-2014 14:28:37.270,,,12-18-2014 14:28:37.270,System.Byte[],Waived current late fee 2.
,639605,1495,149043,3161600,114468,1849448,93,88,661996,12-18-2014 14:28:32.817,-15,FALSE,FALSE,12-18-2014 14:28:37.270,,,12-18-2014 14:28:37.270,System.Byte[],Waived current late fee 2.
,639876,1495,149128,3163196,93421,1850192,93,88,662149,12-19-2014 16:17:06.687,15,FALSE,FALSE,12-19-2014 16:16:40.107,,,12-19-2014 16:16:40.107,System.Byte[],Waived current late fee 1.
,639877,1495,149128,3163196,93421,1850192,93,88,662149,12-19-2014 16:17:06.687,-15,FALSE,FALSE,12-19-2014 16:16:40.113,,,12-19-2014 16:16:40.113,System.Byte[],Waived current late fee 1.
,639878,1495,149128,3163197,93426,1850192,93,88,662150,12-19-2014 16:17:06.687,15,FALSE,FALSE,12-19-2014 16:16:40.113,,,12-19-2014 16:16:40.113,System.Byte[],Waived current late fee 1.
,639879,1495,149128,3163197,93426,1850192,93,88,662150,12-19-2014 16:17:06.687,-15,FALSE,FALSE,12-19-2014 16:16:40.113,,,12-19-2014 16:16:40.113,System.Byte[],Waived current late fee 1.
,641348,1495,149744,3171304,137483,1854518,93,88,663013,12-29-2014 10:56:14.070,15,FALSE,FALSE,12-29-2014 10:56:36.503,,,12-29-2014 10:56:36.503,System.Byte[],Waived current late fee 1.
,641349,1495,149744,3171304,137483,1854518,93,88,663013,12-29-2014 10:56:14.070,-15,FALSE,FALSE,12-29-2014 10:56:36.503,,,12-29-2014 10:56:36.503,System.Byte[],Waived current late fee 1.
,641358,1495,149744,3171348,31613,1854552,93,88,663014,12-29-2014 11:27:51.373,15,FALSE,FALSE,12-29-2014 11:28:03.840,,,12-29-2014 11:28:03.840,System.Byte[],Waived current late fee 1.
,641359,1495,149744,3171348,31613,1854552,93,88,663014,12-29-2014 11:27:51.373,-15,FALSE,FALSE,12-29-2014 11:28:03.840,,,12-29-2014 11:28:03.840,System.Byte[],Waived current late fee 1.
,641792,1495,149883,3173797,150518,1855931,1179,88,663255,12-30-2014 15:17:34.263,15,FALSE,FALSE,12-30-2014 15:17:36.413,,,12-30-2014 15:17:36.413,System.Byte[],Waived current late fee 1.
,641793,1495,149883,3173797,150518,1855931,1179,88,663255,12-30-2014 15:17:34.263,-15,FALSE,FALSE,12-30-2014 15:17:36.413,,,12-30-2014 15:17:36.413,System.Byte[],Waived current late fee 1.
,642516,1495,149968,3182778,1589,1861917,93,88,663649,01-02-2015 13:38:46.167,15,FALSE,FALSE,01-02-2015 13:38:51.040,,,01-02-2015 13:38:51.040,System.Byte[],Waived current late fee 1.
,642517,1495,149968,3182778,1589,1861917,93,88,663649,01-02-2015 13:38:46.167,-15,FALSE,FALSE,01-02-2015 13:38:51.040,,,01-02-2015 13:38:51.040,System.Byte[],Waived current late fee 1.
,642518,1495,149968,3182779,1827,1861917,93,88,663650,01-02-2015 13:38:46.167,15,FALSE,FALSE,01-02-2015 13:38:51.040,,,01-02-2015 13:38:51.040,System.Byte[],Waived current late fee 1.
,642519,1495,149968,3182779,1827,1861917,93,88,663650,01-02-2015 13:38:46.167,-15,FALSE,FALSE,01-02-2015 13:38:51.043,,,01-02-2015 13:38:51.043,System.Byte[],Waived current late fee 1.
,642520,1495,149968,3182780,154199,1861917,93,88,663651,01-02-2015 13:38:46.167,15,FALSE,FALSE,01-02-2015 13:38:51.043,,,01-02-2015 13:38:51.043,System.Byte[],Waived current late fee 1.
,642521,1495,149968,3182780,154199,1861917,93,88,663651,01-02-2015 13:38:46.167,-15,FALSE,FALSE,01-02-2015 13:38:51.043,,,01-02-2015 13:38:51.043,System.Byte[],Waived current late fee 1.
,642732,1495,149968,3185562,123887,1863524,93,88,663706,01-02-2015 15:59:36.317,15,FALSE,FALSE,01-02-2015 15:59:54.973,,,01-02-2015 15:59:54.973,System.Byte[],Waived current late fee 2.
,642733,1495,149968,3185562,123887,1863524,93,88,663706,01-02-2015 15:59:36.317,-15,FALSE,FALSE,01-02-2015 15:59:54.973,,,01-02-2015 15:59:54.973,System.Byte[],Waived current late fee 2.
,643456,1495,150281,3194253,153869,1868988,1179,88,664188,01-05-2015 15:50:47.990,15,FALSE,FALSE,01-05-2015 15:50:55.293,,,01-05-2015 15:50:55.293,System.Byte[],Waived current late fee 1.
,643457,1495,150281,3194253,153869,1868988,1179,88,664188,01-05-2015 15:50:47.990,-15,FALSE,FALSE,01-05-2015 15:50:55.293,,,01-05-2015 15:50:55.293,System.Byte[],Waived current late fee 1.
,645961,1495,150884,3208872,151826,1876950,1179,88,665262,01-12-2015 14:57:54.197,15,FALSE,FALSE,01-12-2015 14:57:57.350,,,01-12-2015 14:57:57.350,System.Byte[],Waived current late fee 1.
,645962,1495,150884,3208872,151826,1876950,1179,88,665262,01-12-2015 14:57:54.197,-15,FALSE,FALSE,01-12-2015 14:57:57.350,,,01-12-2015 14:57:57.350,System.Byte[],Waived current late fee 1.
,646047,1495,151031,3209103,147446,1877043,1179,88,665297,01-12-2015 16:42:24.280,15,FALSE,FALSE,01-12-2015 16:42:23.653,,,01-12-2015 16:42:23.653,System.Byte[],Waived current late fee 1.
,646048,1495,151031,3209103,147446,1877043,1179,88,665297,01-12-2015 16:42:24.280,-15,FALSE,FALSE,01-12-2015 16:42:23.653,,,01-12-2015 16:42:23.653,System.Byte[],Waived current late fee 1.
,647491,1495,151277,3213793,151066,1879059,93,88,665782,01-15-2015 16:39:34.460,15,FALSE,FALSE,01-15-2015 16:39:57.290,,,01-15-2015 16:39:57.290,System.Byte[],Waived current late fee 1.
,647492,1495,151277,3213793,151066,1879059,93,88,665782,01-15-2015 16:39:34.460,-15,FALSE,FALSE,01-15-2015 16:39:57.290,,,01-15-2015 16:39:57.290,System.Byte[],Waived current late fee 1.
,647493,1495,151277,3213794,151066,1879059,93,88,665783,01-15-2015 16:39:34.460,15,FALSE,FALSE,01-15-2015 16:39:57.290,,,01-15-2015 16:39:57.290,System.Byte[],Waived current late fee 2.
,647494,1495,151277,3213794,151066,1879059,93,88,665783,01-15-2015 16:39:34.460,-15,FALSE,FALSE,01-15-2015 16:39:57.290,,,01-15-2015 16:39:57.290,System.Byte[],Waived current late fee 2.
,648393,1495,151576,3218504,1645,1881275,93,88,666187,01-20-2015 9:55:08.560,15,FALSE,FALSE,01-20-2015 9:55:11.713,,,01-20-2015 9:55:11.713,System.Byte[],Waived current late fee 2.
,648394,1495,151576,3218504,1645,1881275,93,88,666187,01-20-2015 9:55:08.560,-15,FALSE,FALSE,01-20-2015 9:55:11.713,,,01-20-2015 9:55:11.713,System.Byte[],Waived current late fee 2.
,648395,1495,151576,3218505,81856,1881275,93,88,666188,01-20-2015 9:55:08.560,15,FALSE,FALSE,01-20-2015 9:55:11.713,,,01-20-2015 9:55:11.713,System.Byte[],Waived current late fee 2.
,648396,1495,151576,3218505,81856,1881275,93,88,666188,01-20-2015 9:55:08.560,-15,FALSE,FALSE,01-20-2015 9:55:11.717,,,01-20-2015 9:55:11.717,System.Byte[],Waived current late fee 2.
,648565,1495,151576,3219041,156006,1881545,93,88,666259,01-20-2015 15:06:51.007,15,FALSE,FALSE,01-20-2015 15:06:52.910,,,01-20-2015 15:06:52.910,System.Byte[],Waived current late fee 1.
,648566,1495,151576,3219041,156006,1881545,93,88,666259,01-20-2015 15:06:51.007,-15,FALSE,FALSE,01-20-2015 15:06:52.910,,,01-20-2015 15:06:52.910,System.Byte[],Waived current late fee 1.
,648597,1495,151576,3219192,52423,1881610,93,88,666279,01-20-2015 16:30:33.070,15,FALSE,FALSE,01-20-2015 16:30:35.063,,,01-20-2015 16:30:35.063,System.Byte[],Waived current late fee 1.
,648598,1495,151576,3219192,52423,1881610,93,88,666279,01-20-2015 16:30:33.070,-15,FALSE,FALSE,01-20-2015 16:30:35.067,,,01-20-2015 16:30:35.067,System.Byte[],Waived current late fee 1.
,649037,1495,151738,3221413,124359,1882734,93,88,666527,01-22-2015 16:50:39.373,15,FALSE,FALSE,01-22-2015 16:50:59.227,,,01-22-2015 16:50:59.227,System.Byte[],Waived current late fee 1.
,649038,1495,151738,3221413,124359,1882734,93,88,666527,01-22-2015 16:50:39.373,-15,FALSE,FALSE,01-22-2015 16:50:59.227,,,01-22-2015 16:50:59.227,System.Byte[],Waived current late fee 1.
,649143,1495,151821,3221847,1777,1882935,93,88,666561,01-23-2015 9:53:54.230,15,FALSE,FALSE,01-23-2015 9:53:58.890,,,01-23-2015 9:53:58.890,System.Byte[],Waived current late fee 1.
,649144,1495,151821,3221847,1777,1882935,93,88,666561,01-23-2015 9:53:54.230,-15,FALSE,FALSE,01-23-2015 9:53:58.893,,,01-23-2015 9:53:58.893,System.Byte[],Waived current late fee 1.
,650115,1495,151980,3225414,120910,1884528,93,88,666857,01-26-2015 14:49:14.107,15,FALSE,FALSE,01-26-2015 14:49:16.580,,,01-26-2015 14:49:16.580,System.Byte[],Waived current late fee 1.
,650116,1495,151980,3225414,120910,1884528,93,88,666857,01-26-2015 14:49:14.107,-15,FALSE,FALSE,01-26-2015 14:49:16.580,,,01-26-2015 14:49:16.580,System.Byte[],Waived current late fee 1.
,650131,1495,151980,3225493,93143,1884577,93,88,666864,01-26-2015 15:27:24.347,15,FALSE,FALSE,01-26-2015 15:27:26.340,,,01-26-2015 15:27:26.340,System.Byte[],Waived current late fee 2.
,650132,1495,151980,3225493,93143,1884577,93,88,666864,01-26-2015 15:27:24.347,-15,FALSE,FALSE,01-26-2015 15:27:26.343,,,01-26-2015 15:27:26.343,System.Byte[],Waived current late fee 2.
,651165,1495,152272,3228950,1586,1886234,93,88,667156,01-29-2015 11:07:11.290,15,FALSE,FALSE,01-29-2015 11:07:03.997,,,01-29-2015 11:07:03.997,System.Byte[],Waived current late fee 1.
,651166,1495,152272,3228950,1586,1886234,93,88,667156,01-29-2015 11:07:11.290,-15,FALSE,FALSE,01-29-2015 11:07:03.997,,,01-29-2015 11:07:03.997,System.Byte[],Waived current late fee 1.
,651977,1495,152440,3232939,124347,1888299,93,88,667500,01-31-2015 10:08:07.787,15,FALSE,FALSE,01-31-2015 10:08:05.750,,,01-31-2015 10:08:05.750,System.Byte[],Waived current late fee 1.
,651978,1495,152440,3232939,124347,1888299,93,88,667500,01-31-2015 10:08:07.787,-15,FALSE,FALSE,01-31-2015 10:08:05.750,,,01-31-2015 10:08:05.750,System.Byte[],Waived current late fee 1.
,653075,1495,152685,3248378,136884,1898113,93,88,668012,02-03-2015 14:05:59.820,15,FALSE,FALSE,02-03-2015 14:06:05.163,,02-03-2015 16:44:35.103,02-03-2015 16:44:37.633,System.Byte[],Waived current late fee 1.
,653076,1495,152685,3248378,136884,1898113,93,88,668012,02-03-2015 14:05:59.820,-15,FALSE,FALSE,02-03-2015 14:06:05.163,,02-03-2015 16:44:35.103,02-03-2015 16:44:37.633,System.Byte[],Waived current late fee 1.
,653273,1495,152779,3250042,136884,1899112,93,88,668104,02-04-2015 9:00:36.807,15,FALSE,FALSE,02-04-2015 9:00:44.353,,,02-04-2015 9:00:44.353,System.Byte[],Waived current late fee 2.
,653274,1495,152779,3250042,136884,1899112,93,88,668104,02-04-2015 9:00:36.807,-15,FALSE,FALSE,02-04-2015 9:00:44.357,,,02-04-2015 9:00:44.357,System.Byte[],Waived current late fee 2.
,653619,1495,152869,3252918,123428,1900861,93,88,668312,02-05-2015 10:32:54.103,15,FALSE,FALSE,02-05-2015 10:34:05.707,,,02-05-2015 10:34:05.707,System.Byte[],Waived current late fee 1.
,653620,1495,152869,3252918,123428,1900861,93,88,668312,02-05-2015 10:32:54.103,-15,FALSE,FALSE,02-05-2015 10:34:05.710,,,02-05-2015 10:34:05.710,System.Byte[],Waived current late fee 1.
,654881,1495,153276,3263047,85142,1906649,93,88,668984,02-10-2015 12:11:22.777,15,FALSE,FALSE,02-10-2015 12:11:45.100,,,02-10-2015 12:11:45.100,System.Byte[],Waived current late fee 2.
,654882,1495,153276,3263047,85142,1906649,93,88,668984,02-10-2015 12:11:22.777,-15,FALSE,FALSE,02-10-2015 12:11:45.100,,,02-10-2015 12:11:45.100,System.Byte[],Waived current late fee 2.
,654895,1495,153276,3263142,1712,1906697,93,88,668990,02-10-2015 12:32:26.270,15,FALSE,FALSE,02-10-2015 12:33:05.823,,,02-10-2015 12:33:05.823,System.Byte[],Waived current late fee 1.
,654896,1495,153276,3263142,1712,1906697,93,88,668990,02-10-2015 12:32:26.270,-15,FALSE,FALSE,02-10-2015 12:33:05.890,,,02-10-2015 12:33:05.890,System.Byte[],Waived current late fee 1.
,655835,1495,153467,3267705,149761,1908851,93,88,669417,02-12-2015 10:47:38.583,15,FALSE,FALSE,02-12-2015 10:47:53.850,,,02-12-2015 10:47:53.850,System.Byte[],Waived current late fee 1.
,655836,1495,153467,3267705,149761,1908851,93,88,669417,02-12-2015 10:47:38.583,-15,FALSE,FALSE,02-12-2015 10:47:53.850,,,02-12-2015 10:47:53.850,System.Byte[],Waived current late fee 1.
,655871,1495,153467,3267971,1644,1908974,93,88,669443,02-12-2015 12:41:48.060,15,FALSE,FALSE,02-12-2015 12:41:46.810,,,02-12-2015 12:41:46.810,System.Byte[],Waived current late fee 1.
,655872,1495,153467,3267971,1644,1908974,93,88,669443,02-12-2015 12:41:48.060,-15,FALSE,FALSE,02-12-2015 12:41:46.810,,,02-12-2015 12:41:46.810,System.Byte[],Waived current late fee 1.
,656561,1495,153554,3269733,116155,1909679,93,88,669604,02-13-2015 12:35:10.083,15,FALSE,FALSE,02-13-2015 12:35:30.070,,,02-13-2015 12:35:30.070,System.Byte[],Waived current late fee 1.
,656562,1495,153554,3269733,116155,1909679,93,88,669604,02-13-2015 12:35:10.083,-15,FALSE,FALSE,02-13-2015 12:35:30.070,,,02-13-2015 12:35:30.070,System.Byte[],Waived current late fee 1.
,657345,1495,153634,3271610,1745,1910368,1179,88,669741,02-14-2015 12:23:04.653,15,FALSE,FALSE,02-14-2015 12:23:10.047,,,02-14-2015 12:23:10.047,System.Byte[],Waived current late fee 1.
,657346,1495,153634,3271610,1745,1910368,1179,88,669741,02-14-2015 12:23:04.653,-15,FALSE,FALSE,02-14-2015 12:23:10.050,,,02-14-2015 12:23:10.050,System.Byte[],Waived current late fee 1.
,659261,1495,153996,3277579,123887,1913124,93,88,670278,02-19-2015 16:56:40.530,15,FALSE,FALSE,02-19-2015 16:56:59.770,,02-19-2015 16:58:52.340,02-19-2015 16:58:54.990,System.Byte[],Waived current late fee 1.
,659262,1495,153996,3277579,123887,1913124,93,88,670278,02-19-2015 16:56:40.530,-15,FALSE,FALSE,02-19-2015 16:56:59.770,,02-19-2015 16:58:52.340,02-19-2015 16:58:54.990,System.Byte[],Waived current late fee 1.
,659263,1495,153996,3277597,123887,1913127,93,88,670281,02-19-2015 16:59:38.903,15,FALSE,FALSE,02-19-2015 16:59:58.870,,,02-19-2015 16:59:58.870,System.Byte[],Waived current late fee 1.
,659264,1495,153996,3277597,123887,1913127,93,88,670281,02-19-2015 16:59:38.903,-15,FALSE,FALSE,02-19-2015 16:59:58.870,,,02-19-2015 16:59:58.870,System.Byte[],Waived current late fee 1.
,659945,1495,154232,3281080,146455,1914865,93,88,670632,02-23-2015 10:21:30.607,15,FALSE,FALSE,02-23-2015 10:21:37.647,,,02-23-2015 10:21:37.647,System.Byte[],Waived current late fee 1.
,659946,1495,154232,3281080,146455,1914865,93,88,670632,02-23-2015 10:21:30.607,-15,FALSE,FALSE,02-23-2015 10:21:37.647,,,02-23-2015 10:21:37.647,System.Byte[],Waived current late fee 1.
,661039,1495,154526,3286410,143363,1917405,93,88,671213,02-26-2015 16:33:32.077,15,FALSE,FALSE,02-26-2015 16:34:22.330,,,02-26-2015 16:34:22.330,System.Byte[],Waived current late fee 1.
,661040,1495,154526,3286410,143363,1917405,93,88,671213,02-26-2015 16:33:32.077,-15,FALSE,FALSE,02-26-2015 16:34:22.330,,,02-26-2015 16:34:22.330,System.Byte[],Waived current late fee 1.
,662633,1495,154990,3305418,156909,1928944,93,88,672097,03-03-2015 11:58:51.173,15,FALSE,FALSE,03-03-2015 11:59:55.620,,,03-03-2015 11:59:55.620,System.Byte[],Waived current late fee 1.
,662634,1495,154990,3305418,156909,1928944,93,88,672097,03-03-2015 11:58:51.173,-15,FALSE,FALSE,03-03-2015 11:59:55.620,,,03-03-2015 11:59:55.620,System.Byte[],Waived current late fee 1.
,663447,1495,155177,3312920,86393,1933488,93,88,672537,03-05-2015 16:37:44.120,15,FALSE,FALSE,03-05-2015 16:37:40.060,,,03-05-2015 16:37:40.060,System.Byte[],Waived current late fee 1.
,663448,1495,155177,3312920,86393,1933488,93,88,672537,03-05-2015 16:37:44.120,-15,FALSE,FALSE,03-05-2015 16:37:40.060,,,03-05-2015 16:37:40.060,System.Byte[],Waived current late fee 1.
,663701,1495,155269,3314977,80082,1934623,93,88,672667,03-06-2015 14:36:30.007,15,FALSE,FALSE,03-06-2015 14:36:32.160,,,03-06-2015 14:36:32.160,System.Byte[],Waived current late fee 1.
,663702,1495,155269,3314977,80082,1934623,93,88,672667,03-06-2015 14:36:30.007,-15,FALSE,FALSE,03-06-2015 14:36:32.160,,,03-06-2015 14:36:32.160,System.Byte[],Waived current late fee 1.
,663703,1495,155269,3314978,80082,1934623,93,88,672668,03-06-2015 14:36:30.007,15,FALSE,FALSE,03-06-2015 14:36:32.160,,,03-06-2015 14:36:32.160,System.Byte[],Waived current late fee 2.
,663704,1495,155269,3314978,80082,1934623,93,88,672668,03-06-2015 14:36:30.007,-15,FALSE,FALSE,03-06-2015 14:36:32.160,,,03-06-2015 14:36:32.160,System.Byte[],Waived current late fee 2.
,663705,1495,155269,3315001,129211,1934628,93,88,672669,03-06-2015 14:37:50.177,15,FALSE,FALSE,03-06-2015 14:38:09.040,,,03-06-2015 14:38:09.040,System.Byte[],Waived current late fee 1.
,663706,1495,155269,3315001,129211,1934628,93,88,672669,03-06-2015 14:37:50.177,-15,FALSE,FALSE,03-06-2015 14:38:09.040,,,03-06-2015 14:38:09.040,System.Byte[],Waived current late fee 1.
,663707,1495,155269,3315002,129211,1934628,93,88,672670,03-06-2015 14:37:50.177,15,FALSE,FALSE,03-06-2015 14:38:09.040,,,03-06-2015 14:38:09.040,System.Byte[],Waived current late fee 2.
,663708,1495,155269,3315002,129211,1934628,93,88,672670,03-06-2015 14:37:50.177,-15,FALSE,FALSE,03-06-2015 14:38:09.040,,,03-06-2015 14:38:09.040,System.Byte[],Waived current late fee 2.
,664033,1495,155359,3316986,93355,1935669,93,88,672854,03-07-2015 12:45:16.560,15,FALSE,FALSE,03-07-2015 12:45:40.150,,,03-07-2015 12:45:40.150,System.Byte[],Waived current late fee 2.
,664034,1495,155359,3316986,93355,1935669,93,88,672854,03-07-2015 12:45:16.560,-15,FALSE,FALSE,03-07-2015 12:45:40.150,,,03-07-2015 12:45:40.150,System.Byte[],Waived current late fee 2.
,664435,1495,155486,3319201,157528,1936948,93,88,673034,03-09-2015 12:19:08.527,15,FALSE,FALSE,03-09-2015 12:19:14.667,,,03-09-2015 12:19:14.667,System.Byte[],Waived current late fee 1.
,664436,1495,155486,3319201,157528,1936948,93,88,673034,03-09-2015 12:19:08.527,-15,FALSE,FALSE,03-09-2015 12:19:14.667,,,03-09-2015 12:19:14.667,System.Byte[],Waived current late fee 1.
,668315,1495,156180,3334969,1650,1944559,1212,88,674463,03-18-2015 13:47:52.337,15,FALSE,FALSE,03-18-2015 13:47:52.693,,,03-18-2015 13:47:52.693,System.Byte[],Waived current late fee 1.
,668316,1495,156180,3334969,1650,1944559,1212,88,674463,03-18-2015 13:47:52.337,-15,FALSE,FALSE,03-18-2015 13:47:52.697,,,03-18-2015 13:47:52.697,System.Byte[],Waived current late fee 1.
,668407,1495,156180,3335253,158034,1944673,1212,88,674493,03-18-2015 16:02:29.917,15,FALSE,FALSE,03-18-2015 16:02:30.873,,,03-18-2015 16:02:30.873,System.Byte[],Waived current late fee 1.
,668408,1495,156180,3335253,158034,1944673,1212,88,674493,03-18-2015 16:02:29.917,-15,FALSE,FALSE,03-18-2015 16:02:30.873,,,03-18-2015 16:02:30.873,System.Byte[],Waived current late fee 1.
,669187,1495,156422,3338454,156126,1946221,93,88,674830,03-21-2015 11:59:16.473,15,FALSE,FALSE,03-21-2015 11:59:15.947,,,03-21-2015 11:59:15.947,System.Byte[],Waived current late fee 1.
,669188,1495,156422,3338454,156126,1946221,93,88,674830,03-21-2015 11:59:16.473,-15,FALSE,FALSE,03-21-2015 11:59:15.947,,,03-21-2015 11:59:15.947,System.Byte[],Waived current late fee 1.
,669455,1495,156502,3339855,151590,1946941,93,88,674977,03-23-2015 9:33:03.733,15,FALSE,FALSE,03-23-2015 9:33:03.160,,,03-23-2015 9:33:03.160,System.Byte[],Waived current late fee 1.
,669456,1495,156502,3339855,151590,1946941,93,88,674977,03-23-2015 9:33:03.733,-15,FALSE,FALSE,03-23-2015 9:33:03.160,,,03-23-2015 9:33:03.160,System.Byte[],Waived current late fee 1.
,669457,1495,156502,3339856,151590,1946941,93,88,674978,03-23-2015 9:33:03.733,15,FALSE,FALSE,03-23-2015 9:33:03.160,,,03-23-2015 9:33:03.160,System.Byte[],Waived current late fee 2.
,669458,1495,156502,3339856,151590,1946941,93,88,674978,03-23-2015 9:33:03.733,-15,FALSE,FALSE,03-23-2015 9:33:03.160,,,03-23-2015 9:33:03.160,System.Byte[],Waived current late fee 2.
,669463,1495,156502,3339892,158826,1946966,93,88,674982,03-23-2015 10:28:48.427,15,FALSE,FALSE,03-23-2015 10:28:48.893,,,03-23-2015 10:28:48.893,System.Byte[],Waived current late fee 1.
,669464,1495,156502,3339892,158826,1946966,93,88,674982,03-23-2015 10:28:48.427,-15,FALSE,FALSE,03-23-2015 10:28:48.893,,,03-23-2015 10:28:48.893,System.Byte[],Waived current late fee 1.
,669465,1495,156502,3339893,158826,1946966,93,88,674983,03-23-2015 10:28:48.427,15,FALSE,FALSE,03-23-2015 10:28:48.893,,,03-23-2015 10:28:48.893,System.Byte[],Waived current late fee 2.
,669466,1495,156502,3339893,158826,1946966,93,88,674983,03-23-2015 10:28:48.427,-15,FALSE,FALSE,03-23-2015 10:28:48.893,,,03-23-2015 10:28:48.893,System.Byte[],Waived current late fee 2.
,669597,1495,156502,3340207,1509,1947142,93,88,675013,03-23-2015 12:54:21.433,15,FALSE,FALSE,03-23-2015 12:54:38.417,,,03-23-2015 12:54:38.417,System.Byte[],Waived current late fee 2.
,669598,1495,156502,3340207,1509,1947142,93,88,675013,03-23-2015 12:54:21.433,-15,FALSE,FALSE,03-23-2015 12:54:38.417,,,03-23-2015 12:54:38.417,System.Byte[],Waived current late fee 2.
,669677,1495,156502,3340492,80082,1947303,93,88,675054,03-23-2015 15:10:59.693,15,FALSE,FALSE,03-23-2015 15:10:58.573,,,03-23-2015 15:10:58.573,System.Byte[],Waived current late fee 1.
,669678,1495,156502,3340492,80082,1947303,93,88,675054,03-23-2015 15:10:59.693,-15,FALSE,FALSE,03-23-2015 15:10:58.577,,,03-23-2015 15:10:58.577,System.Byte[],Waived current late fee 1.
,669683,1495,156502,3340504,129211,1947312,93,88,675057,03-23-2015 15:15:54.720,15,FALSE,FALSE,03-23-2015 15:15:52.990,,,03-23-2015 15:15:52.990,System.Byte[],Waived current late fee 1.
,669684,1495,156502,3340504,129211,1947312,93,88,675057,03-23-2015 15:15:54.720,-15,FALSE,FALSE,03-23-2015 15:15:52.990,,,03-23-2015 15:15:52.990,System.Byte[],Waived current late fee 1.
,670611,1495,156875,3345579,1562,1949809,93,88,675584,03-27-2015 14:25:05.117,15,FALSE,FALSE,03-27-2015 14:25:12.527,,,03-27-2015 14:25:12.527,System.Byte[],Waived current late fee 1.
,670612,1495,156875,3345579,1562,1949809,93,88,675584,03-27-2015 14:25:05.117,-15,FALSE,FALSE,03-27-2015 14:25:12.527,,,03-27-2015 14:25:12.527,System.Byte[],Waived current late fee 1.
,671173,1495,157035,3349623,159929,1951994,93,88,675942,03-30-2015 16:15:39.053,15,FALSE,FALSE,03-30-2015 16:15:41.253,,,03-30-2015 16:15:41.253,System.Byte[],Waived current late fee 1.
,671174,1495,157035,3349623,159929,1951994,93,88,675942,03-30-2015 16:15:39.053,-15,FALSE,FALSE,03-30-2015 16:15:41.253,,,03-30-2015 16:15:41.253,System.Byte[],Waived current late fee 1.
,671175,1495,157035,3349624,158736,1951994,93,88,675943,03-30-2015 16:15:39.053,15,FALSE,FALSE,03-30-2015 16:15:41.257,,,03-30-2015 16:15:41.257,System.Byte[],Waived current late fee 1.
,671176,1495,157035,3349624,158736,1951994,93,88,675943,03-30-2015 16:15:39.053,-15,FALSE,FALSE,03-30-2015 16:15:41.260,,,03-30-2015 16:15:41.260,System.Byte[],Waived current late fee 1.
,671505,1495,157175,3351325,158782,1952987,93,88,676101,03-31-2015 14:33:13.483,15,FALSE,FALSE,03-31-2015 14:33:14.820,,,03-31-2015 14:33:14.820,System.Byte[],Waived current late fee 1.
,671506,1495,157175,3351325,158782,1952987,93,88,676101,03-31-2015 14:33:13.483,-15,FALSE,FALSE,03-31-2015 14:33:14.823,,,03-31-2015 14:33:14.823,System.Byte[],Waived current late fee 1.
,671513,1495,157175,3351413,50682,1953035,93,88,676105,03-31-2015 15:00:38.397,15,FALSE,FALSE,03-31-2015 15:00:39.743,,,03-31-2015 15:00:39.743,System.Byte[],Waived current late fee 1.
,671514,1495,157175,3351413,50682,1953035,93,88,676105,03-31-2015 15:00:38.397,-15,FALSE,FALSE,03-31-2015 15:00:39.743,,,03-31-2015 15:00:39.743,System.Byte[],Waived current late fee 1.
,671535,1495,157175,3351541,158826,1953098,93,88,676112,03-31-2015 15:33:39.260,15,FALSE,FALSE,03-31-2015 15:33:40.600,,,03-31-2015 15:33:40.600,System.Byte[],Waived current late fee 1.
,671536,1495,157175,3351541,158826,1953098,93,88,676112,03-31-2015 15:33:39.260,-15,FALSE,FALSE,03-31-2015 15:33:40.600,,,03-31-2015 15:33:40.600,System.Byte[],Waived current late fee 1.
,673457,1495,157534,3371696,156964,1965347,1179,88,676890,04-04-2015 12:38:12.253,15,FALSE,FALSE,04-04-2015 12:38:12.843,,,04-04-2015 12:38:12.843,System.Byte[],Waived current late fee 1.
,673458,1495,157534,3371696,156964,1965347,1179,88,676890,04-04-2015 12:38:12.253,-15,FALSE,FALSE,04-04-2015 12:38:12.843,,,04-04-2015 12:38:12.843,System.Byte[],Waived current late fee 1.
,673903,1495,157624,3375375,46711,1967431,93,88,677148,04-06-2015 15:23:40.237,15,FALSE,FALSE,04-06-2015 15:23:40.460,,,04-06-2015 15:23:40.460,System.Byte[],Waived current late fee 1.
,673904,1495,157624,3375375,46711,1967431,93,88,677148,04-06-2015 15:23:40.237,-15,FALSE,FALSE,04-06-2015 15:23:40.460,,,04-06-2015 15:23:40.460,System.Byte[],Waived current late fee 1.
,674395,1495,157850,3379344,149761,1969809,1212,88,677912,04-08-2015 9:26:32.053,15,FALSE,FALSE,04-08-2015 9:26:55.967,,,04-08-2015 9:26:55.967,System.Byte[],Waived current late fee 1.
,674396,1495,157850,3379344,149761,1969809,1212,88,677912,04-08-2015 9:26:32.053,-15,FALSE,FALSE,04-08-2015 9:26:55.967,,,04-08-2015 9:26:55.967,System.Byte[],Waived current late fee 1.
,675717,1495,158023,3384622,159346,1972430,93,88,678245,04-10-2015 12:10:22.040,15,FALSE,FALSE,04-10-2015 12:10:46.887,,,04-10-2015 12:10:46.887,System.Byte[],Waived current late fee 1.
,675718,1495,158023,3384622,159346,1972430,93,88,678245,04-10-2015 12:10:22.040,-15,FALSE,FALSE,04-10-2015 12:10:46.887,,,04-10-2015 12:10:46.887,System.Byte[],Waived current late fee 1.
,678009,1495,158205,3390813,134223,1975206,1179,88,678732,04-13-2015 15:05:40.010,15,FALSE,FALSE,04-13-2015 15:05:38.603,,,04-13-2015 15:05:38.603,System.Byte[],Waived current late fee 1.
,678010,1495,158205,3390813,134223,1975206,1179,88,678732,04-13-2015 15:05:40.010,-15,FALSE,FALSE,04-13-2015 15:05:38.603,,,04-13-2015 15:05:38.603,System.Byte[],Waived current late fee 1.
,678029,1495,158205,3390868,159493,1975234,1179,88,678737,04-13-2015 15:25:49.663,15,FALSE,FALSE,04-13-2015 15:25:48.137,,,04-13-2015 15:25:48.137,System.Byte[],Waived current late fee 1.
,678030,1495,158205,3390868,159493,1975234,1179,88,678737,04-13-2015 15:25:49.663,-15,FALSE,FALSE,04-13-2015 15:25:48.137,,,04-13-2015 15:25:48.137,System.Byte[],Waived current late fee 1.
,679605,1495,158669,3397249,158826,1978191,1179,88,679361,04-18-2015 10:57:48.480,15,FALSE,FALSE,04-18-2015 10:57:49.447,,,04-18-2015 10:57:49.447,System.Byte[],Waived current late fee 2.
,679606,1495,158669,3397249,158826,1978191,1179,88,679361,04-18-2015 10:57:48.480,-15,FALSE,FALSE,04-18-2015 10:57:49.447,,,04-18-2015 10:57:49.447,System.Byte[],Waived current late fee 2.
,679609,1495,158669,3397262,1698,1978199,1179,88,679364,04-18-2015 11:06:40.113,15,FALSE,FALSE,04-18-2015 11:06:44.880,,,04-18-2015 11:06:44.880,System.Byte[],Waived current late fee 1.
,679610,1495,158669,3397262,1698,1978199,1179,88,679364,04-18-2015 11:06:40.113,-15,FALSE,FALSE,04-18-2015 11:06:44.880,,,04-18-2015 11:06:44.880,System.Byte[],Waived current late fee 1.
,680243,1495,158872,3400560,83077,1979828,1179,88,679749,04-21-2015 14:21:07.897,15,FALSE,FALSE,04-21-2015 14:21:08.290,,,04-21-2015 14:21:08.290,System.Byte[],Waived current late fee 1.
,680244,1495,158872,3400560,83077,1979828,1179,88,679749,04-21-2015 14:21:07.897,-15,FALSE,FALSE,04-21-2015 14:21:08.293,,,04-21-2015 14:21:08.293,System.Byte[],Waived current late fee 1.
,680835,1495,159036,3402857,158092,1980930,93,88,679992,04-23-2015 13:37:20.960,15,FALSE,FALSE,04-23-2015 13:37:38.890,,,04-23-2015 13:37:38.890,System.Byte[],Waived current late fee 1.
,680836,1495,159036,3402857,158092,1980930,93,88,679992,04-23-2015 13:37:20.960,-15,FALSE,FALSE,04-23-2015 13:37:38.890,,,04-23-2015 13:37:38.890,System.Byte[],Waived current late fee 1.
,680841,1495,159036,3402900,156404,1980949,93,88,679997,04-23-2015 13:56:07.500,15,FALSE,FALSE,04-23-2015 13:56:42.767,,,04-23-2015 13:56:42.767,System.Byte[],Waived current late fee 1.
,680842,1495,159036,3402900,156404,1980949,93,88,679997,04-23-2015 13:56:07.500,-15,FALSE,FALSE,04-23-2015 13:56:42.767,,,04-23-2015 13:56:42.767,System.Byte[],Waived current late fee 1.
,681177,1495,159122,3403778,155998,1981342,93,88,680154,04-24-2015 11:03:35.897,15,FALSE,FALSE,04-24-2015 11:03:36.763,,,04-24-2015 11:03:36.763,System.Byte[],Waived current late fee 1.
,681178,1495,159122,3403778,155998,1981342,93,88,680154,04-24-2015 11:03:35.897,-15,FALSE,FALSE,04-24-2015 11:03:36.763,,,04-24-2015 11:03:36.763,System.Byte[],Waived current late fee 1.
,681259,1495,159122,3404529,1549,1981699,93,88,680226,04-24-2015 16:24:56.723,15,FALSE,FALSE,04-24-2015 16:25:12.380,,,04-24-2015 16:25:12.380,System.Byte[],Waived current late fee 1.
,681260,1495,159122,3404529,1549,1981699,93,88,680226,04-24-2015 16:24:56.723,-15,FALSE,FALSE,04-24-2015 16:25:12.380,,,04-24-2015 16:25:12.380,System.Byte[],Waived current late fee 1.
,681917,1495,159287,3407554,159194,1983255,93,88,680562,04-27-2015 15:37:28.587,15,FALSE,FALSE,04-27-2015 15:37:31.467,,,04-27-2015 15:37:31.467,System.Byte[],Waived current late fee 1.
,681918,1495,159287,3407554,159194,1983255,93,88,680562,04-27-2015 15:37:28.587,-15,FALSE,FALSE,04-27-2015 15:37:31.470,,,04-27-2015 15:37:31.470,System.Byte[],Waived current late fee 1.
,681919,1495,159287,3407555,159194,1983255,93,88,680563,04-27-2015 15:37:28.587,15,FALSE,FALSE,04-27-2015 15:37:31.470,,,04-27-2015 15:37:31.470,System.Byte[],Waived current late fee 2.
,681920,1495,159287,3407555,159194,1983255,93,88,680563,04-27-2015 15:37:28.587,-15,FALSE,FALSE,04-27-2015 15:37:31.470,,,04-27-2015 15:37:31.470,System.Byte[],Waived current late fee 2.
,682011,1495,159419,3408297,135104,1983637,93,88,680619,04-28-2015 9:20:58.750,15,FALSE,FALSE,04-28-2015 9:21:07.447,,,04-28-2015 9:21:07.447,System.Byte[],Waived current late fee 1.
,682012,1495,159419,3408297,135104,1983637,93,88,680619,04-28-2015 9:20:58.750,-15,FALSE,FALSE,04-28-2015 9:21:07.447,,,04-28-2015 9:21:07.447,System.Byte[],Waived current late fee 1.
,682013,1495,159419,3408303,156627,1983641,93,88,680620,04-28-2015 9:45:14.873,15,FALSE,FALSE,04-28-2015 9:45:17.300,,,04-28-2015 9:45:17.300,System.Byte[],Waived current late fee 1.
,682014,1495,159419,3408303,156627,1983641,93,88,680620,04-28-2015 9:45:14.873,-15,FALSE,FALSE,04-28-2015 9:45:17.300,,,04-28-2015 9:45:17.300,System.Byte[],Waived current late fee 1.
,683227,1495,159669,3418448,151590,1989682,93,88,681264,05-01-2015 13:26:22.430,15,FALSE,FALSE,05-01-2015 13:26:24.110,,,05-01-2015 13:26:24.110,System.Byte[],Waived current late fee 1.
,683228,1495,159669,3418448,151590,1989682,93,88,681264,05-01-2015 13:26:22.430,-15,FALSE,FALSE,05-01-2015 13:26:24.113,,,05-01-2015 13:26:24.113,System.Byte[],Waived current late fee 1.
,683229,1495,159669,3418449,151590,1989682,93,88,681265,05-01-2015 13:26:22.430,15,FALSE,FALSE,05-01-2015 13:26:24.113,,,05-01-2015 13:26:24.113,System.Byte[],Waived current late fee 2.
,683230,1495,159669,3418449,151590,1989682,93,88,681265,05-01-2015 13:26:22.430,-15,FALSE,FALSE,05-01-2015 13:26:24.113,,,05-01-2015 13:26:24.113,System.Byte[],Waived current late fee 2.
,684347,1495,159854,3431851,156688,1997413,93,88,681783,05-04-2015 13:30:35.110,15,FALSE,FALSE,05-04-2015 13:31:06.280,,,05-04-2015 13:31:06.280,System.Byte[],Waived current late fee 1.
,684348,1495,159854,3431851,156688,1997413,93,88,681783,05-04-2015 13:30:35.110,-15,FALSE,FALSE,05-04-2015 13:31:06.280,,,05-04-2015 13:31:06.280,System.Byte[],Waived current late fee 1.
,685561,1495,160302,3441445,120813,2002971,93,88,682455,05-07-2015 16:53:26.693,15,FALSE,FALSE,05-07-2015 16:53:57.150,,,05-07-2015 16:53:57.150,System.Byte[],Waived current late fee 1.
,685562,1495,160302,3441445,120813,2002971,93,88,682455,05-07-2015 16:53:26.693,-15,FALSE,FALSE,05-07-2015 16:53:57.150,,,05-07-2015 16:53:57.150,System.Byte[],Waived current late fee 1.
,686801,1495,160484,3449338,163618,2007166,1179,88,683239,05-11-2015 15:42:02.663,15,FALSE,FALSE,05-11-2015 15:42:03.980,,,05-11-2015 15:42:03.980,System.Byte[],Waived current late fee 1.
,686802,1495,160484,3449338,163618,2007166,1179,88,683239,05-11-2015 15:42:02.663,-15,FALSE,FALSE,05-11-2015 15:42:03.980,,,05-11-2015 15:42:03.980,System.Byte[],Waived current late fee 1.
,686803,1495,160484,3449339,163618,2007166,1179,88,683240,05-11-2015 15:42:02.663,15,FALSE,FALSE,05-11-2015 15:42:03.980,,,05-11-2015 15:42:03.980,System.Byte[],Waived current late fee 2.
,686804,1495,160484,3449339,163618,2007166,1179,88,683240,05-11-2015 15:42:02.663,-15,FALSE,FALSE,05-11-2015 15:42:03.983,,,05-11-2015 15:42:03.983,System.Byte[],Waived current late fee 2.
,688737,1495,160982,3457108,120228,2010593,1179,88,684080,05-16-2015 9:57:34.000,15,FALSE,FALSE,05-16-2015 9:57:30.147,,,05-16-2015 9:57:30.147,System.Byte[],Waived current late fee 1.
,688738,1495,160982,3457108,120228,2010593,1179,88,684080,05-16-2015 9:57:34.000,-15,FALSE,FALSE,05-16-2015 9:57:30.150,,,05-16-2015 9:57:30.150,System.Byte[],Waived current late fee 1.
,688769,1495,160982,3457277,129520,2010664,93,88,684102,05-16-2015 11:40:39.100,15,FALSE,FALSE,05-16-2015 11:40:35.110,,,05-16-2015 11:40:35.110,System.Byte[],Waived current late fee 1.
,688770,1495,160982,3457277,129520,2010664,93,88,684102,05-16-2015 11:40:39.100,-15,FALSE,FALSE,05-16-2015 11:40:35.110,,,05-16-2015 11:40:35.110,System.Byte[],Waived current late fee 1.
,690515,1495,161372,3463367,158092,2013451,93,88,684734,05-21-2015 11:03:54.390,15,FALSE,FALSE,05-21-2015 11:03:57.460,,,05-21-2015 11:03:57.460,System.Byte[],Waived current late fee 1.
,690516,1495,161372,3463367,158092,2013451,93,88,684734,05-21-2015 11:03:54.390,-15,FALSE,FALSE,05-21-2015 11:03:57.460,,,05-21-2015 11:03:57.460,System.Byte[],Waived current late fee 1.
,690605,1495,161372,3463652,151590,2013591,93,88,684779,05-21-2015 13:46:31.497,15,FALSE,FALSE,05-21-2015 13:46:33.050,,,05-21-2015 13:46:33.050,System.Byte[],Waived current late fee 1.
,690606,1495,161372,3463652,151590,2013591,93,88,684779,05-21-2015 13:46:31.497,-15,FALSE,FALSE,05-21-2015 13:46:33.050,,,05-21-2015 13:46:33.050,System.Byte[],Waived current late fee 1.
,690607,1495,161372,3463653,151590,2013591,93,88,684780,05-21-2015 13:46:31.497,15,FALSE,FALSE,05-21-2015 13:46:33.050,,,05-21-2015 13:46:33.050,System.Byte[],Waived current late fee 2.
,690608,1495,161372,3463653,151590,2013591,93,88,684780,05-21-2015 13:46:31.497,-15,FALSE,FALSE,05-21-2015 13:46:33.050,,,05-21-2015 13:46:33.050,System.Byte[],Waived current late fee 2.
,690941,1495,161453,3464174,148352,2013758,93,88,684804,05-21-2015 17:13:25.233,15,FALSE,FALSE,05-21-2015 17:13:27.257,,,05-21-2015 17:13:27.257,System.Byte[],Waived current late fee 1.
,690942,1495,161453,3464174,148352,2013758,93,88,684804,05-21-2015 17:13:25.233,-15,FALSE,FALSE,05-21-2015 17:13:27.257,,,05-21-2015 17:13:27.257,System.Byte[],Waived current late fee 1.
,692617,1495,161983,3472912,155998,2018228,93,88,685767,05-29-2015 9:41:06.453,15,FALSE,FALSE,05-29-2015 9:41:07.737,,,05-29-2015 9:41:07.737,System.Byte[],Waived current late fee 1.
,692618,1495,161983,3472912,155998,2018228,93,88,685767,05-29-2015 9:41:06.453,-15,FALSE,FALSE,05-29-2015 9:41:07.737,,,05-29-2015 9:41:07.737,System.Byte[],Waived current late fee 1.
,692619,1495,161983,3472913,155998,2018228,93,88,685768,05-29-2015 9:41:06.453,15,FALSE,FALSE,05-29-2015 9:41:07.740,,,05-29-2015 9:41:07.740,System.Byte[],Waived current late fee 2.
,692620,1495,161983,3472913,155998,2018228,93,88,685768,05-29-2015 9:41:06.453,-15,FALSE,FALSE,05-29-2015 9:41:07.740,,,05-29-2015 9:41:07.740,System.Byte[],Waived current late fee 2.
,692683,1495,161983,3473414,156126,2018467,93,88,685831,05-29-2015 12:35:23.893,15,FALSE,FALSE,05-29-2015 12:35:23.900,,,05-29-2015 12:35:23.900,System.Byte[],Waived current late fee 1.
,692684,1495,161983,3473414,156126,2018467,93,88,685831,05-29-2015 12:35:23.893,-15,FALSE,FALSE,05-29-2015 12:35:23.900,,,05-29-2015 12:35:23.900,System.Byte[],Waived current late fee 1.
,692685,1495,161983,3473415,156126,2018467,93,88,685832,05-29-2015 12:35:23.893,15,FALSE,FALSE,05-29-2015 12:35:23.900,,,05-29-2015 12:35:23.900,System.Byte[],Waived current late fee 2.
,692686,1495,161983,3473415,156126,2018467,93,88,685832,05-29-2015 12:35:23.893,-15,FALSE,FALSE,05-29-2015 12:35:23.900,,,05-29-2015 12:35:23.900,System.Byte[],Waived current late fee 2.
,695885,1495,162697,3503729,163618,2036033,1179,88,687408,06-06-2015 9:00:31.440,15,FALSE,FALSE,06-06-2015 9:00:26.957,,,06-06-2015 9:00:26.957,System.Byte[],Waived current late fee 1.
,695886,1495,162697,3503729,163618,2036033,1179,88,687408,06-06-2015 9:00:31.440,-15,FALSE,FALSE,06-06-2015 9:00:26.960,,,06-06-2015 9:00:26.960,System.Byte[],Waived current late fee 1.
,697009,1495,163030,3511309,151590,2040313,1212,88,688095,06-10-2015 10:17:20.247,15,FALSE,FALSE,06-10-2015 10:17:21.950,,,06-10-2015 10:17:21.950,System.Byte[],Waived current late fee 1.
,697010,1495,163030,3511309,151590,2040313,1212,88,688095,06-10-2015 10:17:20.247,-15,FALSE,FALSE,06-10-2015 10:17:21.950,,,06-10-2015 10:17:21.950,System.Byte[],Waived current late fee 1.
,697011,1495,163030,3511310,151590,2040313,1212,88,688096,06-10-2015 10:17:20.247,15,FALSE,FALSE,06-10-2015 10:17:21.950,,,06-10-2015 10:17:21.950,System.Byte[],Waived current late fee 1.
,697012,1495,163030,3511310,151590,2040313,1212,88,688096,06-10-2015 10:17:20.247,-15,FALSE,FALSE,06-10-2015 10:17:21.953,,,06-10-2015 10:17:21.953,System.Byte[],Waived current late fee 1.
,698903,1495,163394,3520575,147446,2044778,1179,88,689019,06-15-2015 14:58:14.530,15,FALSE,FALSE,06-15-2015 14:58:12.797,,,06-15-2015 14:58:12.797,System.Byte[],Waived current late fee 1.
,698904,1495,163394,3520575,147446,2044778,1179,88,689019,06-15-2015 14:58:14.530,-15,FALSE,FALSE,06-15-2015 14:58:12.797,,,06-15-2015 14:58:12.797,System.Byte[],Waived current late fee 1.
,700553,1495,163949,3528935,167855,2048718,93,88,689824,06-22-2015 15:04:17.090,15,FALSE,FALSE,06-22-2015 15:04:18.540,,,06-22-2015 15:04:18.540,System.Byte[],Waived current late fee 1.
,700554,1495,163949,3528935,167855,2048718,93,88,689824,06-22-2015 15:04:17.090,-15,FALSE,FALSE,06-22-2015 15:04:18.543,,,06-22-2015 15:04:18.543,System.Byte[],Waived current late fee 1.
,701623,1495,164244,3533158,68702,2050698,93,88,690240,06-25-2015 16:15:24.353,5,FALSE,FALSE,06-25-2015 16:15:40.497,,,06-25-2015 16:15:40.497,System.Byte[],Waived current late fee 2.
,701624,1495,164244,3533158,68702,2050698,93,88,690240,06-25-2015 16:15:24.353,-5,FALSE,FALSE,06-25-2015 16:15:40.497,,,06-25-2015 16:15:40.497,System.Byte[],Waived current late fee 2.
,705773,1495,165216,3569181,49648,2071619,1212,88,692349,07-07-2015 15:49:36.260,15,FALSE,FALSE,07-07-2015 15:49:37.530,,,07-07-2015 15:49:37.530,System.Byte[],Waived current late fee 1.
,705774,1495,165216,3569181,49648,2071619,1212,88,692349,07-07-2015 15:49:36.260,-15,FALSE,FALSE,07-07-2015 15:49:37.530,,,07-07-2015 15:49:37.530,System.Byte[],Waived current late fee 1.
,706485,1495,165407,3573557,50682,2073884,93,88,692640,07-09-2015 14:27:33.073,15,FALSE,FALSE,07-09-2015 14:27:35.147,,,07-09-2015 14:27:35.147,System.Byte[],Waived current late fee 2.
,706486,1495,165407,3573557,50682,2073884,93,88,692640,07-09-2015 14:27:33.073,-15,FALSE,FALSE,07-09-2015 14:27:35.147,,,07-09-2015 14:27:35.147,System.Byte[],Waived current late fee 2.
,711135,1495,166262,3591323,167855,2082172,93,88,694431,07-20-2015 14:54:33.787,15,FALSE,FALSE,07-20-2015 14:54:20.037,,,07-20-2015 14:54:20.037,System.Byte[],Waived current late fee 1.
,711136,1495,166262,3591323,167855,2082172,93,88,694431,07-20-2015 14:54:33.787,-15,FALSE,FALSE,07-20-2015 14:54:20.037,,,07-20-2015 14:54:20.037,System.Byte[],Waived current late fee 1.
,712811,1495,166817,3599314,85225,2086109,93,88,695290,07-27-2015 12:26:04.303,15,FALSE,FALSE,07-27-2015 12:26:11.987,,,07-27-2015 12:26:11.987,System.Byte[],Waived current late fee 1.
,712812,1495,166817,3599314,85225,2086109,93,88,695290,07-27-2015 12:26:04.303,-15,FALSE,FALSE,07-27-2015 12:26:11.987,,,07-27-2015 12:26:11.987,System.Byte[],Waived current late fee 1.
,722917,1495,167541,3657660,163618,2122123,93,88,698885,08-04-2015 11:50:14.313,15,FALSE,FALSE,08-04-2015 11:50:15.317,,,08-04-2015 11:50:15.317,System.Byte[],Waived current late fee 1.
,722918,1495,167541,3657660,163618,2122123,93,88,698885,08-04-2015 11:50:14.313,-15,FALSE,FALSE,08-04-2015 11:50:15.317,,,08-04-2015 11:50:15.317,System.Byte[],Waived current late fee 1.
,724025,1495,168326,3665916,86393,2126965,93,88,699524,08-07-2015 9:51:07.067,15,FALSE,FALSE,08-07-2015 9:51:15.423,,,08-07-2015 9:51:15.423,System.Byte[],Waived current late fee 1.
,724026,1495,168326,3665916,86393,2126965,93,88,699524,08-07-2015 9:51:07.067,-15,FALSE,FALSE,08-07-2015 9:51:15.427,,,08-07-2015 9:51:15.427,System.Byte[],Waived current late fee 1.
,724029,1495,168326,3665931,171394,2126974,93,88,699525,08-07-2015 9:57:39.093,15,FALSE,FALSE,08-07-2015 9:57:41.913,,,08-07-2015 9:57:41.913,System.Byte[],Waived current late fee 1.
,724030,1495,168326,3665931,171394,2126974,93,88,699525,08-07-2015 9:57:39.093,-15,FALSE,FALSE,08-07-2015 9:57:41.913,,,08-07-2015 9:57:41.913,System.Byte[],Waived current late fee 1.
,724161,1495,168326,3666950,85142,2127513,93,88,699622,08-07-2015 14:42:38.750,15,FALSE,FALSE,08-07-2015 14:42:40.990,,,08-07-2015 14:42:40.990,System.Byte[],Waived current late fee 2.
,724162,1495,168326,3666950,85142,2127513,93,88,699622,08-07-2015 14:42:38.750,-15,FALSE,FALSE,08-07-2015 14:42:40.990,,,08-07-2015 14:42:40.990,System.Byte[],Waived current late fee 2.
,726399,1495,168867,3678841,167323,2133735,93,88,700744,08-13-2015 16:17:50.057,15,FALSE,FALSE,08-13-2015 16:17:46.327,,,08-13-2015 16:17:46.327,System.Byte[],Waived current late fee 1.
,726400,1495,168867,3678841,167323,2133735,93,88,700744,08-13-2015 16:17:50.057,-15,FALSE,FALSE,08-13-2015 16:17:46.330,,,08-13-2015 16:17:46.330,System.Byte[],Waived current late fee 1.
,726739,1495,168955,3680415,151930,2134411,93,88,700888,08-14-2015 15:30:56.183,15,FALSE,FALSE,08-14-2015 15:30:57.763,,,08-14-2015 15:30:57.763,System.Byte[],Waived current late fee 1.
,726740,1495,168955,3680415,151930,2134411,93,88,700888,08-14-2015 15:30:56.183,-15,FALSE,FALSE,08-14-2015 15:30:57.767,,,08-14-2015 15:30:57.767,System.Byte[],Waived current late fee 1.
,736515,1495,169669,3695286,150518,2140658,93,88,702090,08-24-2015 13:12:51.737,15,FALSE,FALSE,08-24-2015 13:12:54.097,,,08-24-2015 13:12:54.097,System.Byte[],Waived current late fee 1.
,736516,1495,169669,3695286,150518,2140658,93,88,702090,08-24-2015 13:12:51.737,-15,FALSE,FALSE,08-24-2015 13:12:54.097,,,08-24-2015 13:12:54.097,System.Byte[],Waived current late fee 1.
,736517,1495,169669,3695287,150622,2140658,93,88,702091,08-24-2015 13:12:51.737,15,FALSE,FALSE,08-24-2015 13:12:54.097,,,08-24-2015 13:12:54.097,System.Byte[],Waived current late fee 1.
,736518,1495,169669,3695287,150622,2140658,93,88,702091,08-24-2015 13:12:51.737,-15,FALSE,FALSE,08-24-2015 13:12:54.097,,,08-24-2015 13:12:54.097,System.Byte[],Waived current late fee 1.
,740113,1495,170700,3729069,79237,2160423,93,88,704183,09-04-2015 17:00:25.887,15,FALSE,FALSE,09-04-2015 17:00:25.417,,,09-04-2015 17:00:25.417,System.Byte[],Waived current late fee 1.
,740114,1495,170700,3729069,79237,2160423,93,88,704183,09-04-2015 17:00:25.887,-15,FALSE,FALSE,09-04-2015 17:00:25.417,,,09-04-2015 17:00:25.417,System.Byte[],Waived current late fee 1.
,742395,1495,171323,3743305,120813,2168170,93,88,705240,09-11-2015 12:15:22.440,15,FALSE,FALSE,09-11-2015 12:15:34.720,,,09-11-2015 12:15:34.720,System.Byte[],Waived current late fee 1.
,742396,1495,171323,3743305,120813,2168170,93,88,705240,09-11-2015 12:15:22.440,-15,FALSE,FALSE,09-11-2015 12:15:34.720,,,09-11-2015 12:15:34.720,System.Byte[],Waived current late fee 1.
,744439,1495,171526,3748796,147446,2170505,1179,88,705735,09-14-2015 16:32:41.057,15,FALSE,FALSE,09-14-2015 16:32:43.353,,,09-14-2015 16:32:43.353,System.Byte[],Waived current late fee 1.
,744440,1495,171526,3748796,147446,2170505,1179,88,705735,09-14-2015 16:32:41.057,-15,FALSE,FALSE,09-14-2015 16:32:43.357,,,09-14-2015 16:32:43.357,System.Byte[],Waived current late fee 1.
,745803,1495,171838,3752763,174434,2172274,93,88,706161,09-17-2015 13:09:10.107,15,FALSE,FALSE,09-17-2015 13:09:52.327,,,09-17-2015 13:09:52.327,System.Byte[],Waived current late fee 1.
,745804,1495,171838,3752763,174434,2172274,93,88,706161,09-17-2015 13:09:10.107,-15,FALSE,FALSE,09-17-2015 13:09:52.330,,,09-17-2015 13:09:52.330,System.Byte[],Waived current late fee 1.
,746195,1495,172017,3755334,107113,2173540,93,88,706388,09-19-2015 12:44:34.463,15,FALSE,FALSE,09-19-2015 12:44:36.193,,,09-19-2015 12:44:36.193,System.Byte[],Waived current late fee 1.
,746196,1495,172017,3755334,107113,2173540,93,88,706388,09-19-2015 12:44:34.463,-15,FALSE,FALSE,09-19-2015 12:44:36.193,,,09-19-2015 12:44:36.193,System.Byte[],Waived current late fee 1.
,746561,1495,172097,3757299,159194,2174519,1179,88,706545,09-21-2015 15:34:11.990,15,FALSE,FALSE,09-21-2015 15:34:12.720,,,09-21-2015 15:34:12.720,System.Byte[],Waived current late fee 1.
,746562,1495,172097,3757299,159194,2174519,1179,88,706545,09-21-2015 15:34:11.990,-15,FALSE,FALSE,09-21-2015 15:34:12.720,,,09-21-2015 15:34:12.720,System.Byte[],Waived current late fee 1.
,748007,1495,172656,3765826,85142,2178799,93,88,707407,09-28-2015 15:08:25.370,15,FALSE,FALSE,09-28-2015 15:08:27.440,,,09-28-2015 15:08:27.440,System.Byte[],Waived current late fee 1.
,748008,1495,172656,3765826,85142,2178799,93,88,707407,09-28-2015 15:08:25.370,-15,FALSE,FALSE,09-28-2015 15:08:27.447,,,09-28-2015 15:08:27.447,System.Byte[],Waived current late fee 1.
,749025,1495,172967,3778994,167865,2186738,93,88,708069,10-01-2015 15:55:59.197,15,FALSE,FALSE,10-01-2015 15:56:51.770,,,10-01-2015 15:56:51.770,System.Byte[],Waived current late fee 2.
,749026,1495,172967,3778994,167865,2186738,93,88,708069,10-01-2015 15:55:59.197,-15,FALSE,FALSE,10-01-2015 15:56:51.770,,,10-01-2015 15:56:51.770,System.Byte[],Waived current late fee 2.
,749037,1495,172967,3779125,50682,2186810,93,88,708074,10-01-2015 16:10:44.107,15,FALSE,FALSE,10-01-2015 16:10:47.250,,,10-01-2015 16:10:47.250,System.Byte[],Waived current late fee 1.
,749038,1495,172967,3779125,50682,2186810,93,88,708074,10-01-2015 16:10:44.107,-15,FALSE,FALSE,10-01-2015 16:10:47.250,,,10-01-2015 16:10:47.250,System.Byte[],Waived current late fee 1.
,754767,1495,174258,3812840,175991,2205252,1212,88,710267,10-14-2015 16:57:05.353,15,FALSE,FALSE,10-14-2015 16:57:07.507,,,10-14-2015 16:57:07.507,System.Byte[],Waived current late fee 2.
,754768,1495,174258,3812840,175991,2205252,1212,88,710267,10-14-2015 16:57:05.353,-15,FALSE,FALSE,10-14-2015 16:57:07.507,,,10-14-2015 16:57:07.507,System.Byte[],Waived current late fee 2.
,754873,1495,174258,3813426,116718,2205537,93,88,710312,10-15-2015 11:17:02.767,15,FALSE,FALSE,10-15-2015 11:17:05.023,,,10-15-2015 11:17:05.023,System.Byte[],Waived current late fee 1.
,754874,1495,174258,3813426,116718,2205537,93,88,710312,10-15-2015 11:17:02.767,-15,FALSE,FALSE,10-15-2015 11:17:05.023,,,10-15-2015 11:17:05.023,System.Byte[],Waived current late fee 1.
,754875,1495,174258,3813427,1707,2205537,93,88,710313,10-15-2015 11:17:02.767,15,FALSE,FALSE,10-15-2015 11:17:05.023,,,10-15-2015 11:17:05.023,System.Byte[],Waived current late fee 1.
,754876,1495,174258,3813427,1707,2205537,93,88,710313,10-15-2015 11:17:02.767,-15,FALSE,FALSE,10-15-2015 11:17:05.027,,,10-15-2015 11:17:05.027,System.Byte[],Waived current late fee 1.
,756297,1495,174749,3821006,1538,2209094,1212,88,711051,10-21-2015 13:34:56.483,15,FALSE,FALSE,10-21-2015 13:34:57.870,,,10-21-2015 13:34:57.870,System.Byte[],Waived current late fee 2.
,756298,1495,174749,3821006,1538,2209094,1212,88,711051,10-21-2015 13:34:56.483,-15,FALSE,FALSE,10-21-2015 13:34:57.870,,,10-21-2015 13:34:57.870,System.Byte[],Waived current late fee 2.
,759335,1495,175864,3853239,50682,2227735,2082,88,713587,11-03-2015 13:58:55.833,15,FALSE,FALSE,11-03-2015 13:59:00.243,,,11-03-2015 13:59:00.243,System.Byte[],Waived current late fee 1.
,759336,1495,175864,3853239,50682,2227735,2082,88,713587,11-03-2015 13:58:55.833,-15,FALSE,FALSE,11-03-2015 13:59:00.243,,,11-03-2015 13:59:00.243,System.Byte[],Waived current late fee 1.
,760205,1495,176170,3860156,177487,2231684,1212,88,714029,11-05-2015 16:38:39.333,15,FALSE,FALSE,11-05-2015 16:39:05.840,,,11-05-2015 16:39:05.840,System.Byte[],Waived current late fee 2.
,760206,1495,176170,3860156,177487,2231684,1212,88,714029,11-05-2015 16:38:39.333,-15,FALSE,FALSE,11-05-2015 16:39:05.840,,,11-05-2015 16:39:05.840,System.Byte[],Waived current late fee 2.
,760587,1495,176279,3864150,157265,2233949,1179,88,714315,11-07-2015 12:01:23.087,15,FALSE,FALSE,11-07-2015 12:01:24.410,,,11-07-2015 12:01:24.410,System.Byte[],Waived current late fee 1.
,760588,1495,176279,3864150,157265,2233949,1179,88,714315,11-07-2015 12:01:23.087,-15,FALSE,FALSE,11-07-2015 12:01:24.413,,,11-07-2015 12:01:24.413,System.Byte[],Waived current late fee 1.
,761027,1495,176373,3867696,148001,2235977,2082,88,714618,11-09-2015 16:00:58.090,15,FALSE,FALSE,11-09-2015 16:01:00.780,,,11-09-2015 16:01:00.780,System.Byte[],Waived current late fee 1.
,761028,1495,176373,3867696,148001,2235977,2082,88,714618,11-09-2015 16:00:58.090,-15,FALSE,FALSE,11-09-2015 16:01:00.780,,,11-09-2015 16:01:00.780,System.Byte[],Waived current late fee 1.
,761819,1495,176631,3873262,156964,2238843,1212,88,715121,11-11-2015 15:53:16.597,15,FALSE,FALSE,11-11-2015 15:53:06.277,,,11-11-2015 15:53:06.277,System.Byte[],Waived current late fee 2.
,761820,1495,176631,3873262,156964,2238843,1212,88,715121,11-11-2015 15:53:16.597,-15,FALSE,FALSE,11-11-2015 15:53:06.277,,,11-11-2015 15:53:06.277,System.Byte[],Waived current late fee 2.
,767587,1495,178101,3897581,168475,2250268,2082,88,717231,11-30-2015 13:16:21.457,15,FALSE,FALSE,11-30-2015 13:16:24.327,,,11-30-2015 13:16:24.327,System.Byte[],Waived current late fee 1.
,767588,1495,178101,3897581,168475,2250268,2082,88,717231,11-30-2015 13:16:21.457,-15,FALSE,FALSE,11-30-2015 13:16:24.330,,,11-30-2015 13:16:24.330,System.Byte[],Waived current late fee 1.
,767885,1495,178101,3898426,116155,2250757,2082,88,717279,11-30-2015 15:40:14.450,15,FALSE,FALSE,11-30-2015 15:40:45.983,,,11-30-2015 15:40:45.983,System.Byte[],Waived current late fee 2.
,767886,1495,178101,3898426,116155,2250757,2082,88,717279,11-30-2015 15:40:14.450,-15,FALSE,FALSE,11-30-2015 15:40:45.983,,,11-30-2015 15:40:45.983,System.Byte[],Waived current late fee 2.
,768805,1495,178453,3915756,156126,2261484,93,88,717913,12-03-2015 9:44:03.370,15,FALSE,FALSE,12-03-2015 9:44:00.510,,,12-03-2015 9:44:00.510,System.Byte[],Waived current late fee 1.
,768806,1495,178453,3915756,156126,2261484,93,88,717913,12-03-2015 9:44:03.370,-15,FALSE,FALSE,12-03-2015 9:44:00.510,,,12-03-2015 9:44:00.510,System.Byte[],Waived current late fee 1.
,769465,1495,178663,3922643,1629,2265538,93,88,718357,12-05-2015 12:11:25.217,15,FALSE,FALSE,12-05-2015 12:11:21.177,,,12-05-2015 12:11:21.177,System.Byte[],Waived current late fee 1.
,769466,1495,178663,3922643,1629,2265538,93,88,718357,12-05-2015 12:11:25.217,-15,FALSE,FALSE,12-05-2015 12:11:21.177,,,12-05-2015 12:11:21.177,System.Byte[],Waived current late fee 1.
,769467,1495,178663,3922645,1773,2265540,93,88,718358,12-05-2015 12:12:05.153,15,FALSE,FALSE,12-05-2015 12:12:00.590,,,12-05-2015 12:12:00.590,System.Byte[],Waived current late fee 1.
,769468,1495,178663,3922645,1773,2265540,93,88,718358,12-05-2015 12:12:05.153,-15,FALSE,FALSE,12-05-2015 12:12:00.593,,,12-05-2015 12:12:00.593,System.Byte[],Waived current late fee 1.
,772059,1495,179320,3938025,180629,2273745,1179,88,719582,12-12-2015 11:11:01.763,15,FALSE,FALSE,12-12-2015 11:11:01.803,,,12-12-2015 11:11:01.803,System.Byte[],Waived current late fee 1.
,772060,1495,179320,3938025,180629,2273745,1179,88,719582,12-12-2015 11:11:01.763,-15,FALSE,FALSE,12-12-2015 11:11:01.803,,,12-12-2015 11:11:01.803,System.Byte[],Waived current late fee 1.
,772061,1495,179320,3938026,177798,2273746,1179,88,719583,12-12-2015 11:11:16.583,15,FALSE,FALSE,12-12-2015 11:11:16.303,,,12-12-2015 11:11:16.303,System.Byte[],Waived current late fee 1.
,772062,1495,179320,3938026,177798,2273746,1179,88,719583,12-12-2015 11:11:16.583,-15,FALSE,FALSE,12-12-2015 11:11:16.303,,,12-12-2015 11:11:16.303,System.Byte[],Waived current late fee 1.
,772933,1495,179557,3941633,91593,2275439,93,88,719944,12-15-2015 10:27:20.567,15,FALSE,FALSE,12-15-2015 10:27:24.137,,,12-15-2015 10:27:24.137,System.Byte[],Waived current late fee 1.
,772934,1495,179557,3941633,91593,2275439,93,88,719944,12-15-2015 10:27:20.567,-15,FALSE,FALSE,12-15-2015 10:27:24.140,,,12-15-2015 10:27:24.140,System.Byte[],Waived current late fee 1.
,772935,1495,179557,3941635,115464,2275441,93,88,719945,12-15-2015 10:33:11.520,15,FALSE,FALSE,12-15-2015 10:33:12.060,,,12-15-2015 10:33:12.060,System.Byte[],Waived current late fee 1.
,772936,1495,179557,3941635,115464,2275441,93,88,719945,12-15-2015 10:33:11.520,-15,FALSE,FALSE,12-15-2015 10:33:12.060,,,12-15-2015 10:33:12.060,System.Byte[],Waived current late fee 1.
,773559,1495,179732,3944524,181283,2276804,93,88,720253,12-17-2015 13:13:28.390,15,FALSE,FALSE,12-17-2015 13:13:50.927,,,12-17-2015 13:13:50.927,System.Byte[],Waived current late fee 1.
,773560,1495,179732,3944524,181283,2276804,93,88,720253,12-17-2015 13:13:28.390,-15,FALSE,FALSE,12-17-2015 13:13:50.927,,,12-17-2015 13:13:50.927,System.Byte[],Waived current late fee 1.
,773605,1495,179732,3944714,155998,2276898,93,88,720284,12-17-2015 14:45:33.513,15,FALSE,FALSE,12-17-2015 14:45:36.457,,,12-17-2015 14:45:36.457,System.Byte[],Waived current late fee 1.
,773606,1495,179732,3944714,155998,2276898,93,88,720284,12-17-2015 14:45:33.513,-15,FALSE,FALSE,12-17-2015 14:45:36.457,,,12-17-2015 14:45:36.457,System.Byte[],Waived current late fee 1.
,774185,1495,180005,3948838,167948,2278904,93,88,720745,12-21-2015 12:35:08.860,15,FALSE,FALSE,12-21-2015 12:35:11.977,,,12-21-2015 12:35:11.977,System.Byte[],Waived current late fee 1.
,774186,1495,180005,3948838,167948,2278904,93,88,720745,12-21-2015 12:35:08.860,-15,FALSE,FALSE,12-21-2015 12:35:11.980,,,12-21-2015 12:35:11.980,System.Byte[],Waived current late fee 1.
,774959,1495,180315,3953093,168475,2281013,2082,88,721162,12-26-2015 9:12:17.150,15,FALSE,FALSE,12-26-2015 9:12:20.793,,,12-26-2015 9:12:20.793,System.Byte[],Waived current late fee 1.
,774960,1495,180315,3953093,168475,2281013,2082,88,721162,12-26-2015 9:12:17.150,-15,FALSE,FALSE,12-26-2015 9:12:20.793,,,12-26-2015 9:12:20.793,System.Byte[],Waived current late fee 1.
,774961,1495,180315,3953094,168477,2281013,2082,88,721163,12-26-2015 9:12:17.150,15,FALSE,FALSE,12-26-2015 9:12:20.797,,,12-26-2015 9:12:20.797,System.Byte[],Waived current late fee 1.
,774962,1495,180315,3953094,168477,2281013,2082,88,721163,12-26-2015 9:12:17.150,-15,FALSE,FALSE,12-26-2015 9:12:20.797,,,12-26-2015 9:12:20.797,System.Byte[],Waived current late fee 1.
,775789,1495,180659,3957244,174750,2283297,2082,88,721565,12-29-2015 17:05:01.047,15,FALSE,FALSE,12-29-2015 17:05:03.680,,,12-29-2015 17:05:03.680,System.Byte[],Waived current late fee 2.
,775790,1495,180659,3957244,174750,2283297,2082,88,721565,12-29-2015 17:05:01.047,-15,FALSE,FALSE,12-29-2015 17:05:03.680,,,12-29-2015 17:05:03.680,System.Byte[],Waived current late fee 2.
,775793,1495,180659,3957284,21887,2283319,2082,88,721569,12-29-2015 17:17:21.300,15,FALSE,FALSE,12-29-2015 17:17:21.830,,,12-29-2015 17:17:21.830,System.Byte[],Waived current late fee 1.
,775794,1495,180659,3957284,21887,2283319,2082,88,721569,12-29-2015 17:17:21.300,-15,FALSE,FALSE,12-29-2015 17:17:21.830,,,12-29-2015 17:17:21.830,System.Byte[],Waived current late fee 1.
,777383,1495,181082,3979044,179926,2296274,93,88,722578,01-04-2016 16:16:45.010,15,FALSE,FALSE,01-04-2016 16:16:46.213,,,01-04-2016 16:16:46.213,System.Byte[],Waived current late fee 1.
,777384,1495,181082,3979044,179926,2296274,93,88,722578,01-04-2016 16:16:45.010,-15,FALSE,FALSE,01-04-2016 16:16:46.217,,,01-04-2016 16:16:46.217,System.Byte[],Waived current late fee 1.
,777519,1495,181258,3981038,153869,2297505,2082,88,722704,01-05-2016 10:38:58.440,15,FALSE,FALSE,01-05-2016 10:39:01.587,,,01-05-2016 10:39:01.587,System.Byte[],Waived current late fee 1.
,777520,1495,181258,3981038,153869,2297505,2082,88,722704,01-05-2016 10:38:58.440,-15,FALSE,FALSE,01-05-2016 10:39:01.587,,,01-05-2016 10:39:01.587,System.Byte[],Waived current late fee 1.
,778875,1495,181659,3992066,1650,2303484,93,88,723570,01-09-2016 10:41:42.837,15,FALSE,FALSE,01-09-2016 10:41:42.773,,,01-09-2016 10:41:42.773,System.Byte[],Waived current late fee 1.
,778876,1495,181659,3992066,1650,2303484,93,88,723570,01-09-2016 10:41:42.837,-15,FALSE,FALSE,01-09-2016 10:41:42.777,,,01-09-2016 10:41:42.777,System.Byte[],Waived current late fee 1.
,781407,1495,182118,4002211,174434,2308391,93,88,724714,01-14-2016 13:35:39.590,15,FALSE,FALSE,01-14-2016 13:35:42.013,,,01-14-2016 13:35:42.013,System.Byte[],Waived current late fee 1.
,781408,1495,182118,4002211,174434,2308391,93,88,724714,01-14-2016 13:35:39.590,-15,FALSE,FALSE,01-14-2016 13:35:42.017,,,01-14-2016 13:35:42.017,System.Byte[],Waived current late fee 1.
,824472,1495,182377,4247126,91664,2410263,1179,88,745466,01-18-2016 15:04:33.057,15,FALSE,FALSE,01-18-2016 15:04:34.533,,,01-18-2016 15:04:34.533,System.Byte[],Waived current late fee 1.
,824473,1495,182377,4247126,91664,2410263,1179,88,745466,01-18-2016 15:04:33.057,-15,FALSE,FALSE,01-18-2016 15:04:34.537,,,01-18-2016 15:04:34.537,System.Byte[],Waived current late fee 1.
,888480,1495,197250,4459621,32954,2509281,93,88,786958,01-25-2016 12:59:32.680,15,FALSE,FALSE,01-25-2016 12:59:32.660,,,01-25-2016 12:59:32.660,System.Byte[],Waived current late fee 1.
,888481,1495,197250,4459621,32954,2509281,93,88,786958,01-25-2016 12:59:32.680,-15,FALSE,FALSE,01-25-2016 12:59:32.660,,,01-25-2016 12:59:32.660,System.Byte[],Waived current late fee 1.
,888542,1495,197250,4460060,81652,2509502,93,88,787009,01-25-2016 16:23:38.880,15,FALSE,FALSE,01-25-2016 16:23:38.080,,,01-25-2016 16:23:38.080,System.Byte[],Waived current late fee 1.
,888543,1495,197250,4460060,81652,2509502,93,88,787009,01-25-2016 16:23:38.880,-15,FALSE,FALSE,01-25-2016 16:23:38.080,,,01-25-2016 16:23:38.080,System.Byte[],Waived current late fee 1.
,888544,1495,197250,4460088,1741,2509514,93,88,787011,01-25-2016 16:36:44.607,15,FALSE,FALSE,01-25-2016 16:36:43.933,,,01-25-2016 16:36:43.933,System.Byte[],Waived current late fee 1.
,888545,1495,197250,4460088,1741,2509514,93,88,787011,01-25-2016 16:36:44.607,-15,FALSE,FALSE,01-25-2016 16:36:43.933,,,01-25-2016 16:36:43.933,System.Byte[],Waived current late fee 1.
,889678,1495,197564,4468672,165448,2513433,2082,88,787955,01-26-2016 16:16:03.840,15,FALSE,FALSE,01-26-2016 16:16:41.180,,,01-26-2016 16:16:41.180,System.Byte[],Waived current late fee 1.
,889679,1495,197564,4468672,165448,2513433,2082,88,787955,01-26-2016 16:16:03.840,-15,FALSE,FALSE,01-26-2016 16:16:41.183,,,01-26-2016 16:16:41.183,System.Byte[],Waived current late fee 1.
,889772,1495,197648,4469376,156627,2513786,1212,88,788008,01-27-2016 11:08:43.167,15,FALSE,FALSE,01-27-2016 11:08:42.717,,,01-27-2016 11:08:42.717,System.Byte[],Waived current late fee 1.
,889773,1495,197648,4469376,156627,2513786,1212,88,788008,01-27-2016 11:08:43.167,-15,FALSE,FALSE,01-27-2016 11:08:42.717,,,01-27-2016 11:08:42.717,System.Byte[],Waived current late fee 1.
,890026,1495,197741,4470651,81776,2514428,93,88,788112,01-28-2016 11:53:46.230,15,FALSE,FALSE,01-28-2016 11:53:47.577,,,01-28-2016 11:53:47.577,System.Byte[],Waived current late fee 1.
,890027,1495,197741,4470651,81776,2514428,93,88,788112,01-28-2016 11:53:46.230,-15,FALSE,FALSE,01-28-2016 11:53:47.580,,,01-28-2016 11:53:47.580,System.Byte[],Waived current late fee 1.
,891464,1495,198019,4480792,163618,2520397,93,88,788736,02-01-2016 13:50:15.653,15,FALSE,FALSE,02-01-2016 13:50:45.347,,,02-01-2016 13:50:45.347,System.Byte[],Waived current late fee 1.
,891465,1495,198019,4480792,163618,2520397,93,88,788736,02-01-2016 13:50:15.653,-15,FALSE,FALSE,02-01-2016 13:50:45.347,,,02-01-2016 13:50:45.347,System.Byte[],Waived current late fee 1.
,891860,1495,198193,4486250,183991,2523737,2082,88,788945,02-02-2016 11:29:06.243,15,FALSE,FALSE,02-02-2016 11:29:05.230,,,02-02-2016 11:29:05.230,System.Byte[],Waived current late fee 1.
,891861,1495,198193,4486250,183991,2523737,2082,88,788945,02-02-2016 11:29:06.243,-15,FALSE,FALSE,02-02-2016 11:29:05.230,,,02-02-2016 11:29:05.230,System.Byte[],Waived current late fee 1.
,894336,1495,199124,4510242,184224,2537350,93,88,791400,02-11-2016 14:30:51.727,15,FALSE,FALSE,02-11-2016 14:30:55.630,,,02-11-2016 14:30:55.630,System.Byte[],Waived current late fee 1.
,894337,1495,199124,4510242,184224,2537350,93,88,791400,02-11-2016 14:30:51.727,-15,FALSE,FALSE,02-11-2016 14:30:55.630,,,02-11-2016 14:30:55.630,System.Byte[],Waived current late fee 1.
,895798,1495,199584,4516299,157654,2540065,93,88,791958,02-16-2016 10:51:24.060,15,FALSE,FALSE,02-16-2016 10:51:26.520,,,02-16-2016 10:51:26.520,System.Byte[],Waived current late fee 1.
,895799,1495,199584,4516299,157654,2540065,93,88,791958,02-16-2016 10:51:24.060,-15,FALSE,FALSE,02-16-2016 10:51:26.520,,,02-16-2016 10:51:26.520,System.Byte[],Waived current late fee 1.
,896238,1495,199775,4519441,184506,2541500,93,88,792287,02-18-2016 15:10:59.160,15,FALSE,FALSE,02-18-2016 15:11:00.053,,,02-18-2016 15:11:00.053,System.Byte[],Waived current late fee 1.
,896239,1495,199775,4519441,184506,2541500,93,88,792287,02-18-2016 15:10:59.160,-15,FALSE,FALSE,02-18-2016 15:11:00.053,,,02-18-2016 15:11:00.053,System.Byte[],Waived current late fee 1.
,896848,1495,199874,4520689,129211,2541984,93,88,792391,02-19-2016 12:49:11.763,15,FALSE,FALSE,02-19-2016 12:49:12.477,,,02-19-2016 12:49:12.477,System.Byte[],Waived current late fee 1.
,896849,1495,199874,4520689,129211,2541984,93,88,792391,02-19-2016 12:49:11.763,-15,FALSE,FALSE,02-19-2016 12:49:12.477,,,02-19-2016 12:49:12.477,System.Byte[],Waived current late fee 1.
,897880,1495,200066,4523996,1570,2543380,93,88,792705,02-22-2016 11:01:38.260,15,FALSE,FALSE,02-22-2016 11:01:42.090,,,02-22-2016 11:01:42.090,System.Byte[],Waived current late fee 1.
,897881,1495,200066,4523996,1570,2543380,93,88,792705,02-22-2016 11:01:38.260,-15,FALSE,FALSE,02-22-2016 11:01:42.093,,,02-22-2016 11:01:42.093,System.Byte[],Waived current late fee 1.
,897882,1495,200066,4523997,1570,2543380,93,88,792706,02-22-2016 11:01:38.260,15,FALSE,FALSE,02-22-2016 11:01:42.093,,,02-22-2016 11:01:42.093,System.Byte[],Waived current late fee 2.
,897883,1495,200066,4523997,1570,2543380,93,88,792706,02-22-2016 11:01:38.260,-15,FALSE,FALSE,02-22-2016 11:01:42.097,,,02-22-2016 11:01:42.097,System.Byte[],Waived current late fee 2.
,899499,1495,200698,4533652,50682,2548257,93,88,793731,02-29-2016 11:40:09.987,15,FALSE,FALSE,02-29-2016 11:40:07.400,,,02-29-2016 11:40:07.400,System.Byte[],Waived current late fee 1.
,899500,1495,200698,4533652,50682,2548257,93,88,793731,02-29-2016 11:40:09.987,-15,FALSE,FALSE,02-29-2016 11:40:07.403,,,02-29-2016 11:40:07.403,System.Byte[],Waived current late fee 1.
,901461,1495,201084,4549578,133130,2558063,93,88,794591,03-03-2016 9:25:45.423,15,FALSE,FALSE,03-03-2016 9:25:58.750,,,03-03-2016 9:25:58.750,System.Byte[],Waived current late fee 1.
,901462,1495,201084,4549578,133130,2558063,93,88,794591,03-03-2016 9:25:45.423,-15,FALSE,FALSE,03-03-2016 9:25:58.750,,,03-03-2016 9:25:58.750,System.Byte[],Waived current late fee 1.
,902804,1495,201413,4560525,184217,2564471,93,88,795321,03-07-2016 14:27:01.450,15,FALSE,FALSE,03-07-2016 14:27:12.970,,,03-07-2016 14:27:12.970,System.Byte[],Waived current late fee 1.
,902805,1495,201413,4560525,184217,2564471,93,88,795321,03-07-2016 14:27:01.450,-15,FALSE,FALSE,03-07-2016 14:27:12.970,,,03-07-2016 14:27:12.970,System.Byte[],Waived current late fee 1.
,902806,1495,201413,4560526,184218,2564471,93,88,795322,03-07-2016 14:27:01.450,15,FALSE,FALSE,03-07-2016 14:27:12.970,,,03-07-2016 14:27:12.970,System.Byte[],Waived current late fee 1.
,902807,1495,201413,4560526,184218,2564471,93,88,795322,03-07-2016 14:27:01.450,-15,FALSE,FALSE,03-07-2016 14:27:12.973,,,03-07-2016 14:27:12.973,System.Byte[],Waived current late fee 1.
,905336,1495,202134,4574071,157759,2571304,93,88,796471,03-14-2016 14:55:32.683,15,FALSE,FALSE,03-14-2016 14:55:31.850,,,03-14-2016 14:55:31.850,System.Byte[],Waived current late fee 1.
,905337,1495,202134,4574071,157759,2571304,93,88,796471,03-14-2016 14:55:32.683,-15,FALSE,FALSE,03-14-2016 14:55:31.850,,,03-14-2016 14:55:31.850,System.Byte[],Waived current late fee 1.
,905722,1495,202294,4575455,1629,2571939,2082,88,796673,03-15-2016 13:33:32.967,15,FALSE,FALSE,03-15-2016 13:33:29.557,,,03-15-2016 13:33:29.557,System.Byte[],Waived current late fee 1.
,905723,1495,202294,4575455,1629,2571939,2082,88,796673,03-15-2016 13:33:32.967,-15,FALSE,FALSE,03-15-2016 13:33:29.557,,,03-15-2016 13:33:29.557,System.Byte[],Waived current late fee 1.
,905724,1495,202294,4575456,1773,2571939,2082,88,796674,03-15-2016 13:33:32.967,15,FALSE,FALSE,03-15-2016 13:33:29.557,,,03-15-2016 13:33:29.557,System.Byte[],Waived current late fee 1.
,905725,1495,202294,4575456,1773,2571939,2082,88,796674,03-15-2016 13:33:32.967,-15,FALSE,FALSE,03-15-2016 13:33:29.557,,,03-15-2016 13:33:29.557,System.Byte[],Waived current late fee 1.
,905726,1495,202294,4575457,1629,2571939,2082,88,796675,03-15-2016 13:33:32.967,15,FALSE,FALSE,03-15-2016 13:33:29.560,,,03-15-2016 13:33:29.560,System.Byte[],Waived current late fee 2.
,905727,1495,202294,4575457,1629,2571939,2082,88,796675,03-15-2016 13:33:32.967,-15,FALSE,FALSE,03-15-2016 13:33:29.560,,,03-15-2016 13:33:29.560,System.Byte[],Waived current late fee 2.
,905728,1495,202294,4575458,1773,2571939,2082,88,796676,03-15-2016 13:33:32.967,15,FALSE,FALSE,03-15-2016 13:33:29.560,,,03-15-2016 13:33:29.560,System.Byte[],Waived current late fee 2.
,905729,1495,202294,4575458,1773,2571939,2082,88,796676,03-15-2016 13:33:32.967,-15,FALSE,FALSE,03-15-2016 13:33:29.560,,,03-15-2016 13:33:29.560,System.Byte[],Waived current late fee 2.
,907101,1495,203163,4586879,177023,2578548,2082,88,798505,03-18-2016 9:37:16.357,15,FALSE,FALSE,03-18-2016 9:37:11.580,,,03-18-2016 9:37:11.580,System.Byte[],Waived current late fee 1.
,907102,1495,203163,4586879,177023,2578548,2082,88,798505,03-18-2016 9:37:16.357,-15,FALSE,FALSE,03-18-2016 9:37:11.583,,,03-18-2016 9:37:11.583,System.Byte[],Waived current late fee 1.
,907898,1495,203510,4591707,107113,2581052,2082,88,799329,03-22-2016 12:33:13.707,15,FALSE,FALSE,03-22-2016 12:33:08.520,,,03-22-2016 12:33:08.520,System.Byte[],Waived current late fee 1.
,907899,1495,203510,4591707,107113,2581052,2082,88,799329,03-22-2016 12:33:13.707,-15,FALSE,FALSE,03-22-2016 12:33:08.523,,,03-22-2016 12:33:08.523,System.Byte[],Waived current late fee 1.
,907940,1495,203510,4591797,146366,2581108,93,88,799344,03-22-2016 13:11:15.883,15,FALSE,FALSE,03-22-2016 13:11:12.157,,,03-22-2016 13:11:12.157,System.Byte[],Waived current late fee 1.
,907941,1495,203510,4591797,146366,2581108,93,88,799344,03-22-2016 13:11:15.883,-15,FALSE,FALSE,03-22-2016 13:11:12.157,,,03-22-2016 13:11:12.157,System.Byte[],Waived current late fee 1.
,909336,1495,204124,4599650,50682,2585113,2082,88,800165,03-29-2016 12:25:06.583,15,FALSE,FALSE,03-29-2016 12:25:00.803,,,03-29-2016 12:25:00.803,System.Byte[],Waived current late fee 1.
,909337,1495,204124,4599650,50682,2585113,2082,88,800165,03-29-2016 12:25:06.583,-15,FALSE,FALSE,03-29-2016 12:25:00.803,,,03-29-2016 12:25:00.803,System.Byte[],Waived current late fee 1.
,909776,1495,204223,4601713,55423,2586122,1212,88,800426,03-30-2016 14:59:33.810,15,FALSE,FALSE,03-30-2016 14:59:47.093,,,03-30-2016 14:59:47.093,System.Byte[],Waived current late fee 1.
,909777,1495,204223,4601713,55423,2586122,1212,88,800426,03-30-2016 14:59:33.810,-15,FALSE,FALSE,03-30-2016 14:59:47.093,,,03-30-2016 14:59:47.093,System.Byte[],Waived current late fee 1.
,910244,1495,204426,4604064,159929,2587420,2082,88,800685,03-31-2016 17:00:40.447,15,FALSE,FALSE,03-31-2016 17:00:33.297,,,03-31-2016 17:00:33.297,System.Byte[],Waived current late fee 1.
,910245,1495,204426,4604064,159929,2587420,2082,88,800685,03-31-2016 17:00:40.447,-15,FALSE,FALSE,03-31-2016 17:00:33.300,,,03-31-2016 17:00:33.300,System.Byte[],Waived current late fee 1.
,910246,1495,204426,4604065,158736,2587420,2082,88,800686,03-31-2016 17:00:40.447,15,FALSE,FALSE,03-31-2016 17:00:33.300,,,03-31-2016 17:00:33.300,System.Byte[],Waived current late fee 1.
,910247,1495,204426,4604065,158736,2587420,2082,88,800686,03-31-2016 17:00:40.447,-15,FALSE,FALSE,03-31-2016 17:00:33.300,,,03-31-2016 17:00:33.300,System.Byte[],Waived current late fee 1.
,910864,1495,204540,4615290,206729,2594668,1179,88,801060,04-02-2016 9:07:02.410,15,FALSE,FALSE,04-02-2016 9:06:54.797,,,04-02-2016 9:06:54.797,System.Byte[],Waived current late fee 1.
,910865,1495,204540,4615290,206729,2594668,1179,88,801060,04-02-2016 9:07:02.410,-15,FALSE,FALSE,04-02-2016 9:06:54.800,,,04-02-2016 9:06:54.800,System.Byte[],Waived current late fee 1.
,911315,1495,204659,4620264,133130,2597731,93,88,801321,04-04-2016 11:34:42.210,15,FALSE,FALSE,04-04-2016 11:34:34.353,,,04-04-2016 11:34:34.353,System.Byte[],Waived current late fee 2.
,911316,1495,204659,4620264,133130,2597731,93,88,801321,04-04-2016 11:34:42.210,-15,FALSE,FALSE,04-04-2016 11:34:34.353,,,04-04-2016 11:34:34.353,System.Byte[],Waived current late fee 2.
,911371,1495,204659,4621625,94395,2598531,93,88,801402,04-04-2016 14:59:16.010,15,FALSE,FALSE,04-04-2016 14:59:08.567,,,04-04-2016 14:59:08.567,System.Byte[],Waived current late fee 1.
,911372,1495,204659,4621625,94395,2598531,93,88,801402,04-04-2016 14:59:16.010,-15,FALSE,FALSE,04-04-2016 14:59:08.570,,,04-04-2016 14:59:08.570,System.Byte[],Waived current late fee 1.
,913267,1495,205196,4631559,84383,2604080,93,88,802042,04-08-2016 9:40:33.993,15,FALSE,FALSE,04-08-2016 9:40:25.547,,,04-08-2016 9:40:25.547,System.Byte[],Waived current late fee 1.
,913268,1495,205196,4631559,84383,2604080,93,88,802042,04-08-2016 9:40:33.993,-15,FALSE,FALSE,04-08-2016 9:40:25.547,,,04-08-2016 9:40:25.547,System.Byte[],Waived current late fee 1.
,914135,1495,205407,4638437,184506,2607710,1179,88,802615,04-11-2016 13:49:18.827,15,FALSE,FALSE,04-11-2016 13:49:09.650,,,04-11-2016 13:49:09.650,System.Byte[],Waived current late fee 1.
,914136,1495,205407,4638437,184506,2607710,1179,88,802615,04-11-2016 13:49:18.827,-15,FALSE,FALSE,04-11-2016 13:49:09.650,,,04-11-2016 13:49:09.650,System.Byte[],Waived current late fee 1.
,914756,1495,205601,4640832,157654,2608761,1212,88,802961,04-12-2016 14:37:33.047,15,FALSE,FALSE,04-12-2016 14:37:25.643,,,04-12-2016 14:37:25.643,System.Byte[],Waived current late fee 1.
,914757,1495,205601,4640832,157654,2608761,1212,88,802961,04-12-2016 14:37:33.047,-15,FALSE,FALSE,04-12-2016 14:37:25.643,,,04-12-2016 14:37:25.643,System.Byte[],Waived current late fee 1.
,915533,1495,205801,4643445,149761,2609875,1212,88,803214,04-14-2016 9:23:50.777,15,FALSE,FALSE,04-14-2016 9:23:52.950,,,04-14-2016 9:23:52.950,System.Byte[],Waived current late fee 1.
,915534,1495,205801,4643445,149761,2609875,1212,88,803214,04-14-2016 9:23:50.777,-15,FALSE,FALSE,04-14-2016 9:23:52.950,,,04-14-2016 9:23:52.950,System.Byte[],Waived current late fee 1.
,916612,1495,206088,4648644,129211,2612275,1212,88,803685,04-18-2016 11:34:16.483,15,FALSE,FALSE,04-18-2016 11:34:18.957,,,04-18-2016 11:34:18.957,System.Byte[],Waived current late fee 1.
,916613,1495,206088,4648644,129211,2612275,1212,88,803685,04-18-2016 11:34:16.483,-15,FALSE,FALSE,04-18-2016 11:34:18.957,,,04-18-2016 11:34:18.957,System.Byte[],Waived current late fee 1.
,916702,1495,206088,4649380,147446,2612651,1179,88,803759,04-18-2016 16:10:35.630,15,FALSE,FALSE,04-18-2016 16:10:36.847,,,04-18-2016 16:10:36.847,System.Byte[],Waived current late fee 1.
,916703,1495,206088,4649380,147446,2612651,1179,88,803759,04-18-2016 16:10:35.630,-15,FALSE,FALSE,04-18-2016 16:10:36.850,,,04-18-2016 16:10:36.850,System.Byte[],Waived current late fee 1.
,917248,1495,206239,4650602,1698,2613140,1212,88,803861,04-19-2016 14:06:36.250,15,FALSE,FALSE,04-19-2016 14:06:38.567,,,04-19-2016 14:06:38.567,System.Byte[],Waived current late fee 1.
,917249,1495,206239,4650602,1698,2613140,1212,88,803861,04-19-2016 14:06:36.250,-15,FALSE,FALSE,04-19-2016 14:06:38.567,,,04-19-2016 14:06:38.567,System.Byte[],Waived current late fee 1.
,917250,1495,206239,4650603,159194,2613140,1212,88,803862,04-19-2016 14:06:36.250,15,FALSE,FALSE,04-19-2016 14:06:38.567,,,04-19-2016 14:06:38.567,System.Byte[],Waived current late fee 1.
,917251,1495,206239,4650603,159194,2613140,1212,88,803862,04-19-2016 14:06:36.250,-15,FALSE,FALSE,04-19-2016 14:06:38.567,,,04-19-2016 14:06:38.567,System.Byte[],Waived current late fee 1.
,918092,1495,206517,4653974,156126,2614652,93,88,804157,04-22-2016 10:33:23.500,15,FALSE,FALSE,04-22-2016 10:33:24.713,,,04-22-2016 10:33:24.713,System.Byte[],Waived current late fee 1.
,918093,1495,206517,4653974,156126,2614652,93,88,804157,04-22-2016 10:33:23.500,-15,FALSE,FALSE,04-22-2016 10:33:24.717,,,04-22-2016 10:33:24.717,System.Byte[],Waived current late fee 1.
,928197,1495,208815,4692486,155998,2636528,93,88,811529,04-25-2016 9:27:20.677,15,FALSE,FALSE,04-25-2016 9:27:21.390,,,04-25-2016 9:27:21.390,System.Byte[],Waived current late fee 1.
,928198,1495,208815,4692486,155998,2636528,93,88,811529,04-25-2016 9:27:20.677,-15,FALSE,FALSE,04-25-2016 9:27:21.390,,,04-25-2016 9:27:21.390,System.Byte[],Waived current late fee 1.
,928595,1495,209063,4695216,156627,2637951,1212,88,811842,04-27-2016 9:56:16.477,15,FALSE,FALSE,04-27-2016 9:56:16.873,,,04-27-2016 9:56:16.873,System.Byte[],Waived current late fee 1.
,928596,1495,209063,4695216,156627,2637951,1212,88,811842,04-27-2016 9:56:16.477,-15,FALSE,FALSE,04-27-2016 9:56:16.873,,,04-27-2016 9:56:16.873,System.Byte[],Waived current late fee 1.
,928828,1495,209159,4697447,185092,2639172,93,88,812078,04-28-2016 16:47:18.483,15,FALSE,FALSE,04-28-2016 16:47:20.867,,,04-28-2016 16:47:20.867,System.Byte[],Waived current late fee 2.
,928829,1495,209159,4697447,185092,2639172,93,88,812078,04-28-2016 16:47:18.483,-15,FALSE,FALSE,04-28-2016 16:47:20.867,,,04-28-2016 16:47:20.867,System.Byte[],Waived current late fee 2.
,929926,1495,209457,4707085,179528,2644960,93,88,812737,05-02-2016 9:44:14.250,15,FALSE,FALSE,05-02-2016 9:44:14.000,,,05-02-2016 9:44:14.000,System.Byte[],Waived current late fee 1.
,929927,1495,209457,4707085,179528,2644960,93,88,812737,05-02-2016 9:44:14.250,-15,FALSE,FALSE,05-02-2016 9:44:14.000,,,05-02-2016 9:44:14.000,System.Byte[],Waived current late fee 1.
,931832,1495,209889,4722992,132070,2654766,93,88,814288,05-05-2016 9:39:47.810,15,FALSE,FALSE,05-05-2016 9:39:49.803,,,05-05-2016 9:39:49.803,System.Byte[],Waived current late fee 1.
,931833,1495,209889,4722992,132070,2654766,93,88,814288,05-05-2016 9:39:47.810,-15,FALSE,FALSE,05-05-2016 9:39:49.803,,,05-05-2016 9:39:49.803,System.Byte[],Waived current late fee 1.
,933496,1495,210218,4731808,210601,2659625,93,88,814979,05-09-2016 11:32:28.553,15,FALSE,FALSE,05-09-2016 11:32:27.070,,,05-09-2016 11:32:27.070,System.Byte[],Waived current late fee 1.
,933497,1495,210218,4731808,210601,2659625,93,88,814979,05-09-2016 11:32:28.553,-15,FALSE,FALSE,05-09-2016 11:32:27.070,,,05-09-2016 11:32:27.070,System.Byte[],Waived current late fee 1.
,933646,1495,210218,4732856,204446,2660201,93,88,815090,05-09-2016 15:45:22.513,15,FALSE,FALSE,05-09-2016 15:45:21.833,,,05-09-2016 15:45:21.833,System.Byte[],Waived current late fee 1.
,933647,1495,210218,4732856,204446,2660201,93,88,815090,05-09-2016 15:45:22.513,-15,FALSE,FALSE,05-09-2016 15:45:21.837,,,05-09-2016 15:45:21.837,System.Byte[],Waived current late fee 1.
,934837,1495,210614,4739533,210114,2663592,93,88,815614,05-12-2016 9:47:25.387,15,FALSE,FALSE,05-12-2016 9:47:28.343,,,05-12-2016 9:47:28.343,System.Byte[],Waived current late fee 1.
,934838,1495,210614,4739533,210114,2663592,93,88,815614,05-12-2016 9:47:25.387,-15,FALSE,FALSE,05-12-2016 9:47:28.347,,,05-12-2016 9:47:28.347,System.Byte[],Waived current late fee 1.
,934839,1495,210614,4739534,210114,2663592,93,88,815615,05-12-2016 9:47:25.387,15,FALSE,FALSE,05-12-2016 9:47:28.347,,,05-12-2016 9:47:28.347,System.Byte[],Waived current late fee 2.
,934840,1495,210614,4739534,210114,2663592,93,88,815615,05-12-2016 9:47:25.387,-15,FALSE,FALSE,05-12-2016 9:47:28.347,,,05-12-2016 9:47:28.347,System.Byte[],Waived current late fee 2.
,936002,1495,210815,4744043,207492,2665693,1179,88,816541,05-14-2016 10:17:58.873,15,FALSE,FALSE,05-14-2016 10:18:00.840,,,05-14-2016 10:18:00.840,System.Byte[],Waived current late fee 1.
,936003,1495,210815,4744043,207492,2665693,1179,88,816541,05-14-2016 10:17:58.873,-15,FALSE,FALSE,05-14-2016 10:18:00.840,,,05-14-2016 10:18:00.840,System.Byte[],Waived current late fee 1.
,936347,1495,210904,4745742,157759,2666498,2082,88,816766,05-16-2016 8:55:57.643,15,FALSE,FALSE,05-16-2016 8:56:00.443,,,05-16-2016 8:56:00.443,System.Byte[],Waived current late fee 1.
,936348,1495,210904,4745742,157759,2666498,2082,88,816766,05-16-2016 8:55:57.643,-15,FALSE,FALSE,05-16-2016 8:56:00.443,,,05-16-2016 8:56:00.443,System.Byte[],Waived current late fee 1.
,937677,1495,211336,4751509,155998,2669250,93,88,817355,05-20-2016 9:47:36.250,15,FALSE,FALSE,05-20-2016 9:48:08.383,,,05-20-2016 9:48:08.383,System.Byte[],Waived current late fee 1.
,937678,1495,211336,4751509,155998,2669250,93,88,817355,05-20-2016 9:47:36.250,-15,FALSE,FALSE,05-20-2016 9:48:08.383,,,05-20-2016 9:48:08.383,System.Byte[],Waived current late fee 1.
,937679,1495,211336,4751514,156126,2669252,93,88,817356,05-20-2016 9:50:20.283,15,FALSE,FALSE,05-20-2016 9:50:36.383,,,05-20-2016 9:50:36.383,System.Byte[],Waived current late fee 1.
,937680,1495,211336,4751514,156126,2669252,93,88,817356,05-20-2016 9:50:20.283,-15,FALSE,FALSE,05-20-2016 9:50:36.383,,,05-20-2016 9:50:36.383,System.Byte[],Waived current late fee 1.
,938443,1495,211670,4756208,146366,2671561,2082,88,817834,05-24-2016 8:38:05.843,15,FALSE,FALSE,05-24-2016 8:38:06.997,,,05-24-2016 8:38:06.997,System.Byte[],Waived current late fee 1.
,938444,1495,211670,4756208,146366,2671561,2082,88,817834,05-24-2016 8:38:05.843,-15,FALSE,FALSE,05-24-2016 8:38:07.000,,,05-24-2016 8:38:07.000,System.Byte[],Waived current late fee 1.
,941272,1495,212386,4776901,85142,2683309,1212,88,820952,06-01-2016 16:12:47.030,15,FALSE,FALSE,06-01-2016 16:12:48.647,,,06-01-2016 16:12:48.647,System.Byte[],Waived current late fee 2.
,941273,1495,212386,4776901,85142,2683309,1212,88,820952,06-01-2016 16:12:47.030,-15,FALSE,FALSE,06-01-2016 16:12:48.647,,,06-01-2016 16:12:48.647,System.Byte[],Waived current late fee 2.
,943330,1495,213046,4797653,206927,2695782,2082,88,822449,06-07-2016 16:12:44.747,15,FALSE,FALSE,06-07-2016 16:12:45.847,,,06-07-2016 16:12:45.847,System.Byte[],Waived current late fee 1.
,943331,1495,213046,4797653,206927,2695782,2082,88,822449,06-07-2016 16:12:44.747,-15,FALSE,FALSE,06-07-2016 16:12:45.847,,,06-07-2016 16:12:45.847,System.Byte[],Waived current late fee 1.
,944511,1495,213276,4802389,1786,2698153,93,88,822807,06-09-2016 14:50:15.217,15,FALSE,FALSE,06-09-2016 14:50:21.170,,,06-09-2016 14:50:21.170,System.Byte[],Waived current late fee 1.
,944512,1495,213276,4802389,1786,2698153,93,88,822807,06-09-2016 14:50:15.217,-15,FALSE,FALSE,06-09-2016 14:50:21.170,,,06-09-2016 14:50:21.170,System.Byte[],Waived current late fee 1.
,944517,1495,213276,4802479,214147,2698199,93,88,822814,06-09-2016 15:10:42.860,15,FALSE,FALSE,06-09-2016 15:10:47.037,,,06-09-2016 15:10:47.037,System.Byte[],Waived current late fee 1.
,944518,1495,213276,4802479,214147,2698199,93,88,822814,06-09-2016 15:10:42.860,-15,FALSE,FALSE,06-09-2016 15:10:47.037,,,06-09-2016 15:10:47.037,System.Byte[],Waived current late fee 1.
,948065,1495,214260,4820087,47056,2706762,93,88,824613,06-20-2016 10:48:14.423,15,FALSE,FALSE,06-20-2016 10:48:17.913,,,06-20-2016 10:48:17.913,System.Byte[],Waived current late fee 1.
,948066,1495,214260,4820087,47056,2706762,93,88,824613,06-20-2016 10:48:14.423,-15,FALSE,FALSE,06-20-2016 10:48:17.913,,,06-20-2016 10:48:17.913,System.Byte[],Waived current late fee 1.
,949923,1495,214872,4829731,214381,2711457,93,88,825693,06-27-2016 12:30:54.977,15,FALSE,FALSE,06-27-2016 12:30:46.473,,,06-27-2016 12:30:46.473,System.Byte[],Waived current late fee 2.
,949924,1495,214872,4829731,214381,2711457,93,88,825693,06-27-2016 12:30:54.977,-15,FALSE,FALSE,06-27-2016 12:30:46.473,,,06-27-2016 12:30:46.473,System.Byte[],Waived current late fee 2.
,950095,1495,215020,4831064,1589,2712232,2082,88,825863,06-28-2016 10:31:48.290,15,FALSE,FALSE,06-28-2016 10:31:55.887,,,06-28-2016 10:31:55.887,System.Byte[],Waived current late fee 1.
,950096,1495,215020,4831064,1589,2712232,2082,88,825863,06-28-2016 10:31:48.290,-15,FALSE,FALSE,06-28-2016 10:31:55.887,,,06-28-2016 10:31:55.887,System.Byte[],Waived current late fee 1.
,950097,1495,215020,4831065,1827,2712232,2082,88,825864,06-28-2016 10:31:48.290,15,FALSE,FALSE,06-28-2016 10:31:55.887,,,06-28-2016 10:31:55.887,System.Byte[],Waived current late fee 1.
,950098,1495,215020,4831065,1827,2712232,2082,88,825864,06-28-2016 10:31:48.290,-15,FALSE,FALSE,06-28-2016 10:31:55.890,,,06-28-2016 10:31:55.890,System.Byte[],Waived current late fee 1.
,950099,1495,215020,4831066,154199,2712232,2082,88,825865,06-28-2016 10:31:48.290,15,FALSE,FALSE,06-28-2016 10:31:55.890,,,06-28-2016 10:31:55.890,System.Byte[],Waived current late fee 1.
,950100,1495,215020,4831066,154199,2712232,2082,88,825865,06-28-2016 10:31:48.290,-15,FALSE,FALSE,06-28-2016 10:31:55.890,,,06-28-2016 10:31:55.890,System.Byte[],Waived current late fee 1.
,953314,1495,215412,4850145,85142,2723320,1179,88,826941,07-02-2016 9:07:37.287,15,FALSE,FALSE,07-02-2016 9:07:39.610,,,07-02-2016 9:07:39.610,System.Byte[],Waived current late fee 2.
,953315,1495,215412,4850145,85142,2723320,1179,88,826941,07-02-2016 9:07:37.287,-15,FALSE,FALSE,07-02-2016 9:07:39.610,,,07-02-2016 9:07:39.610,System.Byte[],Waived current late fee 2.
,953376,1495,215412,4851203,1509,2724050,1179,88,827019,07-02-2016 12:13:32.407,15,FALSE,FALSE,07-02-2016 12:13:34.267,,,07-02-2016 12:13:34.267,System.Byte[],Waived current late fee 2.
,953377,1495,215412,4851203,1509,2724050,1179,88,827019,07-02-2016 12:13:32.407,-15,FALSE,FALSE,07-02-2016 12:13:34.267,,,07-02-2016 12:13:34.267,System.Byte[],Waived current late fee 2.
,954594,1495,215523,4857784,218260,2727911,2082,88,827406,07-05-2016 13:28:04.150,15,FALSE,FALSE,07-05-2016 13:28:11.463,,,07-05-2016 13:28:11.463,System.Byte[],Waived current late fee 1.
,954595,1495,215523,4857784,218260,2727911,2082,88,827406,07-05-2016 13:28:04.150,-15,FALSE,FALSE,07-05-2016 13:28:11.463,,,07-05-2016 13:28:11.463,System.Byte[],Waived current late fee 1.
,954596,1495,215523,4857793,218261,2727916,2082,88,827409,07-05-2016 13:28:56.860,15,FALSE,FALSE,07-05-2016 13:29:05.703,,,07-05-2016 13:29:05.703,System.Byte[],Waived current late fee 1.
,954597,1495,215523,4857793,218261,2727916,2082,88,827409,07-05-2016 13:28:56.860,-15,FALSE,FALSE,07-05-2016 13:29:05.707,,,07-05-2016 13:29:05.707,System.Byte[],Waived current late fee 1.
,954608,1495,215523,4858086,52671,2728109,2082,88,827422,07-05-2016 14:07:32.513,15,FALSE,FALSE,07-05-2016 14:07:36.710,,,07-05-2016 14:07:36.710,System.Byte[],Waived current late fee 1.
,954609,1495,215523,4858086,52671,2728109,2082,88,827422,07-05-2016 14:07:32.513,-15,FALSE,FALSE,07-05-2016 14:07:36.710,,,07-05-2016 14:07:36.710,System.Byte[],Waived current late fee 1.
,957071,1495,216208,4873979,36864,2736936,93,88,828566,07-11-2016 10:16:22.277,15,FALSE,FALSE,07-11-2016 10:16:23.147,,,07-11-2016 10:16:23.147,System.Byte[],Waived current late fee 1.
,957072,1495,216208,4873979,36864,2736936,93,88,828566,07-11-2016 10:16:22.277,-15,FALSE,FALSE,07-11-2016 10:16:23.147,,,07-11-2016 10:16:23.147,System.Byte[],Waived current late fee 1.
,957433,1495,216208,4875416,217058,2737622,1179,88,828764,07-11-2016 15:32:46.373,15,FALSE,FALSE,07-11-2016 15:32:47.293,,,07-11-2016 15:32:47.293,System.Byte[],Waived current late fee 2.
,957434,1495,216208,4875416,217058,2737622,1179,88,828764,07-11-2016 15:32:46.373,-15,FALSE,FALSE,07-11-2016 15:32:47.293,,,07-11-2016 15:32:47.293,System.Byte[],Waived current late fee 2.
,963527,1495,218328,4934074,157759,2770190,93,88,833801,07-14-2016 15:49:29.950,15,FALSE,FALSE,07-14-2016 15:49:32.360,,,07-14-2016 15:49:32.360,System.Byte[],Waived current late fee 1.
,963528,1495,218328,4934074,157759,2770190,93,88,833801,07-14-2016 15:49:29.950,-15,FALSE,FALSE,07-14-2016 15:49:32.360,,,07-14-2016 15:49:32.360,System.Byte[],Waived current late fee 1.
,964363,1495,218519,4939459,205762,2772822,93,88,834262,07-18-2016 16:28:50.180,15,FALSE,FALSE,07-18-2016 16:28:52.070,,,07-18-2016 16:28:52.070,System.Byte[],Waived current late fee 1.
,964364,1495,218519,4939459,205762,2772822,93,88,834262,07-18-2016 16:28:50.180,-15,FALSE,FALSE,07-18-2016 16:28:52.070,,,07-18-2016 16:28:52.070,System.Byte[],Waived current late fee 1.
,966059,1495,219227,4947895,164745,2776949,93,88,835192,07-25-2016 16:23:25.863,15,FALSE,FALSE,07-25-2016 16:23:17.247,,,07-25-2016 16:23:17.247,System.Byte[],Waived current late fee 2.
,966060,1495,219227,4947895,164745,2776949,93,88,835192,07-25-2016 16:23:25.863,-15,FALSE,FALSE,07-25-2016 16:23:17.247,,,07-25-2016 16:23:17.247,System.Byte[],Waived current late fee 2.
,968411,1495,219856,4965643,171265,2787320,93,88,836639,08-01-2016 15:54:10.437,15,FALSE,FALSE,08-01-2016 15:54:12.157,,,08-01-2016 15:54:12.157,System.Byte[],Waived current late fee 1.
,968412,1495,219856,4965643,171265,2787320,93,88,836639,08-01-2016 15:54:10.437,-15,FALSE,FALSE,08-01-2016 15:54:12.160,,,08-01-2016 15:54:12.160,System.Byte[],Waived current late fee 1.
,968413,1495,219856,4965646,171264,2787322,93,88,836640,08-01-2016 15:54:25.570,15,FALSE,FALSE,08-01-2016 15:54:27.300,,,08-01-2016 15:54:27.300,System.Byte[],Waived current late fee 1.
,968414,1495,219856,4965646,171264,2787322,93,88,836640,08-01-2016 15:54:25.570,-15,FALSE,FALSE,08-01-2016 15:54:27.303,,,08-01-2016 15:54:27.303,System.Byte[],Waived current late fee 1.
,968773,1495,220042,4970842,3478,2790574,93,88,836853,08-02-2016 10:06:25.033,15,FALSE,FALSE,08-02-2016 10:07:01.870,,,08-02-2016 10:07:01.870,System.Byte[],Waived current late fee 1.
,968774,1495,220042,4970842,3478,2790574,93,88,836853,08-02-2016 10:06:25.033,-15,FALSE,FALSE,08-02-2016 10:07:01.870,,,08-02-2016 10:07:01.870,System.Byte[],Waived current late fee 1.
,970145,1495,220389,4982312,129211,2797417,93,88,838120,08-05-2016 12:07:24.093,15,FALSE,FALSE,08-05-2016 12:07:44.707,,,08-05-2016 12:07:44.707,System.Byte[],Waived current late fee 2.
,970146,1495,220389,4982312,129211,2797417,93,88,838120,08-05-2016 12:07:24.093,-15,FALSE,FALSE,08-05-2016 12:07:44.707,,,08-05-2016 12:07:44.707,System.Byte[],Waived current late fee 2.
,970147,1495,220389,4982325,211838,2797425,93,88,838122,08-05-2016 12:09:12.263,15,FALSE,FALSE,08-05-2016 12:09:41.383,,,08-05-2016 12:09:41.383,System.Byte[],Waived current late fee 2.
,970148,1495,220389,4982325,211838,2797425,93,88,838122,08-05-2016 12:09:12.263,-15,FALSE,FALSE,08-05-2016 12:09:41.383,,,08-05-2016 12:09:41.383,System.Byte[],Waived current late fee 2.
,970891,1495,220606,4988793,49648,2801286,93,88,838581,08-08-2016 12:46:03.943,15,FALSE,FALSE,08-08-2016 12:46:05.490,,,08-08-2016 12:46:05.490,System.Byte[],Waived current late fee 1.
,970892,1495,220606,4988793,49648,2801286,93,88,838581,08-08-2016 12:46:03.943,-15,FALSE,FALSE,08-08-2016 12:46:05.490,,,08-08-2016 12:46:05.490,System.Byte[],Waived current late fee 1.
,971536,1495,220903,4993362,221530,2803821,1212,88,838939,08-10-2016 9:18:21.237,15,FALSE,FALSE,08-10-2016 9:18:33.013,,,08-10-2016 9:18:33.013,System.Byte[],Waived current late fee 2.
,971537,1495,220903,4993362,221530,2803821,1212,88,838939,08-10-2016 9:18:21.237,-15,FALSE,FALSE,08-10-2016 9:18:33.013,,,08-10-2016 9:18:33.013,System.Byte[],Waived current late fee 2.
,971538,1495,220903,4993363,222271,2803821,1212,88,838940,08-10-2016 9:18:21.237,15,FALSE,FALSE,08-10-2016 9:18:33.017,,,08-10-2016 9:18:33.017,System.Byte[],Waived current late fee 2.
,971539,1495,220903,4993363,222271,2803821,1212,88,838940,08-10-2016 9:18:21.237,-15,FALSE,FALSE,08-10-2016 9:18:33.017,,,08-10-2016 9:18:33.017,System.Byte[],Waived current late fee 2.
,971950,1495,221022,4996661,141863,2805600,93,88,839135,08-11-2016 10:33:43.823,15,FALSE,FALSE,08-11-2016 10:33:47.420,,,08-11-2016 10:33:47.420,System.Byte[],Waived current late fee 2.
,971951,1495,221022,4996661,141863,2805600,93,88,839135,08-11-2016 10:33:43.823,-15,FALSE,FALSE,08-11-2016 10:33:47.420,,,08-11-2016 10:33:47.420,System.Byte[],Waived current late fee 2.
,973379,1495,221251,5001795,1510,2807818,1179,88,839655,08-13-2016 11:34:11.993,15,FALSE,FALSE,08-13-2016 11:34:12.693,,,08-13-2016 11:34:12.693,System.Byte[],Waived current late fee 1.
,973380,1495,221251,5001795,1510,2807818,1179,88,839655,08-13-2016 11:34:11.993,-15,FALSE,FALSE,08-13-2016 11:34:12.693,,,08-13-2016 11:34:12.693,System.Byte[],Waived current late fee 1.
,974816,1495,221694,5008344,1507,2810960,93,88,840318,08-18-2016 10:35:39.513,15,FALSE,FALSE,08-18-2016 10:35:33.017,,,08-18-2016 10:35:33.017,System.Byte[],Waived current late fee 2.
,974817,1495,221694,5008344,1507,2810960,93,88,840318,08-18-2016 10:35:39.513,-15,FALSE,FALSE,08-18-2016 10:35:33.017,,,08-18-2016 10:35:33.017,System.Byte[],Waived current late fee 2.
,975056,1495,221784,5009759,81416,2811624,93,88,840490,08-19-2016 10:05:03.620,15,FALSE,FALSE,08-19-2016 10:04:56.217,,,08-19-2016 10:04:56.217,System.Byte[],Waived current late fee 1.
,975057,1495,221784,5009759,81416,2811624,93,88,840490,08-19-2016 10:05:03.620,-15,FALSE,FALSE,08-19-2016 10:04:56.217,,,08-19-2016 10:04:56.217,System.Byte[],Waived current late fee 1.
,975210,1495,221784,5010661,129211,2812039,93,88,840605,08-19-2016 15:39:10.263,15,FALSE,FALSE,08-19-2016 15:39:34.900,,,08-19-2016 15:39:34.900,System.Byte[],Waived current late fee 1.
,975211,1495,221784,5010661,129211,2812039,93,88,840605,08-19-2016 15:39:10.263,-15,FALSE,FALSE,08-19-2016 15:39:34.900,,,08-19-2016 15:39:34.900,System.Byte[],Waived current late fee 1.
,976551,1495,222324,5017752,1510,2815580,93,88,841484,08-25-2016 14:21:14.130,15,FALSE,FALSE,08-25-2016 14:21:09.337,,08-25-2016 16:54:39.657,08-25-2016 16:54:29.930,System.Byte[],Waived current late fee 2.
,976552,1495,222324,5017752,1510,2815580,93,88,841484,08-25-2016 14:21:14.130,-15,FALSE,FALSE,08-25-2016 14:21:09.337,,08-25-2016 16:54:39.657,08-25-2016 16:54:29.930,System.Byte[],Waived current late fee 2.
,976661,1495,222324,5018138,1510,2815762,93,88,841544,08-25-2016 16:55:30.840,15,FALSE,FALSE,08-25-2016 16:55:23.337,,,08-25-2016 16:55:23.337,System.Byte[],Waived current late fee 2.
,976662,1495,222324,5018138,1510,2815762,93,88,841544,08-25-2016 16:55:30.840,-15,FALSE,FALSE,08-25-2016 16:55:23.337,,,08-25-2016 16:55:23.337,System.Byte[],Waived current late fee 2.
,976811,1495,222423,5019113,220212,2816272,93,88,841634,08-26-2016 13:24:52.380,15,FALSE,FALSE,08-26-2016 13:25:17.300,,,08-26-2016 13:25:17.300,System.Byte[],Waived current late fee 2.
,976812,1495,222423,5019113,220212,2816272,93,88,841634,08-26-2016 13:24:52.380,-15,FALSE,FALSE,08-26-2016 13:25:17.300,,,08-26-2016 13:25:17.300,System.Byte[],Waived current late fee 2.
,980466,1495,223213,5046547,152543,2832805,93,88,843380,09-03-2016 12:18:06.053,15,FALSE,FALSE,09-03-2016 12:18:10.990,,,09-03-2016 12:18:10.990,System.Byte[],Waived current late fee 1.
,980467,1495,223213,5046547,152543,2832805,93,88,843380,09-03-2016 12:18:06.053,-15,FALSE,FALSE,09-03-2016 12:18:10.990,,,09-03-2016 12:18:10.990,System.Byte[],Waived current late fee 1.
,983965,1495,224083,5068278,227108,2844972,93,88,845511,09-12-2016 11:23:19.480,15,FALSE,FALSE,09-12-2016 11:23:20.657,,,09-12-2016 11:23:20.657,System.Byte[],Waived current late fee 1.
,983966,1495,224083,5068278,227108,2844972,93,88,845511,09-12-2016 11:23:19.480,-15,FALSE,FALSE,09-12-2016 11:23:20.657,,,09-12-2016 11:23:20.657,System.Byte[],Waived current late fee 1.
,985413,1495,224475,5075187,184146,2848247,93,88,846546,09-15-2016 15:02:07.210,15,FALSE,FALSE,09-15-2016 15:02:09.177,,,09-15-2016 15:02:09.177,System.Byte[],Waived current late fee 2.
,985414,1495,224475,5075187,184146,2848247,93,88,846546,09-15-2016 15:02:07.210,-15,FALSE,FALSE,09-15-2016 15:02:09.177,,,09-15-2016 15:02:09.177,System.Byte[],Waived current late fee 2.
,986315,1495,224574,5076943,228606,2848921,93,88,846693,09-16-2016 12:43:07.193,15,FALSE,FALSE,09-16-2016 12:43:10.187,,,09-16-2016 12:43:10.187,System.Byte[],Waived current late fee 1.
,986316,1495,224574,5076943,228606,2848921,93,88,846693,09-16-2016 12:43:07.193,-15,FALSE,FALSE,09-16-2016 12:43:10.187,,,09-16-2016 12:43:10.187,System.Byte[],Waived current late fee 1.
,987164,1495,224672,5078980,223181,2849742,93,88,846887,09-17-2016 12:43:12.707,15,FALSE,FALSE,09-17-2016 12:43:17.090,,,09-17-2016 12:43:17.090,System.Byte[],Waived current late fee 1.
,987165,1495,224672,5078980,223181,2849742,93,88,846887,09-17-2016 12:43:12.707,-15,FALSE,FALSE,09-17-2016 12:43:17.090,,,09-17-2016 12:43:17.090,System.Byte[],Waived current late fee 1.
,988468,1495,225002,5083741,1698,2852260,1212,88,847559,09-21-2016 12:52:50.180,15,FALSE,FALSE,09-21-2016 12:52:51.983,,,09-21-2016 12:52:51.983,System.Byte[],Waived current late fee 1.
,988469,1495,225002,5083741,1698,2852260,1212,88,847559,09-21-2016 12:52:50.180,-15,FALSE,FALSE,09-21-2016 12:52:51.983,,,09-21-2016 12:52:51.983,System.Byte[],Waived current late fee 1.
,988732,1495,225101,5085215,146366,2852998,93,88,847693,09-22-2016 14:14:14.273,15,FALSE,FALSE,09-22-2016 14:14:16.550,,,09-22-2016 14:14:16.550,System.Byte[],Waived current late fee 1.
,988733,1495,225101,5085215,146366,2852998,93,88,847693,09-22-2016 14:14:14.273,-15,FALSE,FALSE,09-22-2016 14:14:16.550,,,09-22-2016 14:14:16.550,System.Byte[],Waived current late fee 1.
,989869,1495,225390,5090080,1738,2855319,93,88,848244,09-26-2016 11:43:35.067,15,FALSE,FALSE,09-26-2016 11:43:38.030,,,09-26-2016 11:43:38.030,System.Byte[],Waived current late fee 1.
,989870,1495,225390,5090080,1738,2855319,93,88,848244,09-26-2016 11:43:35.067,-15,FALSE,FALSE,09-26-2016 11:43:38.033,,,09-26-2016 11:43:38.033,System.Byte[],Waived current late fee 1.
,989871,1495,225390,5090081,1738,2855319,93,88,848245,09-26-2016 11:43:35.067,15,FALSE,FALSE,09-26-2016 11:43:38.033,,,09-26-2016 11:43:38.033,System.Byte[],Waived current late fee 2.
,989872,1495,225390,5090081,1738,2855319,93,88,848245,09-26-2016 11:43:35.067,-15,FALSE,FALSE,09-26-2016 11:43:38.033,,,09-26-2016 11:43:38.033,System.Byte[],Waived current late fee 2.
,990965,1495,225836,5096974,211838,2859009,93,88,849050,09-30-2016 10:31:52.410,15,FALSE,FALSE,09-30-2016 10:32:07.830,,,09-30-2016 10:32:07.830,System.Byte[],Waived current late fee 1.
,990966,1495,225836,5096974,211838,2859009,93,88,849050,09-30-2016 10:31:52.410,-15,FALSE,FALSE,09-30-2016 10:32:07.830,,,09-30-2016 10:32:07.830,System.Byte[],Waived current late fee 1.
,993407,1495,226266,5120839,229946,2873923,2082,88,850472,10-04-2016 14:18:30.263,15,FALSE,FALSE,10-04-2016 14:19:03.143,,,10-04-2016 14:19:03.143,System.Byte[],Waived current late fee 1.
,993408,1495,226266,5120839,229946,2873923,2082,88,850472,10-04-2016 14:18:30.263,-15,FALSE,FALSE,10-04-2016 14:19:03.143,,,10-04-2016 14:19:03.143,System.Byte[],Waived current late fee 1.
,994945,1495,226741,5131604,152543,2880139,1179,88,851342,10-08-2016 9:57:34.497,15,FALSE,FALSE,10-08-2016 9:57:35.610,,,10-08-2016 9:57:35.610,System.Byte[],Waived current late fee 1.
,994946,1495,226741,5131604,152543,2880139,1179,88,851342,10-08-2016 9:57:34.497,-15,FALSE,FALSE,10-08-2016 9:57:35.613,,,10-08-2016 9:57:35.613,System.Byte[],Waived current late fee 1.
,997014,1495,227276,5142456,167323,2885679,93,88,852360,10-13-2016 10:57:55.693,15,FALSE,FALSE,10-13-2016 10:58:01.103,,,10-13-2016 10:58:01.103,System.Byte[],Waived current late fee 1.
,997015,1495,227276,5142456,167323,2885679,93,88,852360,10-13-2016 10:57:55.693,-15,FALSE,FALSE,10-13-2016 10:58:01.103,,,10-13-2016 10:58:01.103,System.Byte[],Waived current late fee 1.
,999064,1495,227829,5151432,1698,2889822,1212,88,853236,10-19-2016 13:23:24.307,15,FALSE,FALSE,10-19-2016 13:23:26.733,,,10-19-2016 13:23:26.733,System.Byte[],Waived current late fee 1.
,999065,1495,227829,5151432,1698,2889822,1212,88,853236,10-19-2016 13:23:24.307,-15,FALSE,FALSE,10-19-2016 13:23:26.733,,,10-19-2016 13:23:26.733,System.Byte[],Waived current late fee 1.
,999066,1495,227829,5151433,159194,2889822,1212,88,853237,10-19-2016 13:23:24.307,15,FALSE,FALSE,10-19-2016 13:23:26.733,,,10-19-2016 13:23:26.733,System.Byte[],Waived current late fee 1.
,999067,1495,227829,5151433,159194,2889822,1212,88,853237,10-19-2016 13:23:24.307,-15,FALSE,FALSE,10-19-2016 13:23:26.733,,,10-19-2016 13:23:26.733,System.Byte[],Waived current late fee 1.
,1000867,1495,228219,5157909,1777,2892857,93,88,853976,10-24-2016 11:45:31.483,15,FALSE,FALSE,10-24-2016 11:45:33.547,,,10-24-2016 11:45:33.547,System.Byte[],Waived current late fee 1.
,1000868,1495,228219,5157909,1777,2892857,93,88,853976,10-24-2016 11:45:31.483,-15,FALSE,FALSE,10-24-2016 11:45:33.547,,,10-24-2016 11:45:33.547,System.Byte[],Waived current late fee 1.
,1003383,1495,229141,5183501,230026,2908164,93,88,855606,11-02-2016 11:19:33.947,15,FALSE,FALSE,11-02-2016 11:19:56.913,,,11-02-2016 11:19:56.913,System.Byte[],Waived current late fee 1.
,1003384,1495,229141,5183501,230026,2908164,93,88,855606,11-02-2016 11:19:33.947,-15,FALSE,FALSE,11-02-2016 11:19:56.917,,,11-02-2016 11:19:56.917,System.Byte[],Waived current late fee 1.
,1004142,1495,229273,5189195,170877,2911571,93,88,856025,11-03-2016 16:53:58.547,15,FALSE,FALSE,11-03-2016 16:54:00.187,,,11-03-2016 16:54:00.187,System.Byte[],Waived current late fee 1.
,1004143,1495,229273,5189195,170877,2911571,93,88,856025,11-03-2016 16:53:58.547,-15,FALSE,FALSE,11-03-2016 16:54:00.187,,,11-03-2016 16:54:00.187,System.Byte[],Waived current late fee 1.
,1004962,1495,229518,5194101,152543,2914311,93,88,856346,11-05-2016 9:18:53.123,15,FALSE,FALSE,11-05-2016 9:18:53.637,,,11-05-2016 9:18:53.637,System.Byte[],Waived current late fee 1.
,1004963,1495,229518,5194101,152543,2914311,93,88,856346,11-05-2016 9:18:53.123,-15,FALSE,FALSE,11-05-2016 9:18:53.637,,,11-05-2016 9:18:53.637,System.Byte[],Waived current late fee 1.
,1005399,1495,229633,5197914,233148,2916632,93,88,856632,11-07-2016 11:23:37.290,15,FALSE,FALSE,11-07-2016 11:23:37.683,,,11-07-2016 11:23:37.683,System.Byte[],Waived current late fee 1.
,1005400,1495,229633,5197914,233148,2916632,93,88,856632,11-07-2016 11:23:37.290,-15,FALSE,FALSE,11-07-2016 11:23:37.683,,,11-07-2016 11:23:37.683,System.Byte[],Waived current late fee 1.
,1006624,1495,230049,5206562,228606,2921569,93,88,857358,11-10-2016 16:10:47.063,15,FALSE,FALSE,11-10-2016 16:10:52.000,,,11-10-2016 16:10:52.000,System.Byte[],Waived current late fee 1.
,1006625,1495,230049,5206562,228606,2921569,93,88,857358,11-10-2016 16:10:47.063,-15,FALSE,FALSE,11-10-2016 16:10:52.000,,,11-10-2016 16:10:52.000,System.Byte[],Waived current late fee 1.
,1007038,1495,230161,5209250,233148,2922954,93,88,857587,11-11-2016 14:44:46.170,15,FALSE,FALSE,11-11-2016 14:44:41.030,,,11-11-2016 14:44:41.030,System.Byte[],Waived current late fee 2.
,1007039,1495,230161,5209250,233148,2922954,93,88,857587,11-11-2016 14:44:46.170,-15,FALSE,FALSE,11-11-2016 14:44:41.030,,,11-11-2016 14:44:41.030,System.Byte[],Waived current late fee 2.
,1008283,1495,230388,5213678,147446,2925059,93,88,858085,11-14-2016 16:22:50.513,15,FALSE,FALSE,11-14-2016 16:22:45.300,,,11-14-2016 16:22:45.300,System.Byte[],Waived current late fee 1.
,1008284,1495,230388,5213678,147446,2925059,93,88,858085,11-14-2016 16:22:50.513,-15,FALSE,FALSE,11-14-2016 16:22:45.300,,,11-14-2016 16:22:45.300,System.Byte[],Waived current late fee 1.
,1008713,1495,230545,5215190,228332,2925759,93,88,858235,11-15-2016 14:54:06.170,15,FALSE,FALSE,11-15-2016 14:54:02.727,,,11-15-2016 14:54:02.727,System.Byte[],Waived current late fee 1.
,1008714,1495,230545,5215190,228332,2925759,93,88,858235,11-15-2016 14:54:06.170,-15,FALSE,FALSE,11-15-2016 14:54:02.727,,,11-15-2016 14:54:02.727,System.Byte[],Waived current late fee 1.
,1010341,1495,231019,5221340,237112,2928540,2756,88,858882,11-19-2016 12:46:33.673,15,FALSE,FALSE,11-19-2016 12:46:29.943,,,11-19-2016 12:46:29.943,System.Byte[],Waived current late fee 2.
,1010342,1495,231019,5221340,237112,2928540,2756,88,858882,11-19-2016 12:46:33.673,-15,FALSE,FALSE,11-19-2016 12:46:29.943,,,11-19-2016 12:46:29.943,System.Byte[],Waived current late fee 2.
,1010800,1495,231019,5222882,228848,2929267,93,88,859009,11-21-2016 10:02:15.290,15,FALSE,FALSE,11-21-2016 10:02:10.910,,,11-21-2016 10:02:10.910,System.Byte[],Waived current late fee 1.
,1010801,1495,231019,5222882,228848,2929267,93,88,859009,11-21-2016 10:02:15.290,-15,FALSE,FALSE,11-21-2016 10:02:10.910,,,11-21-2016 10:02:10.910,System.Byte[],Waived current late fee 1.
,1011284,1495,231171,5224955,236423,2930290,2082,88,859242,11-22-2016 15:11:06.610,15,FALSE,FALSE,11-22-2016 15:11:01.427,,,11-22-2016 15:11:01.427,System.Byte[],Waived current late fee 1.
,1011285,1495,231171,5224955,236423,2930290,2082,88,859242,11-22-2016 15:11:06.610,-15,FALSE,FALSE,11-22-2016 15:11:01.427,,,11-22-2016 15:11:01.427,System.Byte[],Waived current late fee 1.
,1012368,1495,231721,5232332,211203,2934180,2082,88,859965,11-29-2016 11:03:12.460,15,FALSE,FALSE,11-29-2016 11:03:08.713,,,11-29-2016 11:03:08.713,System.Byte[],Waived current late fee 1.
,1012369,1495,231721,5232332,211203,2934180,2082,88,859965,11-29-2016 11:03:12.460,-15,FALSE,FALSE,11-29-2016 11:03:08.713,,,11-29-2016 11:03:08.713,System.Byte[],Waived current late fee 1.
,1012622,1495,231823,5234119,235860,2935149,93,88,860174,11-30-2016 10:10:52.520,15,FALSE,FALSE,11-30-2016 10:10:46.390,,,11-30-2016 10:10:46.390,System.Byte[],Waived current late fee 1.
,1012623,1495,231823,5234119,235860,2935149,93,88,860174,11-30-2016 10:10:52.520,-15,FALSE,FALSE,11-30-2016 10:10:46.390,,,11-30-2016 10:10:46.390,System.Byte[],Waived current late fee 1.
,1016473,1495,232930,5272226,1650,2958183,2082,88,862531,12-10-2016 11:47:21.270,15,FALSE,FALSE,12-10-2016 11:47:12.717,,,12-10-2016 11:47:12.717,System.Byte[],Waived current late fee 1.
,1016474,1495,232930,5272226,1650,2958183,2082,88,862531,12-10-2016 11:47:21.270,-15,FALSE,FALSE,12-10-2016 11:47:12.717,,,12-10-2016 11:47:12.717,System.Byte[],Waived current late fee 1.
,1016916,1495,233041,5275397,210183,2959931,93,88,862759,12-12-2016 9:51:44.913,15,FALSE,FALSE,12-12-2016 9:51:36.150,,,12-12-2016 9:51:36.150,System.Byte[],Waived current late fee 1.
,1016917,1495,233041,5275397,210183,2959931,93,88,862759,12-12-2016 9:51:44.913,-15,FALSE,FALSE,12-12-2016 9:51:36.150,,,12-12-2016 9:51:36.150,System.Byte[],Waived current late fee 1.
,1017604,1495,233233,5277929,1648,2961071,2082,88,863048,12-13-2016 11:31:32.567,15,FALSE,FALSE,12-13-2016 11:31:23.443,,,12-13-2016 11:31:23.443,System.Byte[],Waived current late fee 1.
,1017605,1495,233233,5277929,1648,2961071,2082,88,863048,12-13-2016 11:31:32.567,-15,FALSE,FALSE,12-13-2016 11:31:23.443,,,12-13-2016 11:31:23.443,System.Byte[],Waived current late fee 1.
,1021788,1495,234459,5296996,211203,2970012,93,88,864930,12-27-2016 16:01:52.400,15,FALSE,FALSE,12-27-2016 16:01:54.530,,,12-27-2016 16:01:54.530,System.Byte[],Waived current late fee 1.
,1021789,1495,234459,5296996,211203,2970012,93,88,864930,12-27-2016 16:01:52.400,-15,FALSE,FALSE,12-27-2016 16:01:54.530,,,12-27-2016 16:01:54.530,System.Byte[],Waived current late fee 1.
,1027448,1495,237547,5331544,152543,2991094,2082,88,874553,01-03-2017 9:37:47.423,15,FALSE,FALSE,01-03-2017 9:37:48.357,,,01-03-2017 9:37:48.357,System.Byte[],Waived current late fee 1.
,1027449,1495,237547,5331544,152543,2991094,2082,88,874553,01-03-2017 9:37:47.423,-15,FALSE,FALSE,01-03-2017 9:37:48.357,,,01-03-2017 9:37:48.357,System.Byte[],Waived current late fee 1.
,1027472,1495,237547,5332597,1586,2991896,2082,88,874593,01-03-2017 10:58:46.083,15,FALSE,FALSE,01-03-2017 10:58:46.237,,,01-03-2017 10:58:46.237,System.Byte[],Waived current late fee 1.
,1027473,1495,237547,5332597,1586,2991896,2082,88,874593,01-03-2017 10:58:46.083,-15,FALSE,FALSE,01-03-2017 10:58:46.237,,,01-03-2017 10:58:46.237,System.Byte[],Waived current late fee 1.
,1027936,1495,237547,5334534,221877,2993003,93,88,874700,01-03-2017 13:55:53.320,15,FALSE,FALSE,01-03-2017 13:55:54.333,,,01-03-2017 13:55:54.333,System.Byte[],Waived current late fee 1.
,1027937,1495,237547,5334534,221877,2993003,93,88,874700,01-03-2017 13:55:53.320,-15,FALSE,FALSE,01-03-2017 13:55:54.333,,,01-03-2017 13:55:54.333,System.Byte[],Waived current late fee 1.
,1028612,1495,237825,5338763,171265,2995409,2082,88,874916,01-04-2017 10:47:23.207,15,FALSE,FALSE,01-04-2017 10:47:34.867,,,01-04-2017 10:47:34.867,System.Byte[],Waived current late fee 1.
,1028613,1495,237825,5338763,171265,2995409,2082,88,874916,01-04-2017 10:47:23.207,-15,FALSE,FALSE,01-04-2017 10:47:34.867,,,01-04-2017 10:47:34.867,System.Byte[],Waived current late fee 1.
,1028614,1495,237825,5338764,171264,2995409,2082,88,874917,01-04-2017 10:47:23.207,15,FALSE,FALSE,01-04-2017 10:47:34.867,,,01-04-2017 10:47:34.867,System.Byte[],Waived current late fee 1.
,1028615,1495,237825,5338764,171264,2995409,2082,88,874917,01-04-2017 10:47:23.207,-15,FALSE,FALSE,01-04-2017 10:47:34.867,,,01-04-2017 10:47:34.867,System.Byte[],Waived current late fee 1.
,1033187,1495,238713,5362636,233722,3008040,93,88,876916,01-12-2017 16:44:00.613,15,FALSE,FALSE,01-12-2017 16:44:01.083,,,01-12-2017 16:44:01.083,System.Byte[],Waived current late fee 2.
,1033188,1495,238713,5362636,233722,3008040,93,88,876916,01-12-2017 16:44:00.613,-15,FALSE,FALSE,01-12-2017 16:44:01.083,,,01-12-2017 16:44:01.083,System.Byte[],Waived current late fee 2.
,1038690,1495,240108,5383372,1775,3017285,93,88,879012,01-27-2017 11:41:27.213,25,FALSE,FALSE,01-27-2017 11:41:31.887,,,01-27-2017 11:41:31.887,System.Byte[],Waived current late fee 2.
,1038691,1495,240108,5383372,1775,3017285,93,88,879012,01-27-2017 11:41:27.213,-25,FALSE,FALSE,01-27-2017 11:41:31.887,,,01-27-2017 11:41:31.887,System.Byte[],Waived current late fee 2.
,1038692,1495,240108,5383373,44381,3017286,93,88,879013,01-27-2017 11:41:57.010,25,FALSE,FALSE,01-27-2017 11:41:58.743,,,01-27-2017 11:41:58.743,System.Byte[],Waived current late fee 2.
,1038693,1495,240108,5383373,44381,3017286,93,88,879013,01-27-2017 11:41:57.010,-25,FALSE,FALSE,01-27-2017 11:41:58.743,,,01-27-2017 11:41:58.743,System.Byte[],Waived current late fee 2.
,1042863,1495,241345,5421470,234467,3039812,1212,88,881744,02-08-2017 10:43:26.953,15,FALSE,FALSE,02-08-2017 10:43:17.700,,,02-08-2017 10:43:17.700,System.Byte[],Waived current late fee 1.
,1042864,1495,241345,5421470,234467,3039812,1212,88,881744,02-08-2017 10:43:26.953,-15,FALSE,FALSE,02-08-2017 10:43:17.710,,,02-08-2017 10:43:17.710,System.Byte[],Waived current late fee 1.
,1042865,1495,241345,5421471,234468,3039812,1212,88,881745,02-08-2017 10:43:26.953,15,FALSE,FALSE,02-08-2017 10:43:17.710,,,02-08-2017 10:43:17.710,System.Byte[],Waived current late fee 1.
,1042866,1495,241345,5421471,234468,3039812,1212,88,881745,02-08-2017 10:43:26.953,-15,FALSE,FALSE,02-08-2017 10:43:17.710,,,02-08-2017 10:43:17.710,System.Byte[],Waived current late fee 1.
,1048001,1495,242585,5443772,215488,3050701,2082,88,883694,02-21-2017 11:36:37.090,25,FALSE,FALSE,02-21-2017 11:36:28.587,,,02-21-2017 11:36:28.587,System.Byte[],Waived current late fee 2.
,1048002,1495,242585,5443772,215488,3050701,2082,88,883694,02-21-2017 11:36:37.090,-25,FALSE,FALSE,02-21-2017 11:36:28.587,,,02-21-2017 11:36:28.587,System.Byte[],Waived current late fee 2.
,1048553,1495,242772,5447475,177319,3052302,93,88,884068,02-23-2017 13:57:20.430,15,FALSE,FALSE,02-23-2017 13:57:11.770,,,02-23-2017 13:57:11.770,System.Byte[],Waived current late fee 1.
,1048554,1495,242772,5447475,177319,3052302,93,88,884068,02-23-2017 13:57:20.430,-15,FALSE,FALSE,02-23-2017 13:57:11.770,,,02-23-2017 13:57:11.770,System.Byte[],Waived current late fee 1.
,1048557,1495,242772,5447530,129211,3052329,93,88,884072,02-23-2017 14:13:55.213,15,FALSE,FALSE,02-23-2017 14:13:48.167,,,02-23-2017 14:13:48.167,System.Byte[],Waived current late fee 1.
,1048558,1495,242772,5447530,129211,3052329,93,88,884072,02-23-2017 14:13:55.213,-15,FALSE,FALSE,02-23-2017 14:13:48.167,,,02-23-2017 14:13:48.167,System.Byte[],Waived current late fee 1.
,1049835,1495,243063,5453859,184146,3055376,93,88,884824,02-27-2017 12:24:08.247,15,FALSE,FALSE,02-27-2017 12:23:58.627,,,02-27-2017 12:23:58.627,System.Byte[],Waived current late fee 1.
,1049836,1495,243063,5453859,184146,3055376,93,88,884824,02-27-2017 12:24:08.247,-15,FALSE,FALSE,02-27-2017 12:23:58.627,,,02-27-2017 12:23:58.627,System.Byte[],Waived current late fee 1.
,1049837,1495,243063,5453860,184146,3055376,93,88,884825,02-27-2017 12:24:08.247,25,FALSE,FALSE,02-27-2017 12:23:58.630,,,02-27-2017 12:23:58.630,System.Byte[],Waived current late fee 2.
,1049838,1495,243063,5453860,184146,3055376,93,88,884825,02-27-2017 12:24:08.247,-25,FALSE,FALSE,02-27-2017 12:23:58.630,,,02-27-2017 12:23:58.630,System.Byte[],Waived current late fee 2.
,1051675,1495,243563,5476029,159929,3068958,93,88,886138,03-03-2017 11:23:52.677,15,FALSE,FALSE,03-03-2017 11:23:55.653,,,03-03-2017 11:23:55.653,System.Byte[],Waived current late fee 1.
,1051676,1495,243563,5476029,159929,3068958,93,88,886138,03-03-2017 11:23:52.677,-15,FALSE,FALSE,03-03-2017 11:23:55.653,,,03-03-2017 11:23:55.653,System.Byte[],Waived current late fee 1.
,1053906,1495,244230,5492508,243987,3077973,93,88,887327,03-09-2017 11:00:38.477,15,FALSE,FALSE,03-09-2017 11:00:28.897,,,03-09-2017 11:00:28.897,System.Byte[],Waived current late fee 1.
,1053907,1495,244230,5492508,243987,3077973,93,88,887327,03-09-2017 11:00:38.477,-15,FALSE,FALSE,03-09-2017 11:00:28.897,,,03-09-2017 11:00:28.897,System.Byte[],Waived current late fee 1.
,1054971,1495,244338,5496876,171265,3080171,93,88,887623,03-10-2017 15:12:50.173,15,FALSE,FALSE,03-10-2017 15:12:40.903,,,03-10-2017 15:12:40.903,System.Byte[],Waived current late fee 1.
,1054972,1495,244338,5496876,171265,3080171,93,88,887623,03-10-2017 15:12:50.173,-15,FALSE,FALSE,03-10-2017 15:12:40.903,,,03-10-2017 15:12:40.903,System.Byte[],Waived current late fee 1.
,1057930,1495,244922,5508002,210702,3085373,93,88,888705,03-16-2017 17:34:38.640,15,FALSE,FALSE,03-16-2017 17:35:08.200,,,03-16-2017 17:35:08.200,System.Byte[],Waived current late fee 1.
,1057931,1495,244922,5508002,210702,3085373,93,88,888705,03-16-2017 17:34:38.640,-15,FALSE,FALSE,03-16-2017 17:35:08.200,,,03-16-2017 17:35:08.200,System.Byte[],Waived current late fee 1.
,1058074,1495,245023,5508478,120450,3085588,93,88,888741,03-17-2017 10:29:02.217,15,FALSE,FALSE,03-17-2017 10:28:59.773,,,03-17-2017 10:28:59.773,System.Byte[],Waived current late fee 1.
,1058075,1495,245023,5508478,120450,3085588,93,88,888741,03-17-2017 10:29:02.217,-15,FALSE,FALSE,03-17-2017 10:28:59.773,,,03-17-2017 10:28:59.773,System.Byte[],Waived current late fee 1.
,1058198,1495,245023,5509142,222434,3085876,93,88,888841,03-17-2017 14:35:36.893,25,FALSE,FALSE,03-17-2017 14:35:34.000,,,03-17-2017 14:35:34.000,System.Byte[],Waived current late fee 2.
,1058199,1495,245023,5509142,222434,3085876,93,88,888841,03-17-2017 14:35:36.893,-25,FALSE,FALSE,03-17-2017 14:35:34.000,,,03-17-2017 14:35:34.000,System.Byte[],Waived current late fee 2.
,1062710,1495,246490,5545762,245857,3106374,93,88,891799,04-03-2017 12:25:22.480,15,FALSE,FALSE,04-03-2017 12:25:14.983,,,04-03-2017 12:25:14.983,System.Byte[],Waived current late fee 1.
,1062711,1495,246490,5545762,245857,3106374,93,88,891799,04-03-2017 12:25:22.480,-15,FALSE,FALSE,04-03-2017 12:25:14.983,,,04-03-2017 12:25:14.983,System.Byte[],Waived current late fee 1.
,1063190,1495,246696,5549172,209565,3108390,2082,88,892059,04-04-2017 10:31:57.703,25,FALSE,FALSE,04-04-2017 10:32:16.520,,,04-04-2017 10:32:16.520,System.Byte[],Waived current late fee 2.
,1063191,1495,246696,5549172,209565,3108390,2082,88,892059,04-04-2017 10:31:57.703,-25,FALSE,FALSE,04-04-2017 10:32:16.520,,,04-04-2017 10:32:16.520,System.Byte[],Waived current late fee 2.
,1063218,1495,246696,5549536,1586,3108594,2082,88,892079,04-04-2017 11:45:25.383,25,FALSE,FALSE,04-04-2017 11:46:37.157,,,04-04-2017 11:46:37.157,System.Byte[],Waived current late fee 2.
,1063219,1495,246696,5549536,1586,3108594,2082,88,892079,04-04-2017 11:45:25.383,-25,FALSE,FALSE,04-04-2017 11:46:37.157,,,04-04-2017 11:46:37.157,System.Byte[],Waived current late fee 2.
,1064348,1495,247059,5558657,246055,3113870,93,88,892819,04-07-2017 14:34:43.417,15,FALSE,FALSE,04-07-2017 14:34:35.930,,,04-07-2017 14:34:35.930,System.Byte[],Waived current late fee 1.
,1064349,1495,247059,5558657,246055,3113870,93,88,892819,04-07-2017 14:34:43.417,-15,FALSE,FALSE,04-07-2017 14:34:35.930,,,04-07-2017 14:34:35.930,System.Byte[],Waived current late fee 1.
,1064689,1495,247174,5560394,152543,3114768,1179,88,892974,04-08-2017 9:16:12.027,15,FALSE,FALSE,04-08-2017 9:16:05.433,,,04-08-2017 9:16:05.433,System.Byte[],Waived current late fee 1.
,1064690,1495,247174,5560394,152543,3114768,1179,88,892974,04-08-2017 9:16:12.027,-15,FALSE,FALSE,04-08-2017 9:16:05.437,,,04-08-2017 9:16:05.437,System.Byte[],Waived current late fee 1.
,1065196,1495,247281,5564939,239303,3117415,93,88,893336,04-10-2017 15:56:56.817,15,FALSE,FALSE,04-10-2017 15:56:47.980,,,04-10-2017 15:56:47.980,System.Byte[],Waived current late fee 1.
,1065197,1495,247281,5564939,239303,3117415,93,88,893336,04-10-2017 15:56:56.817,-15,FALSE,FALSE,04-10-2017 15:56:47.980,,,04-10-2017 15:56:47.980,System.Byte[],Waived current late fee 1.
,1067302,1495,247685,5571424,228606,3120503,93,88,893918,04-13-2017 9:32:50.183,15,FALSE,FALSE,04-13-2017 9:32:51.497,,,04-13-2017 9:32:51.497,System.Byte[],Waived current late fee 1.
,1067303,1495,247685,5571424,228606,3120503,93,88,893918,04-13-2017 9:32:50.183,-15,FALSE,FALSE,04-13-2017 9:32:51.503,,,04-13-2017 9:32:51.503,System.Byte[],Waived current late fee 1.
,1067533,1495,247685,5572138,246405,3120818,93,88,894009,04-13-2017 14:12:44.113,15,FALSE,FALSE,04-13-2017 14:12:45.320,,,04-13-2017 14:12:45.320,System.Byte[],Waived current late fee 1.
,1067534,1495,247685,5572138,246405,3120818,93,88,894009,04-13-2017 14:12:44.113,-15,FALSE,FALSE,04-13-2017 14:12:45.320,,,04-13-2017 14:12:45.320,System.Byte[],Waived current late fee 1.
,1068108,1495,247785,5574238,153869,3121678,93,88,894270,04-14-2017 15:47:01.000,25,FALSE,FALSE,04-14-2017 15:47:01.587,,,04-14-2017 15:47:01.587,System.Byte[],Waived current late fee 2.
,1068109,1495,247785,5574238,153869,3121678,93,88,894270,04-14-2017 15:47:01.000,-25,FALSE,FALSE,04-14-2017 15:47:01.587,,,04-14-2017 15:47:01.587,System.Byte[],Waived current late fee 2.
,1071716,1495,248986,5592391,50682,3130526,1179,88,896534,04-28-2017 14:02:08.093,15,FALSE,FALSE,04-28-2017 14:01:57.110,,,04-28-2017 14:01:57.110,System.Byte[],Waived current late fee 1.
,1071717,1495,248986,5592391,50682,3130526,1179,88,896534,04-28-2017 14:02:08.093,-15,FALSE,FALSE,04-28-2017 14:01:57.120,,,04-28-2017 14:01:57.120,System.Byte[],Waived current late fee 1.
,1072397,1495,249192,5598848,240606,3134338,1179,88,897037,05-01-2017 11:29:11.520,15,FALSE,FALSE,05-01-2017 11:29:03.250,,,05-01-2017 11:29:03.250,System.Byte[],Waived current late fee 1.
,1072398,1495,249192,5598848,240606,3134338,1179,88,897037,05-01-2017 11:29:11.520,-15,FALSE,FALSE,05-01-2017 11:29:03.250,,,05-01-2017 11:29:03.250,System.Byte[],Waived current late fee 1.
,1074918,1495,249847,5624299,152543,3149655,1179,88,898481,05-06-2017 8:56:35.700,15,FALSE,FALSE,05-06-2017 8:56:37.347,,,05-06-2017 8:56:37.347,System.Byte[],Waived current late fee 1.
,1074919,1495,249847,5624299,152543,3149655,1179,88,898481,05-06-2017 8:56:35.700,-15,FALSE,FALSE,05-06-2017 8:56:37.347,,,05-06-2017 8:56:37.347,System.Byte[],Waived current late fee 1.
,1076978,1495,250495,5637706,221559,3156960,93,88,899589,05-12-2017 9:17:18.153,25,FALSE,FALSE,05-12-2017 9:17:13.597,,,05-12-2017 9:17:13.597,System.Byte[],Waived current late fee 2.
,1076979,1495,250495,5637706,221559,3156960,93,88,899589,05-12-2017 9:17:18.153,-25,FALSE,FALSE,05-12-2017 9:17:13.627,,,05-12-2017 9:17:13.627,System.Byte[],Waived current late fee 2.
,1077460,1495,250594,5640163,84383,3158032,1179,88,899825,05-13-2017 12:12:53.993,15,FALSE,FALSE,05-13-2017 12:12:47.477,,,05-13-2017 12:12:47.477,System.Byte[],Waived current late fee 1.
,1077461,1495,250594,5640163,84383,3158032,1179,88,899825,05-13-2017 12:12:53.993,-15,FALSE,FALSE,05-13-2017 12:12:47.483,,,05-13-2017 12:12:47.483,System.Byte[],Waived current late fee 1.
,1078600,1495,250930,5645988,1745,3160677,1212,88,900454,05-17-2017 15:09:26.870,15,FALSE,FALSE,05-17-2017 15:09:20.433,,,05-17-2017 15:09:20.433,System.Byte[],Waived current late fee 1.
,1078601,1495,250930,5645988,1745,3160677,1212,88,900454,05-17-2017 15:09:26.870,-15,FALSE,FALSE,05-17-2017 15:09:20.433,,,05-17-2017 15:09:20.433,System.Byte[],Waived current late fee 1.
,1079412,1495,251306,5651394,146366,3163283,93,88,900995,05-22-2017 10:50:07.507,15,FALSE,FALSE,05-22-2017 10:49:59.863,,,05-22-2017 10:49:59.863,System.Byte[],Waived current late fee 1.
,1079413,1495,251306,5651394,146366,3163283,93,88,900995,05-22-2017 10:50:07.507,-15,FALSE,FALSE,05-22-2017 10:49:59.863,,,05-22-2017 10:49:59.863,System.Byte[],Waived current late fee 1.
,1079626,1495,251447,5652788,1777,3163972,93,88,901183,05-23-2017 10:35:30.100,15,FALSE,FALSE,05-23-2017 10:35:33.260,,,05-23-2017 10:35:33.260,System.Byte[],Waived current late fee 1.
,1079627,1495,251447,5652788,1777,3163972,93,88,901183,05-23-2017 10:35:30.100,-15,FALSE,FALSE,05-23-2017 10:35:33.263,,,05-23-2017 10:35:33.263,System.Byte[],Waived current late fee 1.
,1081234,1495,251919,5661591,50682,3168319,2082,88,902230,05-30-2017 8:58:06.877,15,FALSE,FALSE,05-30-2017 8:58:01.977,,,05-30-2017 8:58:01.977,System.Byte[],Waived current late fee 1.
,1081235,1495,251919,5661591,50682,3168319,2082,88,902230,05-30-2017 8:58:06.877,-15,FALSE,FALSE,05-30-2017 8:58:01.983,,,05-30-2017 8:58:01.983,System.Byte[],Waived current late fee 1.
,1082566,1495,252359,5681238,239630,3180583,1179,88,903400,06-02-2017 12:31:11.960,15,FALSE,FALSE,06-02-2017 12:31:06.513,,,06-02-2017 12:31:06.513,System.Byte[],Waived current late fee 1.
,1082567,1495,252359,5681238,239630,3180583,1179,88,903400,06-02-2017 12:31:11.960,-15,FALSE,FALSE,06-02-2017 12:31:06.513,,,06-02-2017 12:31:06.513,System.Byte[],Waived current late fee 1.
,1082568,1495,252359,5681243,236339,3180587,1179,88,903401,06-02-2017 12:31:58.743,15,FALSE,FALSE,06-02-2017 12:31:52.860,,,06-02-2017 12:31:52.860,System.Byte[],Waived current late fee 1.
,1082569,1495,252359,5681243,236339,3180587,1179,88,903401,06-02-2017 12:31:58.743,-15,FALSE,FALSE,06-02-2017 12:31:52.860,,,06-02-2017 12:31:52.860,System.Byte[],Waived current late fee 1.
,1082885,1495,252483,5684309,152543,3182297,1179,88,903628,06-03-2017 8:49:59.593,15,FALSE,FALSE,06-03-2017 8:49:53.830,,,06-03-2017 8:49:53.830,System.Byte[],Waived current late fee 1.
,1082886,1495,252483,5684309,152543,3182297,1179,88,903628,06-03-2017 8:49:59.593,-15,FALSE,FALSE,06-03-2017 8:49:53.830,,,06-03-2017 8:49:53.830,System.Byte[],Waived current late fee 1.
,1084948,1495,253133,5700170,228606,3191367,1179,88,904895,06-09-2017 14:00:42.370,15,FALSE,FALSE,06-09-2017 14:00:36.910,,,06-09-2017 14:00:36.910,System.Byte[],Waived current late fee 1.
,1084949,1495,253133,5700170,228606,3191367,1179,88,904895,06-09-2017 14:00:42.370,-15,FALSE,FALSE,06-09-2017 14:00:36.910,,,06-09-2017 14:00:36.910,System.Byte[],Waived current late fee 1.
,1085222,1495,253246,5702626,246299,3192676,1179,88,905076,06-10-2017 12:20:15.367,15,FALSE,FALSE,06-10-2017 12:20:10.060,,,06-10-2017 12:20:10.060,System.Byte[],Waived current late fee 1.
,1085223,1495,253246,5702626,246299,3192676,1179,88,905076,06-10-2017 12:20:15.367,-15,FALSE,FALSE,06-10-2017 12:20:10.063,,,06-10-2017 12:20:10.063,System.Byte[],Waived current late fee 1.
,1088768,1495,254023,5717636,253377,3199667,1179,88,906462,06-19-2017 16:04:16.587,15,FALSE,FALSE,06-19-2017 16:04:18.770,,,06-19-2017 16:04:18.770,System.Byte[],Waived current late fee 1.
,1088769,1495,254023,5717636,253377,3199667,1179,88,906462,06-19-2017 16:04:16.587,-15,FALSE,FALSE,06-19-2017 16:04:18.770,,,06-19-2017 16:04:18.770,System.Byte[],Waived current late fee 1.
,1088772,1495,254023,5717668,147446,3199681,1179,88,906466,06-19-2017 16:25:11.077,15,FALSE,FALSE,06-19-2017 16:25:13.663,,,06-19-2017 16:25:13.663,System.Byte[],Waived current late fee 1.
,1088773,1495,254023,5717668,147446,3199681,1179,88,906466,06-19-2017 16:25:11.077,-15,FALSE,FALSE,06-19-2017 16:25:13.663,,,06-19-2017 16:25:13.663,System.Byte[],Waived current late fee 1.
,1089046,1495,254163,5718866,1698,3200240,2082,88,906603,06-20-2017 14:37:48.747,15,FALSE,FALSE,06-20-2017 14:37:55.140,,,06-20-2017 14:37:55.140,System.Byte[],Waived current late fee 1.
,1089047,1495,254163,5718866,1698,3200240,2082,88,906603,06-20-2017 14:37:48.747,-15,FALSE,FALSE,06-20-2017 14:37:55.140,,,06-20-2017 14:37:55.140,System.Byte[],Waived current late fee 1.
,1091816,1495,254770,5728408,253037,3204547,93,88,907535,06-27-2017 11:32:22.050,15,FALSE,FALSE,06-27-2017 11:32:14.977,,,06-27-2017 11:32:14.977,System.Byte[],Waived current late fee 1.
,1091817,1495,254770,5728408,253037,3204547,93,88,907535,06-27-2017 11:32:22.050,-15,FALSE,FALSE,06-27-2017 11:32:14.983,,,06-27-2017 11:32:14.983,System.Byte[],Waived current late fee 1.
,1091934,1495,254770,5729168,58795,3204940,93,88,907636,06-27-2017 16:23:46.637,15,FALSE,FALSE,06-27-2017 16:23:52.450,,,06-27-2017 16:23:52.450,System.Byte[],Waived current late fee 1.
,1091935,1495,254770,5729168,58795,3204940,93,88,907636,06-27-2017 16:23:46.637,-15,FALSE,FALSE,06-27-2017 16:23:52.450,,,06-27-2017 16:23:52.450,System.Byte[],Waived current late fee 1.
,1092428,1495,254960,5732534,236152,3206666,93,88,908048,06-29-2017 15:14:15.247,15,FALSE,FALSE,06-29-2017 15:14:17.263,,,06-29-2017 15:14:17.263,System.Byte[],Waived current late fee 1.
,1092429,1495,254960,5732534,236152,3206666,93,88,908048,06-29-2017 15:14:15.247,-15,FALSE,FALSE,06-29-2017 15:14:17.263,,,06-29-2017 15:14:17.263,System.Byte[],Waived current late fee 1.
,1092430,1495,254960,5732537,237589,3206668,93,88,908049,06-29-2017 15:14:50.393,15,FALSE,FALSE,06-29-2017 15:14:53.373,,,06-29-2017 15:14:53.373,System.Byte[],Waived current late fee 1.
,1092431,1495,254960,5732537,237589,3206668,93,88,908049,06-29-2017 15:14:50.393,-15,FALSE,FALSE,06-29-2017 15:14:53.377,,,06-29-2017 15:14:53.377,System.Byte[],Waived current late fee 1.
,1094318,1495,255493,5755236,1589,3220575,3240,88,909273,07-03-2017 17:15:43.667,15,FALSE,FALSE,07-03-2017 17:15:46.303,,,07-03-2017 17:15:46.303,System.Byte[],Waived current late fee 1.
,1094319,1495,255493,5755236,1589,3220575,3240,88,909273,07-03-2017 17:15:43.667,-15,FALSE,FALSE,07-03-2017 17:15:46.303,,,07-03-2017 17:15:46.303,System.Byte[],Waived current late fee 1.
,1094320,1495,255493,5755237,1827,3220575,3240,88,909274,07-03-2017 17:15:43.667,15,FALSE,FALSE,07-03-2017 17:15:46.303,,,07-03-2017 17:15:46.303,System.Byte[],Waived current late fee 1.
,1094321,1495,255493,5755237,1827,3220575,3240,88,909274,07-03-2017 17:15:43.667,-15,FALSE,FALSE,07-03-2017 17:15:46.303,,,07-03-2017 17:15:46.303,System.Byte[],Waived current late fee 1.
,1094322,1495,255493,5755238,154199,3220575,3240,88,909275,07-03-2017 17:15:43.667,15,FALSE,FALSE,07-03-2017 17:15:46.303,,,07-03-2017 17:15:46.303,System.Byte[],Waived current late fee 1.
,1094323,1495,255493,5755238,154199,3220575,3240,88,909275,07-03-2017 17:15:43.667,-15,FALSE,FALSE,07-03-2017 17:15:46.303,,,07-03-2017 17:15:46.303,System.Byte[],Waived current late fee 1.
,1094494,1495,255493,5757259,156862,3221768,2082,88,909403,07-05-2017 11:05:44.490,15,FALSE,FALSE,07-05-2017 11:05:44.403,,,07-05-2017 11:05:44.403,System.Byte[],Waived current late fee 1.
,1094495,1495,255493,5757259,156862,3221768,2082,88,909403,07-05-2017 11:05:44.490,-15,FALSE,FALSE,07-05-2017 11:05:44.403,,,07-05-2017 11:05:44.403,System.Byte[],Waived current late fee 1.
,1094570,1495,255493,5758164,243485,3222298,2082,88,909485,07-05-2017 13:23:39.090,15,FALSE,FALSE,07-05-2017 13:23:40.967,,,07-05-2017 13:23:40.967,System.Byte[],Waived current late fee 1.
,1094571,1495,255493,5758164,243485,3222298,2082,88,909485,07-05-2017 13:23:39.090,-15,FALSE,FALSE,07-05-2017 13:23:40.967,,,07-05-2017 13:23:40.967,System.Byte[],Waived current late fee 1.
,1094806,1495,255666,5760789,249399,3223774,93,88,909656,07-06-2017 10:03:14.973,15,FALSE,FALSE,07-06-2017 10:03:07.023,,,07-06-2017 10:03:07.023,System.Byte[],Waived current late fee 1.
,1094807,1495,255666,5760789,249399,3223774,93,88,909656,07-06-2017 10:03:14.973,-15,FALSE,FALSE,07-06-2017 10:03:07.023,,,07-06-2017 10:03:07.023,System.Byte[],Waived current late fee 1.
,1094808,1495,255666,5760790,249399,3223774,93,88,909657,07-06-2017 10:03:14.973,25,FALSE,FALSE,07-06-2017 10:03:07.023,,,07-06-2017 10:03:07.023,System.Byte[],Waived current late fee 2.
,1094809,1495,255666,5760790,249399,3223774,93,88,909657,07-06-2017 10:03:14.973,-25,FALSE,FALSE,07-06-2017 10:03:07.023,,,07-06-2017 10:03:07.023,System.Byte[],Waived current late fee 2.
,1094810,1495,255666,5760791,129211,3223775,93,88,909658,07-06-2017 10:03:44.443,25,FALSE,FALSE,07-06-2017 10:03:36.247,,,07-06-2017 10:03:36.247,System.Byte[],Waived current late fee 2.
,1094811,1495,255666,5760791,129211,3223775,93,88,909658,07-06-2017 10:03:44.443,-25,FALSE,FALSE,07-06-2017 10:03:36.250,,,07-06-2017 10:03:36.250,System.Byte[],Waived current late fee 2.
,1096344,1495,255994,5770780,152543,3229190,93,88,910453,07-10-2017 10:18:16.460,15,FALSE,FALSE,07-10-2017 10:18:08.377,,,07-10-2017 10:18:08.377,System.Byte[],Waived current late fee 1.
,1096345,1495,255994,5770780,152543,3229190,93,88,910453,07-10-2017 10:18:16.460,-15,FALSE,FALSE,07-10-2017 10:18:08.397,,,07-10-2017 10:18:08.397,System.Byte[],Waived current late fee 1.
,1097220,1495,256298,5776744,254256,3232307,93,88,910931,07-12-2017 10:30:42.043,15,FALSE,FALSE,07-12-2017 10:30:45.147,,,07-12-2017 10:30:45.147,System.Byte[],Waived current late fee 1.
,1097221,1495,256298,5776744,254256,3232307,93,88,910931,07-12-2017 10:30:42.043,-15,FALSE,FALSE,07-12-2017 10:30:45.150,,,07-12-2017 10:30:45.150,System.Byte[],Waived current late fee 1.
,1097408,1495,256298,5777614,1650,3232683,1212,88,911046,07-12-2017 15:01:47.950,15,FALSE,FALSE,07-12-2017 15:01:50.560,,,07-12-2017 15:01:50.560,System.Byte[],Waived current late fee 1.
,1097409,1495,256298,5777614,1650,3232683,1212,88,911046,07-12-2017 15:01:47.950,-15,FALSE,FALSE,07-12-2017 15:01:50.560,,,07-12-2017 15:01:50.560,System.Byte[],Waived current late fee 1.
,1107290,1495,258600,5834462,254737,3274801,93,88,915364,07-13-2017 16:18:45.333,15,FALSE,FALSE,07-13-2017 16:19:15.957,,,07-13-2017 16:19:15.957,System.Byte[],Waived current late fee 1.
,1107291,1495,258600,5834462,254737,3274801,93,88,915364,07-13-2017 16:18:45.333,-15,FALSE,FALSE,07-13-2017 16:19:15.957,,,07-13-2017 16:19:15.957,System.Byte[],Waived current late fee 1.
,1108929,1495,258892,5839726,120450,3277069,93,88,915834,07-17-2017 10:56:27.520,15,FALSE,FALSE,07-17-2017 10:56:27.973,,,07-17-2017 10:56:27.973,System.Byte[],Waived current late fee 1.
,1108930,1495,258892,5839726,120450,3277069,93,88,915834,07-17-2017 10:56:27.520,-15,FALSE,FALSE,07-17-2017 10:56:27.980,,,07-17-2017 10:56:27.980,System.Byte[],Waived current late fee 1.
,1109065,1495,258892,5840559,178878,3277427,1179,88,915905,07-17-2017 15:53:20.917,15,FALSE,FALSE,07-17-2017 15:53:22.270,,,07-17-2017 15:53:22.270,System.Byte[],Waived current late fee 1.
,1109066,1495,258892,5840559,178878,3277427,1179,88,915905,07-17-2017 15:53:20.917,-15,FALSE,FALSE,07-17-2017 15:53:22.270,,,07-17-2017 15:53:22.270,System.Byte[],Waived current late fee 1.
,1110686,1495,259219,5844078,257171,3278847,1212,88,916264,07-19-2017 17:23:01.123,25,FALSE,FALSE,07-19-2017 17:23:01.430,,,07-19-2017 17:23:01.430,System.Byte[],Waived current late fee 2.
,1110687,1495,259219,5844078,257171,3278847,1212,88,916264,07-19-2017 17:23:01.123,-25,FALSE,FALSE,07-19-2017 17:23:01.430,,,07-19-2017 17:23:01.430,System.Byte[],Waived current late fee 2.
,1114096,1495,260131,5860526,167948,3286893,3240,88,918109,07-31-2017 12:01:56.137,25,FALSE,FALSE,07-31-2017 12:01:57.563,,,07-31-2017 12:01:57.563,System.Byte[],Waived current late fee 2.
,1114097,1495,260131,5860526,167948,3286893,3240,88,918109,07-31-2017 12:01:56.137,-25,FALSE,FALSE,07-31-2017 12:01:57.570,,,07-31-2017 12:01:57.570,System.Byte[],Waived current late fee 2.
,1114400,1495,260307,5864302,239630,3289376,3240,88,918385,08-01-2017 11:05:16.073,15,FALSE,FALSE,08-01-2017 11:05:18.100,,,08-01-2017 11:05:18.100,System.Byte[],Waived current late fee 1.
,1114401,1495,260307,5864302,239630,3289376,3240,88,918385,08-01-2017 11:05:16.073,-15,FALSE,FALSE,08-01-2017 11:05:18.117,,,08-01-2017 11:05:18.117,System.Byte[],Waived current late fee 1.
,1114402,1495,260307,5864303,236339,3289376,3240,88,918386,08-01-2017 11:05:16.073,15,FALSE,FALSE,08-01-2017 11:05:18.120,,,08-01-2017 11:05:18.120,System.Byte[],Waived current late fee 1.
,1114403,1495,260307,5864303,236339,3289376,3240,88,918386,08-01-2017 11:05:16.073,-15,FALSE,FALSE,08-01-2017 11:05:18.120,,,08-01-2017 11:05:18.120,System.Byte[],Waived current late fee 1.
,1118629,1495,261512,5902960,152543,3311802,1179,88,920943,08-12-2017 8:58:36.250,15,FALSE,FALSE,08-12-2017 8:58:37.403,,,08-12-2017 8:58:37.403,System.Byte[],Waived current late fee 1.
,1118630,1495,261512,5902960,152543,3311802,1179,88,920943,08-12-2017 8:58:36.250,-15,FALSE,FALSE,08-12-2017 8:58:37.403,,,08-12-2017 8:58:37.403,System.Byte[],Waived current late fee 1.
,1118631,1495,261512,5902961,152543,3311802,1179,88,920944,08-12-2017 8:58:36.250,25,FALSE,FALSE,08-12-2017 8:58:37.403,,,08-12-2017 8:58:37.403,System.Byte[],Waived current late fee 2.
,1118632,1495,261512,5902961,152543,3311802,1179,88,920944,08-12-2017 8:58:36.250,-25,FALSE,FALSE,08-12-2017 8:58:37.403,,,08-12-2017 8:58:37.403,System.Byte[],Waived current late fee 2.
,1120427,1495,261949,5910067,207443,3315009,93,88,921635,08-17-2017 11:11:51.420,15,FALSE,FALSE,08-17-2017 11:11:53.953,,,08-17-2017 11:11:53.953,System.Byte[],Waived current late fee 1.
,1120428,1495,261949,5910067,207443,3315009,93,88,921635,08-17-2017 11:11:51.420,-15,FALSE,FALSE,08-17-2017 11:11:53.953,,,08-17-2017 11:11:53.953,System.Byte[],Waived current late fee 1.
,1124913,1495,263170,5929832,250820,3324669,93,88,923764,08-31-2017 15:25:07.993,25,FALSE,FALSE,08-31-2017 15:25:11.343,,,08-31-2017 15:25:11.343,System.Byte[],Waived current late fee 2.
,1124914,1495,263170,5929832,250820,3324669,93,88,923764,08-31-2017 15:25:07.993,-25,FALSE,FALSE,08-31-2017 15:25:11.343,,,08-31-2017 15:25:11.343,System.Byte[],Waived current late fee 2.
,1124915,1495,263170,5929833,229090,3324669,93,88,923765,08-31-2017 15:25:07.993,25,FALSE,FALSE,08-31-2017 15:25:11.343,,,08-31-2017 15:25:11.343,System.Byte[],Waived current late fee 2.
,1124916,1495,263170,5929833,229090,3324669,93,88,923765,08-31-2017 15:25:07.993,-25,FALSE,FALSE,08-31-2017 15:25:11.343,,,08-31-2017 15:25:11.343,System.Byte[],Waived current late fee 2.
,1126922,1495,263507,5952910,249399,3338780,2082,88,924962,09-05-2017 13:04:50.897,15,FALSE,FALSE,09-05-2017 13:05:02.823,,,09-05-2017 13:05:02.823,System.Byte[],Waived current late fee 1.
,1126923,1495,263507,5952910,249399,3338780,2082,88,924962,09-05-2017 13:04:50.897,-15,FALSE,FALSE,09-05-2017 13:05:02.823,,,09-05-2017 13:05:02.823,System.Byte[],Waived current late fee 1.
,1126924,1495,263507,5952911,249399,3338780,2082,88,924963,09-05-2017 13:04:50.897,25,FALSE,FALSE,09-05-2017 13:05:02.823,,,09-05-2017 13:05:02.823,System.Byte[],Waived current late fee 2.
,1126925,1495,263507,5952911,249399,3338780,2082,88,924963,09-05-2017 13:04:50.897,-25,FALSE,FALSE,09-05-2017 13:05:02.823,,,09-05-2017 13:05:02.823,System.Byte[],Waived current late fee 2.
,1126928,1495,263507,5952915,129211,3338784,2082,88,924964,09-05-2017 13:06:11.720,15,FALSE,FALSE,09-05-2017 13:06:14.287,,,09-05-2017 13:06:14.287,System.Byte[],Waived current late fee 1.
,1126929,1495,263507,5952915,129211,3338784,2082,88,924964,09-05-2017 13:06:11.720,-15,FALSE,FALSE,09-05-2017 13:06:14.287,,,09-05-2017 13:06:14.287,System.Byte[],Waived current late fee 1.
,1126930,1495,263507,5952916,129211,3338784,2082,88,924965,09-05-2017 13:06:11.720,25,FALSE,FALSE,09-05-2017 13:06:14.287,,,09-05-2017 13:06:14.287,System.Byte[],Waived current late fee 2.
,1126931,1495,263507,5952916,129211,3338784,2082,88,924965,09-05-2017 13:06:11.720,-25,FALSE,FALSE,09-05-2017 13:06:14.287,,,09-05-2017 13:06:14.287,System.Byte[],Waived current late fee 2.
,1130454,1495,264255,5968762,1656,3347417,93,88,926527,09-11-2017 13:26:24.970,15,FALSE,FALSE,09-11-2017 13:26:32.363,,,09-11-2017 13:26:32.363,System.Byte[],Waived current late fee 1.
,1130455,1495,264255,5968762,1656,3347417,93,88,926527,09-11-2017 13:26:24.970,-15,FALSE,FALSE,09-11-2017 13:26:32.387,,,09-11-2017 13:26:32.387,System.Byte[],Waived current late fee 1.
,1130896,1495,264255,5970586,1650,3348404,2082,88,926772,09-12-2017 9:05:27.237,15,FALSE,FALSE,09-12-2017 9:05:30.060,,,09-12-2017 9:05:30.060,System.Byte[],Waived current late fee 1.
,1130897,1495,264255,5970586,1650,3348404,2082,88,926772,09-12-2017 9:05:27.237,-15,FALSE,FALSE,09-12-2017 9:05:30.070,,,09-12-2017 9:05:30.070,System.Byte[],Waived current late fee 1.
,1130988,1495,264555,5970785,106145,3348502,2082,88,926814,09-12-2017 11:13:14.217,15,FALSE,FALSE,09-12-2017 11:13:21.080,,,09-12-2017 11:13:21.080,System.Byte[],Waived current late fee 1.
,1130989,1495,264555,5970785,106145,3348502,2082,88,926814,09-12-2017 11:13:14.217,-15,FALSE,FALSE,09-12-2017 11:13:21.080,,,09-12-2017 11:13:21.080,System.Byte[],Waived current late fee 1.
,1131420,1495,264555,5971887,255454,3348995,2082,88,927014,09-12-2017 16:46:30.767,15,FALSE,FALSE,09-12-2017 16:46:33.153,,,09-12-2017 16:46:33.153,System.Byte[],Waived current late fee 1.
,1131421,1495,264555,5971887,255454,3348995,2082,88,927014,09-12-2017 16:46:30.767,-15,FALSE,FALSE,09-12-2017 16:46:33.153,,,09-12-2017 16:46:33.153,System.Byte[],Waived current late fee 1.
,1132212,1495,264650,5974505,101412,3350142,93,88,927374,09-14-2017 10:44:38.527,15,FALSE,FALSE,09-14-2017 10:44:40.297,,,09-14-2017 10:44:40.297,System.Byte[],Waived current late fee 1.
,1132213,1495,264650,5974505,101412,3350142,93,88,927374,09-14-2017 10:44:38.527,-15,FALSE,FALSE,09-14-2017 10:44:40.307,,,09-14-2017 10:44:40.307,System.Byte[],Waived current late fee 1.
,1133094,1495,264748,5976382,222434,3350878,93,88,927670,09-15-2017 10:24:35.703,15,FALSE,FALSE,09-15-2017 10:24:37.310,,,09-15-2017 10:24:37.310,System.Byte[],Waived current late fee 1.
,1133095,1495,264748,5976382,222434,3350878,93,88,927670,09-15-2017 10:24:35.703,-15,FALSE,FALSE,09-15-2017 10:24:37.317,,,09-15-2017 10:24:37.317,System.Byte[],Waived current late fee 1.
,1133580,1495,264748,5977457,262965,3351311,93,88,927847,09-15-2017 14:47:33.150,15,FALSE,FALSE,09-15-2017 14:47:34.523,,,09-15-2017 14:47:34.523,System.Byte[],Waived current late fee 1.
,1133581,1495,264748,5977457,262965,3351311,93,88,927847,09-15-2017 14:47:33.150,-15,FALSE,FALSE,09-15-2017 14:47:34.533,,,09-15-2017 14:47:34.533,System.Byte[],Waived current late fee 1.
,1133630,1495,264748,5977649,152543,3351385,93,88,927862,09-15-2017 15:51:49.150,15,FALSE,FALSE,09-15-2017 15:51:50.387,,,09-15-2017 15:51:50.387,System.Byte[],Waived current late fee 1.
,1133631,1495,264748,5977649,152543,3351385,93,88,927862,09-15-2017 15:51:49.150,-15,FALSE,FALSE,09-15-2017 15:51:50.387,,,09-15-2017 15:51:50.387,System.Byte[],Waived current late fee 1.
,1133632,1495,264748,5977650,152543,3351385,93,88,927863,09-15-2017 15:51:49.150,25,FALSE,FALSE,09-15-2017 15:51:50.387,,,09-15-2017 15:51:50.387,System.Byte[],Waived current late fee 2.
,1133633,1495,264748,5977650,152543,3351385,93,88,927863,09-15-2017 15:51:49.150,-25,FALSE,FALSE,09-15-2017 15:51:50.387,,,09-15-2017 15:51:50.387,System.Byte[],Waived current late fee 2.
,1137077,1495,265359,5987470,257868,3355761,93,88,929121,09-22-2017 14:48:01.923,15,FALSE,FALSE,09-22-2017 14:47:50.483,,,09-22-2017 14:47:50.483,System.Byte[],Waived current late fee 1.
,1137078,1495,265359,5987470,257868,3355761,93,88,929121,09-22-2017 14:48:01.923,-15,FALSE,FALSE,09-22-2017 14:47:50.497,,,09-22-2017 14:47:50.497,System.Byte[],Waived current late fee 1.
,1138940,1495,265974,5996509,58795,3360108,93,88,930229,09-29-2017 9:31:46.367,15,FALSE,FALSE,09-29-2017 9:31:36.473,,,09-29-2017 9:31:36.473,System.Byte[],Waived current late fee 1.
,1138941,1495,265974,5996509,58795,3360108,93,88,930229,09-29-2017 9:31:46.367,-15,FALSE,FALSE,09-29-2017 9:31:36.507,,,09-29-2017 9:31:36.507,System.Byte[],Waived current late fee 1.
,1139154,1495,266074,5999173,265614,3361486,1179,88,930461,09-30-2017 9:01:09.127,15,FALSE,FALSE,09-30-2017 9:00:58.410,,,09-30-2017 9:00:58.410,System.Byte[],Waived current late fee 1.
,1139155,1495,266074,5999173,265614,3361486,1179,88,930461,09-30-2017 9:01:09.127,-15,FALSE,FALSE,09-30-2017 9:00:58.423,,,09-30-2017 9:00:58.423,System.Byte[],Waived current late fee 1.
,1141319,1495,266627,6024131,209565,3376816,93,88,931922,10-05-2017 10:58:41.510,25,FALSE,FALSE,10-05-2017 10:58:50.210,,,10-05-2017 10:58:50.210,System.Byte[],Waived current late fee 2.
,1141320,1495,266627,6024131,209565,3376816,93,88,931922,10-05-2017 10:58:41.510,-25,FALSE,FALSE,10-05-2017 10:58:50.230,,,10-05-2017 10:58:50.230,System.Byte[],Waived current late fee 2.
,1141631,1495,266733,6026796,1719,3378360,93,88,932118,10-06-2017 10:42:53.680,15,FALSE,FALSE,10-06-2017 10:42:43.550,,,10-06-2017 10:42:43.550,System.Byte[],Waived current late fee 1.
,1141632,1495,266733,6026796,1719,3378360,93,88,932118,10-06-2017 10:42:53.680,-15,FALSE,FALSE,10-06-2017 10:42:43.560,,,10-06-2017 10:42:43.560,System.Byte[],Waived current late fee 1.
,1142623,1495,266851,6029834,152543,3379811,1179,88,932345,10-07-2017 8:58:18.767,15,FALSE,FALSE,10-07-2017 8:58:07.953,,,10-07-2017 8:58:07.953,System.Byte[],Waived current late fee 1.
,1142624,1495,266851,6029834,152543,3379811,1179,88,932345,10-07-2017 8:58:18.767,-15,FALSE,FALSE,10-07-2017 8:58:07.960,,,10-07-2017 8:58:07.960,System.Byte[],Waived current late fee 1.
,1147501,1495,267795,6049488,1507,3389314,2082,88,934014,10-17-2017 13:15:20.727,25,FALSE,FALSE,10-17-2017 13:15:20.257,,,10-17-2017 13:15:20.257,System.Byte[],Waived current late fee 2.
,1147502,1495,267795,6049488,1507,3389314,2082,88,934014,10-17-2017 13:15:20.727,-25,FALSE,FALSE,10-17-2017 13:15:20.257,,,10-17-2017 13:15:20.257,System.Byte[],Waived current late fee 2.
,1147507,1495,267795,6049525,255046,3389333,2082,88,934019,10-17-2017 13:28:20.413,15,FALSE,FALSE,10-17-2017 13:28:29.667,,,10-17-2017 13:28:29.667,System.Byte[],Waived current late fee 1.
,1147508,1495,267795,6049525,255046,3389333,2082,88,934019,10-17-2017 13:28:20.413,-15,FALSE,FALSE,10-17-2017 13:28:29.667,,,10-17-2017 13:28:29.667,System.Byte[],Waived current late fee 1.
,1147905,1495,267973,6051859,257868,3390363,93,88,934244,10-19-2017 11:20:25.327,15,FALSE,FALSE,10-19-2017 11:20:41.160,,,10-19-2017 11:20:41.160,System.Byte[],Waived current late fee 1.
,1147906,1495,267973,6051859,257868,3390363,93,88,934244,10-19-2017 11:20:25.327,-15,FALSE,FALSE,10-19-2017 11:20:41.160,,,10-19-2017 11:20:41.160,System.Byte[],Waived current late fee 1.
,1150709,1495,268760,6063497,254845,3395722,1179,88,935400,10-27-2017 17:31:48.387,25,FALSE,FALSE,10-27-2017 17:31:50.330,,,10-27-2017 17:31:50.330,System.Byte[],Waived current late fee 2.
,1150710,1495,268760,6063497,254845,3395722,1179,88,935400,10-27-2017 17:31:48.387,-25,FALSE,FALSE,10-27-2017 17:31:50.330,,,10-27-2017 17:31:50.330,System.Byte[],Waived current late fee 2.
,1151309,1495,268852,6067283,250362,3397727,93,88,935775,10-30-2017 16:36:51.347,15,FALSE,FALSE,10-30-2017 16:36:47.027,,,10-30-2017 16:36:47.027,System.Byte[],Waived current late fee 1.
,1151310,1495,268852,6067283,250362,3397727,93,88,935775,10-30-2017 16:36:51.347,-15,FALSE,FALSE,10-30-2017 16:36:47.027,,,10-30-2017 16:36:47.027,System.Byte[],Waived current late fee 1.
,1152664,1495,269338,6086955,249967,3410071,3240,88,936889,11-03-2017 10:50:33.060,15,FALSE,FALSE,11-03-2017 10:50:49.710,,,11-03-2017 10:50:49.710,System.Byte[],Waived current late fee 1.
,1152665,1495,269338,6086955,249967,3410071,3240,88,936889,11-03-2017 10:50:33.060,-15,FALSE,FALSE,11-03-2017 10:50:49.710,,,11-03-2017 10:50:49.710,System.Byte[],Waived current late fee 1.
,1153084,1495,269454,6090756,152543,3412189,1179,88,937120,11-04-2017 8:58:32.350,15,FALSE,FALSE,11-04-2017 8:58:27.833,,,11-04-2017 8:58:27.833,System.Byte[],Waived current late fee 1.
,1153085,1495,269454,6090756,152543,3412189,1179,88,937120,11-04-2017 8:58:32.350,-15,FALSE,FALSE,11-04-2017 8:58:27.833,,,11-04-2017 8:58:27.833,System.Byte[],Waived current late fee 1.
,1154203,1495,269775,6098713,266036,3416633,2082,88,937725,11-07-2017 15:12:09.480,15,FALSE,FALSE,11-07-2017 15:12:05.203,,,11-07-2017 15:12:05.203,System.Byte[],Waived current late fee 1.
,1154204,1495,269775,6098713,266036,3416633,2082,88,937725,11-07-2017 15:12:09.480,-15,FALSE,FALSE,11-07-2017 15:12:05.207,,,11-07-2017 15:12:05.207,System.Byte[],Waived current late fee 1.
,1154205,1495,269775,6098714,266036,3416633,2082,88,937726,11-07-2017 15:12:09.480,25,FALSE,FALSE,11-07-2017 15:12:05.207,,,11-07-2017 15:12:05.207,System.Byte[],Waived current late fee 2.
,1154206,1495,269775,6098714,266036,3416633,2082,88,937726,11-07-2017 15:12:09.480,-25,FALSE,FALSE,11-07-2017 15:12:05.210,,,11-07-2017 15:12:05.210,System.Byte[],Waived current late fee 2.
,1155538,1495,269995,6104378,222434,3419406,93,88,938144,11-09-2017 15:58:48.087,15,FALSE,FALSE,11-09-2017 15:59:02.330,,,11-09-2017 15:59:02.330,System.Byte[],Waived current late fee 1.
,1155539,1495,269995,6104378,222434,3419406,93,88,938144,11-09-2017 15:58:48.087,-15,FALSE,FALSE,11-09-2017 15:59:02.330,,,11-09-2017 15:59:02.330,System.Byte[],Waived current late fee 1.
,1155550,1495,269995,6104510,1510,3419467,93,88,938151,11-09-2017 16:22:28.877,15,FALSE,FALSE,11-09-2017 16:22:22.487,,,11-09-2017 16:22:22.487,System.Byte[],Waived current late fee 1.
,1155551,1495,269995,6104510,1510,3419467,93,88,938151,11-09-2017 16:22:28.877,-15,FALSE,FALSE,11-09-2017 16:22:22.487,,,11-09-2017 16:22:22.487,System.Byte[],Waived current late fee 1.
,1157240,1495,270332,6112574,146366,3423501,93,88,938765,11-13-2017 15:53:21.053,25,FALSE,FALSE,11-13-2017 15:53:15.243,,,11-13-2017 15:53:15.243,System.Byte[],Waived current late fee 2.
,1157241,1495,270332,6112574,146366,3423501,93,88,938765,11-13-2017 15:53:21.053,-25,FALSE,FALSE,11-13-2017 15:53:15.243,,,11-13-2017 15:53:15.243,System.Byte[],Waived current late fee 2.
,1157764,1495,270479,6114313,265250,3424278,2082,88,938976,11-14-2017 15:09:56.603,15,FALSE,FALSE,11-14-2017 15:09:57.410,,,11-14-2017 15:09:57.410,System.Byte[],Waived current late fee 1.
,1157765,1495,270479,6114313,265250,3424278,2082,88,938976,11-14-2017 15:09:56.603,-15,FALSE,FALSE,11-14-2017 15:09:57.410,,,11-14-2017 15:09:57.410,System.Byte[],Waived current late fee 1.
,1162026,1495,271571,6132242,252344,3432782,3240,88,940721,11-24-2017 9:57:45.617,15,FALSE,FALSE,11-24-2017 9:58:48.300,,,11-24-2017 9:58:48.300,System.Byte[],Waived current late fee 1.
,1162027,1495,271571,6132242,252344,3432782,3240,88,940721,11-24-2017 9:57:45.617,-15,FALSE,FALSE,11-24-2017 9:58:48.300,,,11-24-2017 9:58:48.300,System.Byte[],Waived current late fee 1.
,1162496,1495,271782,6135799,168477,3434588,93,88,941091,11-27-2017 12:09:42.587,15,FALSE,FALSE,11-27-2017 12:10:04.753,,,11-27-2017 12:10:04.753,System.Byte[],Waived current late fee 1.
,1162497,1495,271782,6135799,168477,3434588,93,88,941091,11-27-2017 12:09:42.587,-15,FALSE,FALSE,11-27-2017 12:10:04.753,,,11-27-2017 12:10:04.753,System.Byte[],Waived current late fee 1.
,1162760,1495,271934,6137744,263959,3435547,93,88,941358,11-28-2017 12:38:39.843,15,FALSE,FALSE,11-28-2017 12:38:43.390,,,11-28-2017 12:38:43.390,System.Byte[],Waived current late fee 1.
,1162761,1495,271934,6137744,263959,3435547,93,88,941358,11-28-2017 12:38:39.843,-15,FALSE,FALSE,11-28-2017 12:38:43.390,,,11-28-2017 12:38:43.390,System.Byte[],Waived current late fee 1.
,1165458,1495,272477,6162984,152543,3450493,93,88,942690,12-04-2017 11:34:00.330,15,FALSE,FALSE,12-04-2017 11:34:03.360,,,12-04-2017 11:34:03.360,System.Byte[],Waived current late fee 1.
,1165459,1495,272477,6162984,152543,3450493,93,88,942690,12-04-2017 11:34:00.330,-15,FALSE,FALSE,12-04-2017 11:34:03.360,,,12-04-2017 11:34:03.360,System.Byte[],Waived current late fee 1.
,1166724,1495,273027,6173732,222434,3456640,93,88,943546,12-08-2017 10:00:33.960,15,FALSE,FALSE,12-08-2017 10:00:36.157,,,12-08-2017 10:00:36.157,System.Byte[],Waived current late fee 1.
,1166725,1495,273027,6173732,222434,3456640,93,88,943546,12-08-2017 10:00:33.960,-15,FALSE,FALSE,12-08-2017 10:00:36.157,,,12-08-2017 10:00:36.157,System.Byte[],Waived current late fee 1.
,1167500,1495,273247,6180167,269056,3460259,93,88,943996,12-11-2017 11:29:49.857,15,FALSE,FALSE,12-11-2017 11:30:14.527,,,12-11-2017 11:30:14.527,System.Byte[],Waived current late fee 1.
,1167501,1495,273247,6180167,269056,3460259,93,88,943996,12-11-2017 11:29:49.857,-15,FALSE,FALSE,12-11-2017 11:30:14.530,,,12-11-2017 11:30:14.530,System.Byte[],Waived current late fee 1.
,1170750,1495,273742,6189927,58784,3464361,1179,88,944920,12-15-2017 17:39:43.893,15,FALSE,FALSE,12-15-2017 17:39:45.847,,,12-15-2017 17:39:45.847,System.Byte[],Waived current late fee 1.
,1170751,1495,273742,6189927,58784,3464361,1179,88,944920,12-15-2017 17:39:43.893,-15,FALSE,FALSE,12-15-2017 17:39:45.847,,,12-15-2017 17:39:45.847,System.Byte[],Waived current late fee 1.
,1171488,1495,274080,6193481,84383,3466039,1212,88,945215,12-19-2017 9:34:03.727,25,FALSE,FALSE,12-19-2017 9:34:05.933,,,12-19-2017 9:34:05.933,System.Byte[],Waived current late fee 2.
,1171489,1495,274080,6193481,84383,3466039,1212,88,945215,12-19-2017 9:34:03.727,-25,FALSE,FALSE,12-19-2017 9:34:05.937,,,12-19-2017 9:34:05.937,System.Byte[],Waived current late fee 2.
,1172166,1495,274264,6196685,265841,3467540,93,88,945545,12-21-2017 14:07:06.787,15,FALSE,FALSE,12-21-2017 14:07:08.613,,,12-21-2017 14:07:08.613,System.Byte[],Waived current late fee 1.
,1172167,1495,274264,6196685,265841,3467540,93,88,945545,12-21-2017 14:07:06.787,-15,FALSE,FALSE,12-21-2017 14:07:08.617,,,12-21-2017 14:07:08.617,System.Byte[],Waived current late fee 1.
,1174330,1495,274920,6205594,270787,3471892,93,88,946450,12-29-2017 9:29:09.997,15,FALSE,FALSE,12-29-2017 9:29:08.727,,,12-29-2017 9:29:08.727,System.Byte[],Waived current late fee 1.
,1174331,1495,274920,6205594,270787,3471892,93,88,946450,12-29-2017 9:29:09.997,-15,FALSE,FALSE,12-29-2017 9:29:08.727,,,12-29-2017 9:29:08.727,System.Byte[],Waived current late fee 1.
,1175136,1495,275119,6212066,1777,3475474,2082,88,946942,01-02-2018 9:32:34.080,25,FALSE,FALSE,01-02-2018 9:33:05.557,,,01-02-2018 9:33:05.557,System.Byte[],Waived current late fee 2.
,1175137,1495,275119,6212066,1777,3475474,2082,88,946942,01-02-2018 9:32:34.080,-25,FALSE,FALSE,01-02-2018 9:33:05.557,,,01-02-2018 9:33:05.557,System.Byte[],Waived current late fee 2.
,1176717,1495,275475,6230730,152543,3486843,93,88,947868,01-04-2018 9:45:40.693,15,FALSE,FALSE,01-04-2018 9:45:39.200,,,01-04-2018 9:45:39.200,System.Byte[],Waived current late fee 1.
,1176718,1495,275475,6230730,152543,3486843,93,88,947868,01-04-2018 9:45:40.693,-15,FALSE,FALSE,01-04-2018 9:45:39.200,,,01-04-2018 9:45:39.200,System.Byte[],Waived current late fee 1.
,1178190,1495,275805,6241814,1656,3492954,1179,88,948705,01-08-2018 16:57:53.633,15,FALSE,FALSE,01-08-2018 16:57:42.340,,,01-08-2018 16:57:42.340,System.Byte[],Waived current late fee 1.
,1178191,1495,275805,6241814,1656,3492954,1179,88,948705,01-08-2018 16:57:53.633,-15,FALSE,FALSE,01-08-2018 16:57:42.340,,,01-08-2018 16:57:42.340,System.Byte[],Waived current late fee 1.
,1178282,1495,275993,6242831,222100,3493552,2082,88,948756,01-09-2018 9:25:19.613,15,FALSE,FALSE,01-09-2018 9:25:37.027,,,01-09-2018 9:25:37.027,System.Byte[],Waived current late fee 1.
,1178283,1495,275993,6242831,222100,3493552,2082,88,948756,01-09-2018 9:25:19.613,-15,FALSE,FALSE,01-09-2018 9:25:37.027,,,01-09-2018 9:25:37.027,System.Byte[],Waived current late fee 1.
,1181378,1495,277143,6263061,267972,3503298,93,88,950788,01-22-2018 9:39:00.317,15,FALSE,FALSE,01-22-2018 9:39:32.907,,,01-22-2018 9:39:32.907,System.Byte[],Waived current late fee 1.
,1181379,1495,277143,6263061,267972,3503298,93,88,950788,01-22-2018 9:39:00.317,-15,FALSE,FALSE,01-22-2018 9:39:32.907,,,01-22-2018 9:39:32.907,System.Byte[],Waived current late fee 1.
,1181706,1495,277294,6264638,1650,3504062,2082,88,950997,01-23-2018 11:42:17.407,25,FALSE,FALSE,01-23-2018 11:42:22.787,,,01-23-2018 11:42:22.787,System.Byte[],Waived current late fee 2.
,1181707,1495,277294,6264638,1650,3504062,2082,88,950997,01-23-2018 11:42:17.407,-25,FALSE,FALSE,01-23-2018 11:42:22.787,,,01-23-2018 11:42:22.787,System.Byte[],Waived current late fee 2.
,1181774,1495,277294,6264826,263615,3504145,2082,88,951028,01-23-2018 12:43:50.243,15,FALSE,FALSE,01-23-2018 12:44:19.137,,,01-23-2018 12:44:19.137,System.Byte[],Waived current late fee 1.
,1181775,1495,277294,6264826,263615,3504145,2082,88,951028,01-23-2018 12:43:50.243,-15,FALSE,FALSE,01-23-2018 12:44:19.140,,,01-23-2018 12:44:19.140,System.Byte[],Waived current late fee 1.
,1181776,1495,277294,6264840,264811,3504153,2082,88,951032,01-23-2018 12:45:41.130,15,FALSE,FALSE,01-23-2018 12:46:03.647,,,01-23-2018 12:46:03.647,System.Byte[],Waived current late fee 1.
,1181777,1495,277294,6264840,264811,3504153,2082,88,951032,01-23-2018 12:45:41.130,-15,FALSE,FALSE,01-23-2018 12:46:03.647,,,01-23-2018 12:46:03.647,System.Byte[],Waived current late fee 1.
,1187295,1495,279020,6311822,273625,3530558,93,88,954575,02-09-2018 13:57:40.180,15,FALSE,FALSE,02-09-2018 13:57:42.380,,,02-09-2018 13:57:42.380,System.Byte[],Waived current late fee 1.
,1187296,1495,279020,6311822,273625,3530558,93,88,954575,02-09-2018 13:57:40.180,-15,FALSE,FALSE,02-09-2018 13:57:42.380,,,02-09-2018 13:57:42.380,System.Byte[],Waived current late fee 1.
,1190466,1495,279926,6328376,147446,3538307,93,88,956062,02-19-2018 16:41:15.227,15,FALSE,FALSE,02-19-2018 16:41:35.887,,,02-19-2018 16:41:35.887,System.Byte[],Waived current late fee 1.
,1190467,1495,279926,6328376,147446,3538307,93,88,956062,02-19-2018 16:41:15.227,-15,FALSE,FALSE,02-19-2018 16:41:35.887,,,02-19-2018 16:41:35.887,System.Byte[],Waived current late fee 1.
,1192839,1495,280994,6353996,252344,3552522,93,88,957911,03-02-2018 10:15:10.623,25,FALSE,FALSE,03-02-2018 10:15:14.550,,,03-02-2018 10:15:14.550,System.Byte[],Waived current late fee 2.
,1192840,1495,280994,6353996,252344,3552522,93,88,957911,03-02-2018 10:15:10.623,-25,FALSE,FALSE,03-02-2018 10:15:14.580,,,03-02-2018 10:15:14.580,System.Byte[],Waived current late fee 2.
,1196029,1495,282135,6377190,54734,3565013,93,88,960126,03-16-2018 9:14:46.853,25,FALSE,FALSE,03-16-2018 9:14:46.180,,,03-16-2018 9:14:46.180,System.Byte[],Waived current late fee 2.
,1196030,1495,282135,6377190,54734,3565013,93,88,960126,03-16-2018 9:14:46.853,-25,FALSE,FALSE,03-16-2018 9:14:46.187,,,03-16-2018 9:14:46.187,System.Byte[],Waived current late fee 2.
,1196391,1495,282190,6378415,276381,3565545,2082,88,960277,03-17-2018 12:12:11.450,15,FALSE,FALSE,03-17-2018 12:13:17.930,,,03-17-2018 12:13:17.930,System.Byte[],Waived current late fee 1.
,1196392,1495,282190,6378415,276381,3565545,2082,88,960277,03-17-2018 12:12:11.450,-15,FALSE,FALSE,03-17-2018 12:13:17.930,,,03-17-2018 12:13:17.930,System.Byte[],Waived current late fee 1.
,1199829,1495,282884,6393690,86393,3574131,2082,88,961934,04-03-2018 16:17:13.883,15,FALSE,FALSE,04-03-2018 16:17:29.000,,,04-03-2018 16:17:29.000,System.Byte[],Waived current late fee 1.
,1199830,1495,282884,6393690,86393,3574131,2082,88,961934,04-03-2018 16:17:13.883,-15,FALSE,FALSE,04-03-2018 16:17:29.033,,,04-03-2018 16:17:29.033,System.Byte[],Waived current late fee 1.
,1200265,1495,282996,6396079,273625,3575603,93,88,962311,04-06-2018 12:37:10.960,15,FALSE,FALSE,04-06-2018 12:37:12.420,,,04-06-2018 12:37:12.420,System.Byte[],Waived current late fee 1.
,1200266,1495,282996,6396079,273625,3575603,93,88,962311,04-06-2018 12:37:10.960,-15,FALSE,FALSE,04-06-2018 12:37:12.420,,,04-06-2018 12:37:12.420,System.Byte[],Waived current late fee 1.
,1200547,1495,283065,6397699,272040,3576593,93,88,962548,04-09-2018 12:51:47.800,15,FALSE,FALSE,04-09-2018 12:51:44.950,,,04-09-2018 12:51:44.950,System.Byte[],Waived current late fee 1.
,1200548,1495,283065,6397699,272040,3576593,93,88,962548,04-09-2018 12:51:47.800,-15,FALSE,FALSE,04-09-2018 12:51:44.953,,,04-09-2018 12:51:44.953,System.Byte[],Waived current late fee 1.
,1203939,1495,284045,6419292,1510,3589514,2082,88,965721,05-08-2018 8:54:02.323,15,FALSE,FALSE,05-08-2018 8:54:08.463,,,05-08-2018 8:54:08.463,System.Byte[],Waived current late fee 1.
,1203940,1495,284045,6419292,1510,3589514,2082,88,965721,05-08-2018 8:54:02.323,-15,FALSE,FALSE,05-08-2018 8:54:08.557,,,05-08-2018 8:54:08.557,System.Byte[],Waived current late fee 1.
,1204141,1495,284072,6420145,278915,3589983,1212,88,965859,05-09-2018 10:55:14.177,15,FALSE,FALSE,05-09-2018 10:55:11.010,,,05-09-2018 10:55:11.010,System.Byte[],Waived current late fee 1.
,1204142,1495,284072,6420145,278915,3589983,1212,88,965859,05-09-2018 10:55:14.177,-15,FALSE,FALSE,05-09-2018 10:55:11.033,,,05-09-2018 10:55:11.033,System.Byte[],Waived current late fee 1.
,1401377,1495,284106,7514497,278915,4175279,2082,88,1049526,05-10-2018 12:25:33.810,15,FALSE,FALSE,05-10-2018 12:26:03.270,,,05-10-2018 12:26:03.270,System.Byte[],Waived current late fee 1.
,1401378,1495,284106,7514497,278915,4175279,2082,88,1049526,05-10-2018 12:25:33.810,-15,FALSE,FALSE,05-10-2018 12:26:03.270,,,05-10-2018 12:26:03.270,System.Byte[],Waived current late fee 1.
,1401581,1495,331658,7515469,217488,4175771,1212,88,1049754,05-11-2018 15:40:32.197,15,FALSE,FALSE,05-11-2018 15:40:26.967,,,05-11-2018 15:40:26.967,System.Byte[],Waived current late fee 1.
,1401582,1495,331658,7515469,217488,4175771,1212,88,1049754,05-11-2018 15:40:32.197,-15,FALSE,FALSE,05-11-2018 15:40:26.967,,,05-11-2018 15:40:26.967,System.Byte[],Waived current late fee 1.
,1401767,1495,331723,7516933,147446,4176635,1179,88,1049947,05-14-2018 16:21:53.130,15,FALSE,FALSE,05-14-2018 16:21:48.610,,,05-14-2018 16:21:48.610,System.Byte[],Waived current late fee 1.
,1401768,1495,331723,7516933,147446,4176635,1179,88,1049947,05-14-2018 16:21:53.130,-15,FALSE,FALSE,05-14-2018 16:21:48.633,,,05-14-2018 16:21:48.633,System.Byte[],Waived current late fee 1.
,1405965,1495,332315,7536040,264811,4187801,1179,88,1052239,06-01-2018 15:43:42.737,15,FALSE,FALSE,06-01-2018 15:43:40.590,,,06-01-2018 15:43:40.590,System.Byte[],Waived current late fee 1.
,1405966,1495,332315,7536040,264811,4187801,1179,88,1052239,06-01-2018 15:43:42.737,-15,FALSE,FALSE,06-01-2018 15:43:40.593,,,06-01-2018 15:43:40.593,System.Byte[],Waived current late fee 1.
,1405967,1495,332315,7536043,263615,4187803,1179,88,1052240,06-01-2018 15:44:05.730,15,FALSE,FALSE,06-01-2018 15:44:02.870,,,06-01-2018 15:44:02.870,System.Byte[],Waived current late fee 1.
,1405968,1495,332315,7536043,263615,4187803,1179,88,1052240,06-01-2018 15:44:05.730,-15,FALSE,FALSE,06-01-2018 15:44:02.900,,,06-01-2018 15:44:02.900,System.Byte[],Waived current late fee 1.
,1406105,1495,332742,7537847,152543,4188996,93,88,1052465,06-04-2018 9:42:31.900,15,FALSE,FALSE,06-04-2018 9:42:29.747,,,06-04-2018 9:42:29.747,System.Byte[],Waived current late fee 1.
,1406106,1495,332742,7537847,152543,4188996,93,88,1052465,06-04-2018 9:42:31.900,-15,FALSE,FALSE,06-04-2018 9:42:29.767,,,06-04-2018 9:42:29.767,System.Byte[],Waived current late fee 1.
,1407393,1495,333042,7544306,267428,4192743,2082,88,1053526,06-12-2018 10:42:57.460,15,FALSE,FALSE,06-12-2018 10:43:05.117,,,06-12-2018 10:43:05.117,System.Byte[],Waived current late fee 1.
,1407394,1495,333042,7544306,267428,4192743,2082,88,1053526,06-12-2018 10:42:57.460,-15,FALSE,FALSE,06-12-2018 10:43:05.120,,,06-12-2018 10:43:05.120,System.Byte[],Waived current late fee 1.
,1407895,1495,333140,7546767,273625,4194079,1179,88,1053883,06-15-2018 14:56:37.623,15,FALSE,FALSE,06-15-2018 14:56:38.893,,,06-15-2018 14:56:38.893,System.Byte[],Waived current late fee 1.
,1407896,1495,333140,7546767,273625,4194079,1179,88,1053883,06-15-2018 14:56:37.623,-15,FALSE,FALSE,06-15-2018 14:56:38.910,,,06-15-2018 14:56:38.910,System.Byte[],Waived current late fee 1.
,1408597,1495,333367,7550735,279297,4196300,2082,88,1054394,06-22-2018 12:46:32.593,15,FALSE,FALSE,06-22-2018 12:46:26.730,,,06-22-2018 12:46:26.730,System.Byte[],Waived current late fee 1.
,1408598,1495,333367,7550735,279297,4196300,2082,88,1054394,06-22-2018 12:46:32.593,-15,FALSE,FALSE,06-22-2018 12:46:26.730,,,06-22-2018 12:46:26.730,System.Byte[],Waived current late fee 1.
,1408641,1495,333404,7551081,1777,4196497,1179,88,1054432,06-23-2018 9:05:56.157,15,FALSE,FALSE,06-23-2018 9:05:49.773,,,06-23-2018 9:05:49.773,System.Byte[],Waived current late fee 1.
,1408642,1495,333404,7551081,1777,4196497,1179,88,1054432,06-23-2018 9:05:56.157,-15,FALSE,FALSE,06-23-2018 9:05:49.777,,,06-23-2018 9:05:49.777,System.Byte[],Waived current late fee 1.
,1408713,1495,333439,7551777,265825,4196937,93,88,1054512,06-25-2018 9:19:44.370,15,FALSE,FALSE,06-25-2018 9:19:38.393,,,06-25-2018 9:19:38.393,System.Byte[],Waived current late fee 1.
,1408714,1495,333439,7551777,265825,4196937,93,88,1054512,06-25-2018 9:19:44.370,-15,FALSE,FALSE,06-25-2018 9:19:38.397,,,06-25-2018 9:19:38.397,System.Byte[],Waived current late fee 1.
,1408909,1495,333532,7553410,156627,4197816,1212,88,1054768,06-27-2018 10:20:20.473,15,FALSE,FALSE,06-27-2018 10:20:14.960,,,06-27-2018 10:20:14.960,System.Byte[],Waived current late fee 1.
,1408910,1495,333532,7553410,156627,4197816,1212,88,1054768,06-27-2018 10:20:20.473,-15,FALSE,FALSE,06-27-2018 10:20:14.997,,,06-27-2018 10:20:14.997,System.Byte[],Waived current late fee 1.
,1409111,1495,333603,7555045,136884,4198760,93,88,1055052,06-29-2018 12:23:13.163,25,FALSE,FALSE,06-29-2018 12:23:07.640,,,06-29-2018 12:23:07.640,System.Byte[],Waived current late fee 2.
,1409112,1495,333603,7555045,136884,4198760,93,88,1055052,06-29-2018 12:23:13.163,-25,FALSE,FALSE,06-29-2018 12:23:07.657,,,06-29-2018 12:23:07.657,System.Byte[],Waived current late fee 2.
,1409367,1495,333669,7558280,327123,4200985,93,88,1055353,07-02-2018 11:35:19.250,15,FALSE,FALSE,07-02-2018 11:35:13.827,,,07-02-2018 11:35:13.827,System.Byte[],Waived current late fee 1.
,1409368,1495,333669,7558280,327123,4200985,93,88,1055353,07-02-2018 11:35:19.250,-15,FALSE,FALSE,07-02-2018 11:35:13.843,,,07-02-2018 11:35:13.843,System.Byte[],Waived current late fee 1.
,1409985,1495,333858,7564070,152543,4204797,1179,88,1056141,07-07-2018 9:58:47.737,15,FALSE,FALSE,07-07-2018 9:58:50.380,,,07-07-2018 9:58:50.380,System.Byte[],Waived current late fee 1.
,1409986,1495,333858,7564070,152543,4204797,1179,88,1056141,07-07-2018 9:58:47.737,-15,FALSE,FALSE,07-07-2018 9:58:50.417,,,07-07-2018 9:58:50.417,System.Byte[],Waived current late fee 1.
,1410089,1495,333892,7564990,1510,4205374,93,88,1056260,07-09-2018 10:52:43.757,15,FALSE,FALSE,07-09-2018 10:52:51.050,,,07-09-2018 10:52:51.050,System.Byte[],Waived current late fee 1.
,1410090,1495,333892,7564990,1510,4205374,93,88,1056260,07-09-2018 10:52:43.757,-15,FALSE,FALSE,07-09-2018 10:52:51.063,,,07-09-2018 10:52:51.063,System.Byte[],Waived current late fee 1.
,1410589,1495,333954,7566291,246405,4206027,2082,88,1056550,07-10-2018 13:30:05.327,15,FALSE,FALSE,07-10-2018 13:30:20.020,,,07-10-2018 13:30:20.020,System.Byte[],Waived current late fee 1.
,1410590,1495,333954,7566291,246405,4206027,2082,88,1056550,07-10-2018 13:30:05.327,-15,FALSE,FALSE,07-10-2018 13:30:20.347,,,07-10-2018 13:30:20.347,System.Byte[],Waived current late fee 1.
,1410631,1495,333986,7566692,1639,4206262,1212,88,1056606,07-11-2018 10:01:26.363,15,FALSE,FALSE,07-11-2018 10:01:18.277,,,07-11-2018 10:01:18.277,System.Byte[],Waived current late fee 1.
,1410632,1495,333986,7566692,1639,4206262,1212,88,1056606,07-11-2018 10:01:26.363,-15,FALSE,FALSE,07-11-2018 10:01:18.407,,,07-11-2018 10:01:18.407,System.Byte[],Waived current late fee 1.
,1412097,1495,334281,7572766,252010,4209571,93,88,1057357,07-20-2018 14:49:30.173,15,FALSE,FALSE,07-20-2018 14:49:23.760,,,07-20-2018 14:49:23.760,System.Byte[],Waived current late fee 1.
,1412098,1495,334281,7572766,252010,4209571,93,88,1057357,07-20-2018 14:49:30.173,-15,FALSE,FALSE,07-20-2018 14:49:23.867,,,07-20-2018 14:49:23.867,System.Byte[],Waived current late fee 1.
,1414223,1495,334701,7583591,271808,4216248,93,88,1058628,08-02-2018 11:01:56.847,15,FALSE,FALSE,08-02-2018 11:01:59.090,,,08-02-2018 11:01:59.090,System.Byte[],Waived current late fee 1.
,1414224,1495,334701,7583591,271808,4216248,93,88,1058628,08-02-2018 11:01:56.847,-15,FALSE,FALSE,08-02-2018 11:01:59.133,,,08-02-2018 11:01:59.133,System.Byte[],Waived current late fee 1.
,1414659,1495,334811,7586925,49648,4218332,93,88,1059102,08-06-2018 13:07:57.153,15,FALSE,FALSE,08-06-2018 13:07:46.640,,,08-06-2018 13:07:46.640,System.Byte[],Waived current late fee 1.
,1414660,1495,334811,7586925,49648,4218332,93,88,1059102,08-06-2018 13:07:57.153,-15,FALSE,FALSE,08-06-2018 13:07:46.667,,,08-06-2018 13:07:46.667,System.Byte[],Waived current late fee 1.
,1415483,1495,335136,7592715,328617,4221701,1212,88,1059851,08-15-2018 9:40:08.633,15,FALSE,FALSE,08-15-2018 9:40:12.707,,,08-15-2018 9:40:12.707,System.Byte[],Waived current late fee 1.
,1415484,1495,335136,7592715,328617,4221701,1212,88,1059851,08-15-2018 9:40:08.633,-15,FALSE,FALSE,08-15-2018 9:40:12.710,,,08-15-2018 9:40:12.710,System.Byte[],Waived current late fee 1.
,1415485,1495,335136,7592716,276145,4221701,1212,88,1059852,08-15-2018 9:40:08.633,15,FALSE,FALSE,08-15-2018 9:40:12.713,,,08-15-2018 9:40:12.713,System.Byte[],Waived current late fee 1.
,1415486,1495,335136,7592716,276145,4221701,1212,88,1059852,08-15-2018 9:40:08.633,-15,FALSE,FALSE,08-15-2018 9:40:12.933,,,08-15-2018 9:40:12.933,System.Byte[],Waived current late fee 1.
,1416285,1495,335396,7597112,252010,4224322,93,88,1060519,08-23-2018 11:59:50.703,15,FALSE,FALSE,08-23-2018 11:59:53.110,,,08-23-2018 11:59:53.110,System.Byte[],Waived current late fee 1.
,1416286,1495,335396,7597112,252010,4224322,93,88,1060519,08-23-2018 11:59:50.703,-15,FALSE,FALSE,08-23-2018 11:59:53.127,,,08-23-2018 11:59:53.127,System.Byte[],Waived current late fee 1.
,1416537,1495,335499,7599084,238125,4225439,93,88,1060794,08-27-2018 10:15:19.173,15,FALSE,FALSE,08-27-2018 10:15:22.730,,,08-27-2018 10:15:22.730,System.Byte[],Waived current late fee 1.
,1416538,1495,335499,7599084,238125,4225439,93,88,1060794,08-27-2018 10:15:19.173,-15,FALSE,FALSE,08-27-2018 10:15:22.740,,,08-27-2018 10:15:22.740,System.Byte[],Waived current late fee 1.
,1417559,1495,335726,7607608,328635,4231057,2082,88,1061753,09-04-2018 15:37:02.573,15,FALSE,FALSE,09-04-2018 15:37:22.933,,,09-04-2018 15:37:22.933,System.Byte[],Waived current late fee 1.
,1417560,1495,335726,7607608,328635,4231057,2082,88,1061753,09-04-2018 15:37:02.573,-15,FALSE,FALSE,09-04-2018 15:37:22.933,,,09-04-2018 15:37:22.933,System.Byte[],Waived current late fee 1.
,1417871,1495,335909,7610863,86852,4233010,1179,88,1062224,09-08-2018 9:10:13.123,15,FALSE,FALSE,09-08-2018 9:10:17.253,,,09-08-2018 9:10:17.253,System.Byte[],Waived current late fee 1.
,1417872,1495,335909,7610863,86852,4233010,1179,88,1062224,09-08-2018 9:10:13.123,-15,FALSE,FALSE,09-08-2018 9:10:17.297,,,09-08-2018 9:10:17.297,System.Byte[],Waived current late fee 1.
,1418879,1495,336354,7618367,228576,4237533,93,88,1063276,09-21-2018 9:20:33.873,15,FALSE,FALSE,09-21-2018 9:20:28.747,,,09-21-2018 9:20:28.747,System.Byte[],Waived current late fee 1.
,1418880,1495,336354,7618367,228576,4237533,93,88,1063276,09-21-2018 9:20:33.873,-15,FALSE,FALSE,09-21-2018 9:20:28.750,,,09-21-2018 9:20:28.750,System.Byte[],Waived current late fee 1.
,1419485,1495,336515,7622215,275986,4239653,93,88,1063863,09-27-2018 14:20:22.127,15,FALSE,FALSE,09-27-2018 14:20:12.840,,,09-27-2018 14:20:12.840,System.Byte[],Waived current late fee 1.
,1419486,1495,336515,7622215,275986,4239653,93,88,1063863,09-27-2018 14:20:22.127,-15,FALSE,FALSE,09-27-2018 14:20:12.840,,,09-27-2018 14:20:12.840,System.Byte[],Waived current late fee 1.
,1419757,1495,336620,7623910,330676,4240640,93,88,1064097,09-29-2018 15:27:24.920,15,FALSE,FALSE,09-29-2018 15:27:16.290,,,09-29-2018 15:27:16.290,System.Byte[],Waived current late fee 1.
,1419758,1495,336620,7623910,330676,4240640,93,88,1064097,09-29-2018 15:27:24.920,-15,FALSE,FALSE,09-29-2018 15:27:16.290,,,09-29-2018 15:27:16.290,System.Byte[],Waived current late fee 1.
,1420529,1495,336852,7632530,330449,4246502,2082,88,1064968,10-08-2018 10:18:09.403,15,FALSE,FALSE,10-08-2018 10:18:01.620,,,10-08-2018 10:18:01.620,System.Byte[],Waived current late fee 1.
,1420530,1495,336852,7632530,330449,4246502,2082,88,1064968,10-08-2018 10:18:09.403,-15,FALSE,FALSE,10-08-2018 10:18:01.620,,,10-08-2018 10:18:01.620,System.Byte[],Waived current late fee 1.
,1421479,1495,337206,7638525,330254,4249870,1212,88,1065881,10-17-2018 17:05:03.647,15,FALSE,FALSE,10-17-2018 17:05:07.390,,,10-17-2018 17:05:07.390,System.Byte[],Waived current late fee 1.
,1421480,1495,337206,7638525,330254,4249870,1212,88,1065881,10-17-2018 17:05:03.647,-15,FALSE,FALSE,10-17-2018 17:05:07.390,,,10-17-2018 17:05:07.390,System.Byte[],Waived current late fee 1.
,1421481,1495,337206,7638526,330254,4249870,1212,88,1065882,10-17-2018 17:05:03.647,25,FALSE,FALSE,10-17-2018 17:05:07.390,,,10-17-2018 17:05:07.390,System.Byte[],Waived current late fee 2.
,1421482,1495,337206,7638526,330254,4249870,1212,88,1065882,10-17-2018 17:05:03.647,-25,FALSE,FALSE,10-17-2018 17:05:07.390,,,10-17-2018 17:05:07.390,System.Byte[],Waived current late fee 2.
,1422483,1495,337585,7645721,279589,4254026,2082,88,1066901,10-30-2018 12:23:14.333,15,FALSE,FALSE,10-30-2018 12:23:07.927,,,10-30-2018 12:23:07.927,System.Byte[],Waived current late fee 1.
,1422484,1495,337585,7645721,279589,4254026,2082,88,1066901,10-30-2018 12:23:14.333,-15,FALSE,FALSE,10-30-2018 12:23:07.933,,,10-30-2018 12:23:07.933,System.Byte[],Waived current late fee 1.
,1422993,1495,337758,7651156,279252,4257779,2082,88,1067474,11-03-2018 13:04:14.580,15,FALSE,FALSE,11-03-2018 13:04:06.827,,,11-03-2018 13:04:06.827,System.Byte[],Waived current late fee 1.
,1422994,1495,337758,7651156,279252,4257779,2082,88,1067474,11-03-2018 13:04:14.580,-15,FALSE,FALSE,11-03-2018 13:04:06.827,,,11-03-2018 13:04:06.827,System.Byte[],Waived current late fee 1.
,1424075,1495,337885,7655610,49648,4260363,93,88,1068151,11-08-2018 15:14:57.817,15,FALSE,FALSE,11-08-2018 15:14:52.503,,,11-08-2018 15:14:52.503,System.Byte[],Waived current late fee 1.
,1424076,1495,337885,7655610,49648,4260363,93,88,1068151,11-08-2018 15:14:57.817,-15,FALSE,FALSE,11-08-2018 15:14:52.520,,,11-08-2018 15:14:52.520,System.Byte[],Waived current late fee 1.
,1424125,1495,337919,7656079,265841,4260620,93,88,1068192,11-09-2018 9:43:09.583,15,FALSE,FALSE,11-09-2018 9:43:02.520,,,11-09-2018 9:43:02.520,System.Byte[],Waived current late fee 1.
,1424126,1495,337919,7656079,265841,4260620,93,88,1068192,11-09-2018 9:43:09.583,-15,FALSE,FALSE,11-09-2018 9:43:02.543,,,11-09-2018 9:43:02.543,System.Byte[],Waived current late fee 1.
,1424161,1495,337919,7656386,328802,4260789,93,88,1068239,11-09-2018 13:31:01.520,15,FALSE,FALSE,11-09-2018 13:31:13.247,,,11-09-2018 13:31:13.247,System.Byte[],Waived current late fee 1.
,1424162,1495,337919,7656386,328802,4260789,93,88,1068239,11-09-2018 13:31:01.520,-15,FALSE,FALSE,11-09-2018 13:31:13.250,,,11-09-2018 13:31:13.250,System.Byte[],Waived current late fee 1.
,1424425,1495,337992,7658177,330630,4261781,2082,88,1068443,11-12-2018 16:04:10.240,15,FALSE,FALSE,11-12-2018 16:04:25.637,,,11-12-2018 16:04:25.637,System.Byte[],Waived current late fee 1.
,1424426,1495,337992,7658177,330630,4261781,2082,88,1068443,11-12-2018 16:04:10.240,-15,FALSE,FALSE,11-12-2018 16:04:25.650,,,11-12-2018 16:04:25.650,System.Byte[],Waived current late fee 1.
,1424521,1495,338044,7658749,147446,4262126,2082,88,1068516,11-13-2018 15:32:33.087,15,FALSE,FALSE,11-13-2018 15:32:42.650,,,11-13-2018 15:32:42.650,System.Byte[],Waived current late fee 1.
,1424522,1495,338044,7658749,147446,4262126,2082,88,1068516,11-13-2018 15:32:33.087,-15,FALSE,FALSE,11-13-2018 15:32:42.680,,,11-13-2018 15:32:42.680,System.Byte[],Waived current late fee 1.
,1424723,1495,338150,7660244,330500,4262990,2082,88,1068702,11-16-2018 9:05:34.347,25,FALSE,FALSE,11-16-2018 9:05:54.533,,,11-16-2018 9:05:54.533,System.Byte[],Waived current late fee 2.
,1424724,1495,338150,7660244,330500,4262990,2082,88,1068702,11-16-2018 9:05:34.347,-25,FALSE,FALSE,11-16-2018 9:05:54.533,,,11-16-2018 9:05:54.533,System.Byte[],Waived current late fee 2.
,1425023,1495,338218,7662074,255256,4264045,2082,88,1068968,11-19-2018 14:52:09.810,15,FALSE,FALSE,11-19-2018 14:52:42.863,,,11-19-2018 14:52:42.863,System.Byte[],Waived current late fee 1.
,1425024,1495,338218,7662074,255256,4264045,2082,88,1068968,11-19-2018 14:52:09.810,-15,FALSE,FALSE,11-19-2018 14:52:42.867,,,11-19-2018 14:52:42.867,System.Byte[],Waived current late fee 1.
,1425237,1495,338312,7663363,120450,4264834,1212,88,1069175,11-21-2018 16:54:28.113,15,FALSE,FALSE,11-21-2018 16:54:32.957,,,11-21-2018 16:54:32.957,System.Byte[],Waived current late fee 1.
,1425238,1495,338312,7663363,120450,4264834,1212,88,1069175,11-21-2018 16:54:28.113,-15,FALSE,FALSE,11-21-2018 16:54:33.000,,,11-21-2018 16:54:33.000,System.Byte[],Waived current late fee 1.
,1425277,1495,338351,7663833,272823,4265093,2082,88,1069222,11-23-2018 11:56:45.120,15,FALSE,FALSE,11-23-2018 11:57:14.093,,,11-23-2018 11:57:14.093,System.Byte[],Waived current late fee 1.
,1425278,1495,338351,7663833,272823,4265093,2082,88,1069222,11-23-2018 11:56:45.120,-15,FALSE,FALSE,11-23-2018 11:57:14.103,,,11-23-2018 11:57:14.103,System.Byte[],Waived current late fee 1.
,1425603,1495,338480,7666164,238125,4266449,2082,88,1069566,11-27-2018 15:15:35.560,15,FALSE,FALSE,11-27-2018 15:15:39.830,,,11-27-2018 15:15:39.830,System.Byte[],Waived current late fee 1.
,1425604,1495,338480,7666164,238125,4266449,2082,88,1069566,11-27-2018 15:15:35.560,-15,FALSE,FALSE,11-27-2018 15:15:39.840,,,11-27-2018 15:15:39.840,System.Byte[],Waived current late fee 1.
,1430048,1495,339030,7707173,328737,4290931,93,88,1073014,12-07-2018 9:47:38.253,15,FALSE,FALSE,12-07-2018 9:47:29.520,,,12-07-2018 9:47:29.520,System.Byte[],Waived current late fee 1.
,1430049,1495,339030,7707173,328737,4290931,93,88,1073014,12-07-2018 9:47:38.253,-15,FALSE,FALSE,12-07-2018 9:47:29.523,,,12-07-2018 9:47:29.523,System.Byte[],Waived current late fee 1.
,1430214,1495,339030,7707725,269333,4291225,93,88,1073132,12-07-2018 14:57:33.300,15,FALSE,FALSE,12-07-2018 14:57:24.127,,,12-07-2018 14:57:24.127,System.Byte[],Waived current late fee 1.
,1430215,1495,339030,7707725,269333,4291225,93,88,1073132,12-07-2018 14:57:33.300,-15,FALSE,FALSE,12-07-2018 14:57:24.140,,,12-07-2018 14:57:24.140,System.Byte[],Waived current late fee 1.
,1430736,1495,339221,7710808,206578,4292980,1212,88,1073535,12-12-2018 16:47:18.650,25,FALSE,FALSE,12-12-2018 16:47:20.377,,,12-12-2018 16:47:20.377,System.Byte[],Waived current late fee 2.
,1430737,1495,339221,7710808,206578,4292980,1212,88,1073535,12-12-2018 16:47:18.650,-25,FALSE,FALSE,12-12-2018 16:47:20.400,,,12-12-2018 16:47:20.400,System.Byte[],Waived current late fee 2.
,1430938,1495,339255,7711821,219990,4293570,93,88,1073707,12-14-2018 12:16:17.433,15,FALSE,FALSE,12-14-2018 12:16:19.133,,,12-14-2018 12:16:19.133,System.Byte[],Waived current late fee 1.
,1430939,1495,339255,7711821,219990,4293570,93,88,1073707,12-14-2018 12:16:17.433,-15,FALSE,FALSE,12-14-2018 12:16:19.150,,,12-14-2018 12:16:19.150,System.Byte[],Waived current late fee 1.
,1431368,1495,339380,7713925,1507,4294776,1212,88,1073940,12-18-2018 9:49:40.387,25,FALSE,FALSE,12-18-2018 9:49:32.010,,,12-18-2018 9:49:32.010,System.Byte[],Waived current late fee 2.
,1431369,1495,339380,7713925,1507,4294776,1212,88,1073940,12-18-2018 9:49:40.387,-25,FALSE,FALSE,12-18-2018 9:49:32.033,,,12-18-2018 9:49:32.033,System.Byte[],Waived current late fee 2.
,1431998,1495,339483,7716259,330845,4295982,93,88,1074252,12-21-2018 14:42:22.543,15,FALSE,FALSE,12-21-2018 14:42:25.080,,,12-21-2018 14:42:25.080,System.Byte[],Waived current late fee 1.
,1431999,1495,339483,7716259,330845,4295982,93,88,1074252,12-21-2018 14:42:22.543,-15,FALSE,FALSE,12-21-2018 14:42:25.080,,,12-21-2018 14:42:25.080,System.Byte[],Waived current late fee 1.
,1432552,1495,339678,7719846,237589,4297984,93,88,1074851,12-28-2018 12:46:57.947,15,FALSE,FALSE,12-28-2018 12:46:50.173,,,12-28-2018 12:46:50.173,System.Byte[],Waived current late fee 1.
,1432553,1495,339678,7719846,237589,4297984,93,88,1074851,12-28-2018 12:46:57.947,-15,FALSE,FALSE,12-28-2018 12:46:50.190,,,12-28-2018 12:46:50.190,System.Byte[],Waived current late fee 1.
,1432554,1495,339678,7719847,236152,4297984,93,88,1074852,12-28-2018 12:46:57.947,15,FALSE,FALSE,12-28-2018 12:46:50.193,,,12-28-2018 12:46:50.193,System.Byte[],Waived current late fee 1.
,1432555,1495,339678,7719847,236152,4297984,93,88,1074852,12-28-2018 12:46:57.947,-15,FALSE,FALSE,12-28-2018 12:46:50.207,,,12-28-2018 12:46:50.207,System.Byte[],Waived current late fee 1.
,1433000,1495,339749,7721533,52671,4298889,93,88,1075096,12-31-2018 12:00:03.237,15,FALSE,FALSE,12-31-2018 12:00:18.780,,,12-31-2018 12:00:18.780,System.Byte[],Waived current late fee 1.
,1433001,1495,339749,7721533,52671,4298889,93,88,1075096,12-31-2018 12:00:03.237,-15,FALSE,FALSE,12-31-2018 12:00:18.870,,,12-31-2018 12:00:18.870,System.Byte[],Waived current late fee 1.
,1433794,1495,339938,7728481,327308,4303456,1179,88,1075841,01-05-2019 10:48:03.567,15,FALSE,FALSE,01-05-2019 10:47:52.557,,,01-05-2019 10:47:52.557,System.Byte[],Waived current late fee 1.
,1433795,1495,339938,7728481,327308,4303456,1179,88,1075841,01-05-2019 10:48:03.567,-15,FALSE,FALSE,01-05-2019 10:47:52.557,,,01-05-2019 10:47:52.557,System.Byte[],Waived current late fee 1.
,1433878,1495,339973,7729464,328737,4304084,93,88,1075976,01-07-2019 10:16:13.663,15,FALSE,FALSE,01-07-2019 10:16:02.500,,,01-07-2019 10:16:02.500,System.Byte[],Waived current late fee 1.
,1433879,1495,339973,7729464,328737,4304084,93,88,1075976,01-07-2019 10:16:13.663,-15,FALSE,FALSE,01-07-2019 10:16:02.500,,,01-07-2019 10:16:02.500,System.Byte[],Waived current late fee 1.
,1434438,1495,340064,7731562,86852,4305241,1212,88,1076405,01-09-2019 12:19:09.167,15,FALSE,FALSE,01-09-2019 12:19:13.623,,,01-09-2019 12:19:13.623,System.Byte[],Waived current late fee 1.
,1434439,1495,340064,7731562,86852,4305241,1212,88,1076405,01-09-2019 12:19:09.167,-15,FALSE,FALSE,01-09-2019 12:19:13.633,,,01-09-2019 12:19:13.633,System.Byte[],Waived current late fee 1.
,1434570,1495,340096,7732217,49648,4305595,93,88,1076475,01-10-2019 11:10:11.783,15,FALSE,FALSE,01-10-2019 11:10:14.973,,,01-10-2019 11:10:14.973,System.Byte[],Waived current late fee 1.
,1434571,1495,340096,7732217,49648,4305595,93,88,1076475,01-10-2019 11:10:11.783,-15,FALSE,FALSE,01-10-2019 11:10:14.977,,,01-10-2019 11:10:14.977,System.Byte[],Waived current late fee 1.
,1434630,1495,340128,7733002,331236,4306021,93,88,1076555,01-11-2019 11:21:24.903,15,FALSE,FALSE,01-11-2019 11:21:26.510,,,01-11-2019 11:21:26.510,System.Byte[],Waived current late fee 1.
,1434631,1495,340128,7733002,331236,4306021,93,88,1076555,01-11-2019 11:21:24.903,-15,FALSE,FALSE,01-11-2019 11:21:26.510,,,01-11-2019 11:21:26.510,System.Byte[],Waived current late fee 1.
,1434692,1495,340128,7733461,21887,4306242,93,88,1076622,01-11-2019 16:07:21.873,15,FALSE,FALSE,01-11-2019 16:07:21.343,,,01-11-2019 16:07:21.343,System.Byte[],Waived current late fee 1.
,1434693,1495,340128,7733461,21887,4306242,93,88,1076622,01-11-2019 16:07:21.873,-15,FALSE,FALSE,01-11-2019 16:07:21.380,,,01-11-2019 16:07:21.380,System.Byte[],Waived current late fee 1.
,1434858,1495,340197,7734709,278078,4307007,2082,88,1076749,01-14-2019 13:55:04.653,15,FALSE,FALSE,01-14-2019 13:55:25.493,,,01-14-2019 13:55:25.493,System.Byte[],Waived current late fee 1.
,1434859,1495,340197,7734709,278078,4307007,2082,88,1076749,01-14-2019 13:55:04.653,-15,FALSE,FALSE,01-14-2019 13:55:25.540,,,01-14-2019 13:55:25.540,System.Byte[],Waived current late fee 1.
,1434906,1495,340255,7735155,330737,4307275,2082,88,1076795,01-15-2019 9:54:35.010,15,FALSE,FALSE,01-15-2019 9:54:29.080,,,01-15-2019 9:54:29.080,System.Byte[],Waived current late fee 1.
,1434907,1495,340255,7735155,330737,4307275,2082,88,1076795,01-15-2019 9:54:35.010,-15,FALSE,FALSE,01-15-2019 9:54:29.080,,,01-15-2019 9:54:29.080,System.Byte[],Waived current late fee 1.
,1436334,1495,340354,7740530,334094,4309985,93,88,1078435,01-18-2019 14:10:26.420,15,FALSE,FALSE,01-18-2019 14:10:18.870,,,01-18-2019 14:10:18.870,System.Byte[],Waived current late fee 1.
,1436335,1495,340354,7740530,334094,4309985,93,88,1078435,01-18-2019 14:10:26.420,-15,FALSE,FALSE,01-18-2019 14:10:18.870,,,01-18-2019 14:10:18.870,System.Byte[],Waived current late fee 1.
,1436352,1495,340354,7740674,331770,4310055,93,88,1078460,01-18-2019 16:39:27.917,15,FALSE,FALSE,01-18-2019 16:39:20.020,,,01-18-2019 16:39:20.020,System.Byte[],Waived current late fee 1.
,1436353,1495,340354,7740674,331770,4310055,93,88,1078460,01-18-2019 16:39:27.917,-15,FALSE,FALSE,01-18-2019 16:39:20.020,,,01-18-2019 16:39:20.020,System.Byte[],Waived current late fee 1.
,1436354,1495,340354,7740675,331770,4310055,93,88,1078461,01-18-2019 16:39:27.917,25,FALSE,FALSE,01-18-2019 16:39:20.020,,,01-18-2019 16:39:20.020,System.Byte[],Waived current late fee 2.
,1436355,1495,340354,7740675,331770,4310055,93,88,1078461,01-18-2019 16:39:27.917,-25,FALSE,FALSE,01-18-2019 16:39:20.023,,,01-18-2019 16:39:20.023,System.Byte[],Waived current late fee 2.
,1436506,1495,340502,7741748,330087,4310685,93,88,1078593,01-21-2019 12:14:10.420,15,FALSE,FALSE,01-21-2019 12:14:03.150,,,01-21-2019 12:14:03.150,System.Byte[],Waived current late fee 1.
,1436507,1495,340502,7741748,330087,4310685,93,88,1078593,01-21-2019 12:14:10.420,-15,FALSE,FALSE,01-21-2019 12:14:03.150,,,01-21-2019 12:14:03.150,System.Byte[],Waived current late fee 1.
,1436514,1495,340502,7741856,156975,4310757,2082,88,1078606,01-21-2019 13:49:49.780,25,FALSE,FALSE,01-21-2019 13:49:44.140,,,01-21-2019 13:49:44.140,System.Byte[],Waived current late fee 2.
,1436515,1495,340502,7741856,156975,4310757,2082,88,1078606,01-21-2019 13:49:49.780,-25,FALSE,FALSE,01-21-2019 13:49:44.160,,,01-21-2019 13:49:44.160,System.Byte[],Waived current late fee 2.
,1466184,1495,343647,7815380,1583,4350340,93,88,1095770,01-25-2019 16:27:51.960,25,FALSE,FALSE,01-25-2019 16:27:44.637,,,01-25-2019 16:27:44.637,System.Byte[],Waived current late fee 2.
,1466185,1495,343647,7815380,1583,4350340,93,88,1095770,01-25-2019 16:27:51.960,-25,FALSE,FALSE,01-25-2019 16:27:44.667,,,01-25-2019 16:27:44.667,System.Byte[],Waived current late fee 2.
,1469062,1495,343719,7817784,277589,4350973,2082,88,1095887,01-28-2019 8:51:23.447,15,FALSE,FALSE,01-28-2019 8:51:17.120,,,01-28-2019 8:51:17.120,System.Byte[],Waived current late fee 1.
,1469063,1495,343719,7817784,277589,4350973,2082,88,1095887,01-28-2019 8:51:23.447,-15,FALSE,FALSE,01-28-2019 8:51:17.150,,,01-28-2019 8:51:17.150,System.Byte[],Waived current late fee 1.
,1469064,1495,343719,7817785,1827,4350974,2082,88,1095888,01-28-2019 8:51:52.477,15,FALSE,FALSE,01-28-2019 8:51:45.593,,,01-28-2019 8:51:45.593,System.Byte[],Waived current late fee 1.
,1469065,1495,343719,7817785,1827,4350974,2082,88,1095888,01-28-2019 8:51:52.477,-15,FALSE,FALSE,01-28-2019 8:51:45.613,,,01-28-2019 8:51:45.613,System.Byte[],Waived current late fee 1.
,1469066,1495,343719,7817788,154199,4350976,2082,88,1095889,01-28-2019 8:52:18.390,15,FALSE,FALSE,01-28-2019 8:52:12.233,,,01-28-2019 8:52:12.233,System.Byte[],Waived current late fee 1.
,1469067,1495,343719,7817788,154199,4350976,2082,88,1095889,01-28-2019 8:52:18.390,-15,FALSE,FALSE,01-28-2019 8:52:12.257,,,01-28-2019 8:52:12.257,System.Byte[],Waived current late fee 1.
,1483876,1495,343960,7833697,152543,4356735,93,88,1096901,02-04-2019 16:58:26.683,15,FALSE,FALSE,02-04-2019 16:58:20.023,,,02-04-2019 16:58:20.023,System.Byte[],Waived current late fee 1.
,1483877,1495,343960,7833697,152543,4356735,93,88,1096901,02-04-2019 16:58:26.683,-15,FALSE,FALSE,02-04-2019 16:58:20.053,,,02-04-2019 16:58:20.053,System.Byte[],Waived current late fee 1.
,1486334,1495,344743,7848902,156627,4365290,1212,88,1098924,02-27-2019 10:20:14.857,15,FALSE,FALSE,02-27-2019 10:20:19.300,,,02-27-2019 10:20:19.300,System.Byte[],Waived current late fee 1.
,1486335,1495,344743,7848902,156627,4365290,1212,88,1098924,02-27-2019 10:20:14.857,-15,FALSE,FALSE,02-27-2019 10:20:19.410,,,02-27-2019 10:20:19.410,System.Byte[],Waived current late fee 1.
,1499116,1495,348408,7905335,277643,4396105,93,88,1105032,03-08-2019 9:51:37.337,15,FALSE,FALSE,03-08-2019 9:52:19.823,,,03-08-2019 9:52:19.823,System.Byte[],Waived current late fee 1.
,1499117,1495,348408,7905335,277643,4396105,93,88,1105032,03-08-2019 9:51:37.337,-15,FALSE,FALSE,03-08-2019 9:52:19.823,,,03-08-2019 9:52:19.823,System.Byte[],Waived current late fee 1.
,1499120,1495,348408,7905413,1510,4396138,93,88,1105035,03-08-2019 10:32:46.493,15,FALSE,FALSE,03-08-2019 10:32:53.143,,,03-08-2019 10:32:53.143,System.Byte[],Waived current late fee 1.
,1499121,1495,348408,7905413,1510,4396138,93,88,1105035,03-08-2019 10:32:46.493,-15,FALSE,FALSE,03-08-2019 10:32:53.240,,,03-08-2019 10:32:53.240,System.Byte[],Waived current late fee 1.
,1499232,1495,348408,7905938,222434,4396426,2082,88,1105117,03-08-2019 16:44:28.380,15,FALSE,FALSE,03-08-2019 16:45:00.077,,,03-08-2019 16:45:00.077,System.Byte[],Waived current late fee 1.
,1499233,1495,348408,7905938,222434,4396426,2082,88,1105117,03-08-2019 16:44:28.380,-15,FALSE,FALSE,03-08-2019 16:45:00.083,,,03-08-2019 16:45:00.083,System.Byte[],Waived current late fee 1.
,1507204,1495,348843,7935701,334381,4411618,1179,88,1110221,03-16-2019 10:54:34.297,15,FALSE,FALSE,03-16-2019 10:54:34.703,,,03-16-2019 10:54:34.703,System.Byte[],Waived current late fee 1.
,1507205,1495,348843,7935701,334381,4411618,1179,88,1110221,03-16-2019 10:54:34.297,-15,FALSE,FALSE,03-16-2019 10:54:34.703,,,03-16-2019 10:54:34.703,System.Byte[],Waived current late fee 1.
,1508048,1495,349013,7940229,333871,4414286,93,88,1111739,03-21-2019 14:56:20.057,15,FALSE,FALSE,03-21-2019 14:56:21.910,,,03-21-2019 14:56:21.910,System.Byte[],Waived current late fee 1.
,1508049,1495,349013,7940229,333871,4414286,93,88,1111739,03-21-2019 14:56:20.057,-15,FALSE,FALSE,03-21-2019 14:56:21.917,,,03-21-2019 14:56:21.917,System.Byte[],Waived current late fee 1.
,1552405,1495,363270,8197022,249967,4724729,1212,88,1153506,04-03-2019 11:08:07.563,15,FALSE,FALSE,04-03-2019 11:08:11.753,,,04-03-2019 11:08:11.753,System.Byte[],Waived current late fee 1.
,1552406,1495,363270,8197022,249967,4724729,1212,88,1153506,04-03-2019 11:08:07.563,-15,FALSE,FALSE,04-03-2019 11:08:11.780,,,04-03-2019 11:08:11.780,System.Byte[],Waived current late fee 1.
,1552915,1495,363449,8201478,152543,4727366,93,88,1154012,04-08-2019 10:51:45.200,15,FALSE,FALSE,04-08-2019 10:51:57.150,,,04-08-2019 10:51:57.150,System.Byte[],Waived current late fee 1.
,1552916,1495,363449,8201478,152543,4727366,93,88,1154012,04-08-2019 10:51:45.200,-15,FALSE,FALSE,04-08-2019 10:51:57.167,,,04-08-2019 10:51:57.167,System.Byte[],Waived current late fee 1.
,1556005,1495,363927,8210450,336950,4731826,93,88,1155126,04-19-2019 10:03:43.347,25,FALSE,FALSE,04-19-2019 10:03:39.707,,,04-19-2019 10:03:39.707,System.Byte[],Waived current late fee 2.
,1556006,1495,363927,8210450,336950,4731826,93,88,1155126,04-19-2019 10:03:43.347,-25,FALSE,FALSE,04-19-2019 10:03:39.710,,,04-19-2019 10:03:39.710,System.Byte[],Waived current late fee 2.
,1556111,1495,363927,8210855,263970,4732031,93,88,1155194,04-19-2019 15:10:43.583,15,FALSE,FALSE,04-19-2019 15:10:40.563,,,04-19-2019 15:10:40.563,System.Byte[],Waived current late fee 1.
,1556112,1495,363927,8210855,263970,4732031,93,88,1155194,04-19-2019 15:10:43.583,-15,FALSE,FALSE,04-19-2019 15:10:40.563,,,04-19-2019 15:10:40.563,System.Byte[],Waived current late fee 1.
,1556113,1495,363927,8210856,263970,4732031,93,88,1155195,04-19-2019 15:10:43.583,25,FALSE,FALSE,04-19-2019 15:10:40.563,,,04-19-2019 15:10:40.563,System.Byte[],Waived current late fee 2.
,1556114,1495,363927,8210856,263970,4732031,93,88,1155195,04-19-2019 15:10:43.583,-25,FALSE,FALSE,04-19-2019 15:10:40.563,,,04-19-2019 15:10:40.563,System.Byte[],Waived current late fee 2.
,1556447,1495,364072,8212756,337493,4733100,93,88,1155418,04-23-2019 10:58:10.607,15,FALSE,FALSE,04-23-2019 10:58:07.807,,,04-23-2019 10:58:07.807,System.Byte[],Waived current late fee 1.
,1556448,1495,364072,8212756,337493,4733100,93,88,1155418,04-23-2019 10:58:10.607,-15,FALSE,FALSE,04-23-2019 10:58:07.807,,,04-23-2019 10:58:07.807,System.Byte[],Waived current late fee 1.
,1557893,1495,364242,8216192,328802,4734670,1179,88,1155824,04-26-2019 16:51:05.383,15,FALSE,FALSE,04-26-2019 16:51:08.443,,,04-26-2019 16:51:08.443,System.Byte[],Waived current late fee 1.
,1557894,1495,364242,8216192,328802,4734670,1179,88,1155824,04-26-2019 16:51:05.383,-15,FALSE,FALSE,04-26-2019 16:51:08.447,,,04-26-2019 16:51:08.447,System.Byte[],Waived current late fee 1.
,1558609,1495,364355,8218705,253062,4736034,1212,88,1156125,04-30-2019 9:27:07.207,15,FALSE,FALSE,04-30-2019 9:27:10.567,,,04-30-2019 9:27:10.567,System.Byte[],Waived current late fee 1.
,1558610,1495,364355,8218705,253062,4736034,1212,88,1156125,04-30-2019 9:27:07.207,-15,FALSE,FALSE,04-30-2019 9:27:10.570,,,04-30-2019 9:27:10.570,System.Byte[],Waived current late fee 1.
,1559563,1495,364547,8226586,152543,4741406,1179,88,1156916,05-04-2019 9:03:05.250,15,FALSE,FALSE,05-04-2019 9:02:57.480,,,05-04-2019 9:02:57.480,System.Byte[],Waived current late fee 1.
,1559564,1495,364547,8226586,152543,4741406,1179,88,1156916,05-04-2019 9:03:05.250,-15,FALSE,FALSE,05-04-2019 9:02:57.483,,,05-04-2019 9:02:57.483,System.Byte[],Waived current late fee 1.
,1559771,1495,364589,8228233,337720,4742442,1212,88,1157105,05-06-2019 11:50:29.167,15,FALSE,FALSE,05-06-2019 11:50:22.400,,,05-06-2019 11:50:22.400,System.Byte[],Waived current late fee 1.
,1559772,1495,364589,8228233,337720,4742442,1212,88,1157105,05-06-2019 11:50:29.167,-15,FALSE,FALSE,05-06-2019 11:50:22.400,,,05-06-2019 11:50:22.400,System.Byte[],Waived current late fee 1.
,1559913,1495,364665,8229173,149506,4743036,1212,88,1157208,05-07-2019 9:24:05.957,15,FALSE,FALSE,05-07-2019 9:23:59.560,,,05-07-2019 9:23:59.560,System.Byte[],Waived current late fee 1.
,1559914,1495,364665,8229173,149506,4743036,1212,88,1157208,05-07-2019 9:24:05.957,-15,FALSE,FALSE,05-07-2019 9:23:59.563,,,05-07-2019 9:23:59.563,System.Byte[],Waived current late fee 1.
,1559925,1495,364665,8229227,384256,4743073,1212,88,1157221,05-07-2019 9:59:59.317,15,FALSE,FALSE,05-07-2019 10:00:19.097,,,05-07-2019 10:00:19.097,System.Byte[],Reservation Fee
,1559926,1495,364665,8229227,384256,4743073,1212,88,1157221,05-07-2019 9:59:59.317,-15,FALSE,FALSE,05-07-2019 10:00:19.097,,,05-07-2019 10:00:19.097,System.Byte[],Reservation Fee
,1559927,1495,364665,8229229,384256,4743073,1212,88,1157222,05-07-2019 9:59:59.317,10,FALSE,FALSE,05-07-2019 10:00:19.100,,,05-07-2019 10:00:19.100,System.Byte[],Reservation Fee
,1559928,1495,364665,8229229,384256,4743073,1212,88,1157222,05-07-2019 9:59:59.317,-10,FALSE,FALSE,05-07-2019 10:00:19.100,,,05-07-2019 10:00:19.100,System.Byte[],Reservation Fee
,1560127,1495,364665,8229754,54734,4743354,1212,88,1157307,05-07-2019 14:28:47.763,15,FALSE,FALSE,05-07-2019 14:28:40.883,,,05-07-2019 14:28:40.883,System.Byte[],Waived current late fee 1.
,1560128,1495,364665,8229754,54734,4743354,1212,88,1157307,05-07-2019 14:28:47.763,-15,FALSE,FALSE,05-07-2019 14:28:40.883,,,05-07-2019 14:28:40.883,System.Byte[],Waived current late fee 1.
,1560217,1495,364711,8230057,101412,4743506,1212,88,1157353,05-07-2019 17:16:57.773,15,FALSE,FALSE,05-07-2019 17:16:51.190,,,05-07-2019 17:16:51.190,System.Byte[],Waived current late fee 1.
,1560218,1495,364711,8230057,101412,4743506,1212,88,1157353,05-07-2019 17:16:57.773,-15,FALSE,FALSE,05-07-2019 17:16:51.193,,,05-07-2019 17:16:51.193,System.Byte[],Waived current late fee 1.
,1562373,1495,365365,8241252,328273,4749786,93,88,1158822,05-23-2019 16:43:46.570,15,FALSE,FALSE,05-23-2019 16:43:49.487,,,05-23-2019 16:43:49.487,System.Byte[],Waived current late fee 1.
,1562374,1495,365365,8241252,328273,4749786,93,88,1158822,05-23-2019 16:43:46.570,-15,FALSE,FALSE,05-23-2019 16:43:49.487,,,05-23-2019 16:43:49.487,System.Byte[],Waived current late fee 1.
,1562463,1495,365365,8241939,229090,4750170,93,88,1158894,05-24-2019 15:07:53.590,15,FALSE,FALSE,05-24-2019 15:07:56.423,,,05-24-2019 15:07:56.423,System.Byte[],Waived current late fee 1.
,1562464,1495,365365,8241939,229090,4750170,93,88,1158894,05-24-2019 15:07:53.590,-15,FALSE,FALSE,05-24-2019 15:07:56.423,,,05-24-2019 15:07:56.423,System.Byte[],Waived current late fee 1.
,1563027,1495,365452,8243311,253062,4750848,2082,88,1159025,05-27-2019 11:40:56.750,15,FALSE,FALSE,05-27-2019 11:41:00.687,,,05-27-2019 11:41:00.687,System.Byte[],Waived current late fee 1.
,1563028,1495,365452,8243311,253062,4750848,2082,88,1159025,05-27-2019 11:40:56.750,-15,FALSE,FALSE,05-27-2019 11:41:00.690,,,05-27-2019 11:41:00.690,System.Byte[],Waived current late fee 1.
,1564293,1495,365807,8253394,152543,4757392,93,88,1160075,06-03-2019 18:08:26.610,15,FALSE,FALSE,06-03-2019 18:08:28.340,,,06-03-2019 18:08:28.340,System.Byte[],Waived current late fee 1.
,1564294,1495,365807,8253394,152543,4757392,93,88,1160075,06-03-2019 18:08:26.610,-15,FALSE,FALSE,06-03-2019 18:08:28.340,,,06-03-2019 18:08:28.340,System.Byte[],Waived current late fee 1.
,1566901,1495,366275,8264974,384445,4763733,2082,88,1161565,06-17-2019 13:37:30.950,15,FALSE,FALSE,06-17-2019 13:37:22.880,,,06-17-2019 13:37:22.880,System.Byte[],Waived current late fee 1.
,1566902,1495,366275,8264974,384445,4763733,2082,88,1161565,06-17-2019 13:37:30.950,-15,FALSE,FALSE,06-17-2019 13:37:22.880,,,06-17-2019 13:37:22.880,System.Byte[],Waived current late fee 1.
,1566955,1495,366337,8265416,385796,4763964,2082,88,1161613,06-18-2019 9:18:28.867,15,FALSE,FALSE,06-18-2019 9:19:12.350,,,06-18-2019 9:19:12.350,System.Byte[],Reservation Fee
,1566956,1495,366337,8265416,385796,4763964,2082,88,1161613,06-18-2019 9:18:28.867,-15,FALSE,FALSE,06-18-2019 9:19:12.350,,,06-18-2019 9:19:12.350,System.Byte[],Reservation Fee
,1566957,1495,366337,8265418,385796,4763964,2082,88,1161614,06-18-2019 9:18:28.867,10,FALSE,FALSE,06-18-2019 9:19:12.350,,,06-18-2019 9:19:12.350,System.Byte[],Reservation Fee
,1566958,1495,366337,8265418,385796,4763964,2082,88,1161614,06-18-2019 9:18:28.867,-10,FALSE,FALSE,06-18-2019 9:19:12.350,,,06-18-2019 9:19:12.350,System.Byte[],Reservation Fee
,1567371,1495,366493,8268502,337179,4765596,1179,88,1161995,06-22-2019 9:24:10.720,15,FALSE,FALSE,06-22-2019 9:24:13.707,,,06-22-2019 9:24:13.707,System.Byte[],Waived current late fee 1.
,1567372,1495,366493,8268502,337179,4765596,1179,88,1161995,06-22-2019 9:24:10.720,-15,FALSE,FALSE,06-22-2019 9:24:13.707,,,06-22-2019 9:24:13.707,System.Byte[],Waived current late fee 1.
,1567373,1495,366493,8268503,337179,4765596,1179,88,1161996,06-22-2019 9:24:10.720,25,FALSE,FALSE,06-22-2019 9:24:13.707,,,06-22-2019 9:24:13.707,System.Byte[],Waived current late fee 2.
,1567374,1495,366493,8268503,337179,4765596,1179,88,1161996,06-22-2019 9:24:10.720,-25,FALSE,FALSE,06-22-2019 9:24:13.707,,,06-22-2019 9:24:13.707,System.Byte[],Waived current late fee 2.
,1568123,1495,366764,8273897,328802,4768621,1179,88,1162713,06-29-2019 12:06:13.233,25,FALSE,FALSE,06-29-2019 12:06:15.020,,,06-29-2019 12:06:15.020,System.Byte[],Waived current late fee 2.
,1568124,1495,366764,8273897,328802,4768621,1179,88,1162713,06-29-2019 12:06:13.233,-25,FALSE,FALSE,06-29-2019 12:06:15.020,,,06-29-2019 12:06:15.020,System.Byte[],Waived current late fee 2.
,1568475,1495,366789,8278021,137660,4771680,2082,88,1163047,07-01-2019 16:39:54.163,15,FALSE,FALSE,07-01-2019 16:40:09.460,,,07-01-2019 16:40:09.460,System.Byte[],Waived current late fee 1.
,1568476,1495,366789,8278021,137660,4771680,2082,88,1163047,07-01-2019 16:39:54.163,-15,FALSE,FALSE,07-01-2019 16:40:09.467,,,07-01-2019 16:40:09.467,System.Byte[],Waived current late fee 1.
,1568559,1495,366852,8278853,386364,4772257,2082,88,1163099,07-02-2019 8:35:53.723,15,FALSE,FALSE,07-02-2019 8:36:18.210,,,07-02-2019 8:36:18.210,System.Byte[],Reservation Fee
,1568560,1495,366852,8278853,386364,4772257,2082,88,1163099,07-02-2019 8:35:53.723,-15,FALSE,FALSE,07-02-2019 8:36:18.210,,,07-02-2019 8:36:18.210,System.Byte[],Reservation Fee
,1568561,1495,366852,8278855,386364,4772257,2082,88,1163100,07-02-2019 8:35:53.723,10,FALSE,FALSE,07-02-2019 8:36:18.210,,,07-02-2019 8:36:18.210,System.Byte[],Reservation Fee
,1568562,1495,366852,8278855,386364,4772257,2082,88,1163100,07-02-2019 8:35:53.723,-10,FALSE,FALSE,07-02-2019 8:36:18.210,,,07-02-2019 8:36:18.210,System.Byte[],Reservation Fee
,1569339,1495,367003,8283876,264468,4775358,1179,88,1163569,07-06-2019 11:38:06.460,15,FALSE,FALSE,07-06-2019 11:38:03.420,,,07-06-2019 11:38:03.420,System.Byte[],Waived current late fee 1.
,1569340,1495,367003,8283876,264468,4775358,1179,88,1163569,07-06-2019 11:38:06.460,-15,FALSE,FALSE,07-06-2019 11:38:03.420,,,07-06-2019 11:38:03.420,System.Byte[],Waived current late fee 1.
,1569467,1495,367003,8284941,1510,4775983,93,88,1163657,07-08-2019 11:10:14.213,15,FALSE,FALSE,07-08-2019 11:10:12.383,,,07-08-2019 11:10:12.383,System.Byte[],Waived current late fee 1.
,1569468,1495,367003,8284941,1510,4775983,93,88,1163657,07-08-2019 11:10:14.213,-15,FALSE,FALSE,07-08-2019 11:10:12.383,,,07-08-2019 11:10:12.383,System.Byte[],Waived current late fee 1.
,1569527,1495,367109,8285308,331969,4776212,93,88,1163695,07-08-2019 14:23:11.470,15,FALSE,FALSE,07-08-2019 14:23:39.153,,,07-08-2019 14:23:39.153,System.Byte[],Waived current late fee 1.
,1569528,1495,367109,8285308,331969,4776212,93,88,1163695,07-08-2019 14:23:11.470,-15,FALSE,FALSE,07-08-2019 14:23:39.153,,,07-08-2019 14:23:39.153,System.Byte[],Waived current late fee 1.
,1569549,1495,367109,8285489,86852,4776316,93,88,1163714,07-08-2019 15:56:07.933,15,FALSE,FALSE,07-08-2019 15:56:06.493,,,07-08-2019 15:56:06.493,System.Byte[],Waived current late fee 1.
,1569550,1495,367109,8285489,86852,4776316,93,88,1163714,07-08-2019 15:56:07.933,-15,FALSE,FALSE,07-08-2019 15:56:06.493,,,07-08-2019 15:56:06.493,System.Byte[],Waived current late fee 1.
,1569993,1495,367115,8286326,272040,4776712,2082,88,1163786,07-09-2019 12:53:58.050,15,FALSE,FALSE,07-09-2019 12:54:15.360,,,07-09-2019 12:54:15.360,System.Byte[],Waived current late fee 1.
,1569994,1495,367115,8286326,272040,4776712,2082,88,1163786,07-09-2019 12:53:58.050,-15,FALSE,FALSE,07-09-2019 12:54:15.360,,,07-09-2019 12:54:15.360,System.Byte[],Waived current late fee 1.
,1570599,1495,367197,8288227,385302,4777700,93,88,1164011,07-11-2019 11:24:05.590,15,FALSE,FALSE,07-11-2019 11:24:08.670,,,07-11-2019 11:24:08.670,System.Byte[],Waived current late fee 1.
,1570600,1495,367197,8288227,385302,4777700,93,88,1164011,07-11-2019 11:24:05.590,-15,FALSE,FALSE,07-11-2019 11:24:08.670,,,07-11-2019 11:24:08.670,System.Byte[],Waived current late fee 1.
,1571033,1495,367236,8289610,171265,4778400,1179,88,1164220,07-12-2019 16:05:29.133,15,FALSE,FALSE,07-12-2019 16:05:31.620,,,07-12-2019 16:05:31.620,System.Byte[],Waived current late fee 1.
,1571034,1495,367236,8289610,171265,4778400,1179,88,1164220,07-12-2019 16:05:29.133,-15,FALSE,FALSE,07-12-2019 16:05:31.620,,,07-12-2019 16:05:31.620,System.Byte[],Waived current late fee 1.
,1571035,1495,367236,8289611,171265,4778400,1179,88,1164221,07-12-2019 16:05:29.133,25,FALSE,FALSE,07-12-2019 16:05:31.620,,,07-12-2019 16:05:31.620,System.Byte[],Waived current late fee 2.
,1571036,1495,367236,8289611,171265,4778400,1179,88,1164221,07-12-2019 16:05:29.133,-25,FALSE,FALSE,07-12-2019 16:05:31.620,,,07-12-2019 16:05:31.620,System.Byte[],Waived current late fee 2.
,1571037,1495,367236,8289612,331351,4778401,1179,88,1164222,07-12-2019 16:05:45.430,15,FALSE,FALSE,07-12-2019 16:05:48.300,,,07-12-2019 16:05:48.300,System.Byte[],Waived current late fee 1.
,1571038,1495,367236,8289612,331351,4778401,1179,88,1164222,07-12-2019 16:05:45.430,-15,FALSE,FALSE,07-12-2019 16:05:48.300,,,07-12-2019 16:05:48.300,System.Byte[],Waived current late fee 1.
,1571039,1495,367236,8289613,331351,4778401,1179,88,1164223,07-12-2019 16:05:45.430,25,FALSE,FALSE,07-12-2019 16:05:48.300,,,07-12-2019 16:05:48.300,System.Byte[],Waived current late fee 2.
,1571040,1495,367236,8289613,331351,4778401,1179,88,1164223,07-12-2019 16:05:45.430,-25,FALSE,FALSE,07-12-2019 16:05:48.300,,,07-12-2019 16:05:48.300,System.Byte[],Waived current late fee 2.
,1580305,1495,367904,8305533,387342,4785260,2082,88,1165747,07-30-2019 14:35:20.487,15,FALSE,FALSE,07-30-2019 14:35:27.260,,,07-30-2019 14:35:27.260,System.Byte[],Reservation Fee
,1580306,1495,367904,8305533,387342,4785260,2082,88,1165747,07-30-2019 14:35:20.487,-15,FALSE,FALSE,07-30-2019 14:35:27.260,,,07-30-2019 14:35:27.260,System.Byte[],Reservation Fee
,1580307,1495,367904,8305534,387342,4785260,2082,88,1165748,07-30-2019 14:35:20.487,10,FALSE,FALSE,07-30-2019 14:35:27.260,,,07-30-2019 14:35:27.260,System.Byte[],Reservation Fee
,1580308,1495,367904,8305534,387342,4785260,2082,88,1165748,07-30-2019 14:35:20.487,-10,FALSE,FALSE,07-30-2019 14:35:27.260,,,07-30-2019 14:35:27.260,System.Byte[],Reservation Fee
,1580957,1495,368075,8312045,86393,4789863,1179,88,1166386,08-03-2019 9:40:44.350,15,FALSE,FALSE,08-03-2019 9:40:43.060,,,08-03-2019 9:40:43.060,System.Byte[],Waived current late fee 1.
,1580958,1495,368075,8312045,86393,4789863,1179,88,1166386,08-03-2019 9:40:44.350,-15,FALSE,FALSE,08-03-2019 9:40:43.060,,,08-03-2019 9:40:43.060,System.Byte[],Waived current late fee 1.
,1580959,1495,368075,8312046,330254,4789863,1179,88,1166387,08-03-2019 9:40:44.350,15,FALSE,FALSE,08-03-2019 9:40:43.060,,,08-03-2019 9:40:43.060,System.Byte[],Waived current late fee 1.
,1580960,1495,368075,8312046,330254,4789863,1179,88,1166387,08-03-2019 9:40:44.350,-15,FALSE,FALSE,08-03-2019 9:40:43.060,,,08-03-2019 9:40:43.060,System.Byte[],Waived current late fee 1.
,1580961,1495,368075,8312055,152543,4789869,1179,88,1166388,08-03-2019 9:42:23.177,15,FALSE,FALSE,08-03-2019 9:42:21.340,,,08-03-2019 9:42:21.340,System.Byte[],Waived current late fee 1.
,1580962,1495,368075,8312055,152543,4789869,1179,88,1166388,08-03-2019 9:42:23.177,-15,FALSE,FALSE,08-03-2019 9:42:21.340,,,08-03-2019 9:42:21.340,System.Byte[],Waived current late fee 1.
,1582571,1495,368303,8318104,265841,4793389,93,88,1167099,08-09-2019 9:45:35.843,15,FALSE,FALSE,08-09-2019 9:45:35.910,,,08-09-2019 9:45:35.910,System.Byte[],Waived current late fee 1.
,1582572,1495,368303,8318104,265841,4793389,93,88,1167099,08-09-2019 9:45:35.843,-15,FALSE,FALSE,08-09-2019 9:45:35.910,,,08-09-2019 9:45:35.910,System.Byte[],Waived current late fee 1.
,1582833,1495,368303,8318528,386368,4793596,93,88,1167141,08-09-2019 13:46:52.597,15,FALSE,FALSE,08-09-2019 13:47:43.687,,,08-09-2019 13:47:43.687,System.Byte[],Waived current late fee 1.
,1582834,1495,368303,8318528,386368,4793596,93,88,1167141,08-09-2019 13:46:52.597,-15,FALSE,FALSE,08-09-2019 13:47:43.687,,,08-09-2019 13:47:43.687,System.Byte[],Waived current late fee 1.
,1583297,1495,368448,8320731,152543,4794824,93,88,1167470,08-12-2019 18:13:16.650,25,FALSE,FALSE,08-12-2019 18:13:35.873,,,08-12-2019 18:13:35.873,System.Byte[],Waived current late fee 2.
,1583298,1495,368448,8320731,152543,4794824,93,88,1167470,08-12-2019 18:13:16.650,-25,FALSE,FALSE,08-12-2019 18:13:35.873,,,08-12-2019 18:13:35.873,System.Byte[],Waived current late fee 2.
,1583833,1495,368527,8322580,387950,4795865,93,88,1167704,08-15-2019 11:16:31.607,15,FALSE,FALSE,08-15-2019 11:16:38.437,,,08-15-2019 11:16:38.437,System.Byte[],Reservation Fee
,1583834,1495,368527,8322580,387950,4795865,93,88,1167704,08-15-2019 11:16:31.607,-15,FALSE,FALSE,08-15-2019 11:16:38.437,,,08-15-2019 11:16:38.437,System.Byte[],Reservation Fee
,1583835,1495,368527,8322581,387950,4795865,93,88,1167705,08-15-2019 11:16:31.607,10,FALSE,FALSE,08-15-2019 11:16:38.437,,,08-15-2019 11:16:38.437,System.Byte[],Reservation Fee
,1583836,1495,368527,8322581,387950,4795865,93,88,1167705,08-15-2019 11:16:31.607,-10,FALSE,FALSE,08-15-2019 11:16:38.437,,,08-15-2019 11:16:38.437,System.Byte[],Reservation Fee
,1586729,1495,368705,8327045,332188,4797848,2082,88,1168126,08-20-2019 14:34:48.753,15,FALSE,FALSE,08-20-2019 14:34:52.667,,08-20-2019 15:08:57.910,08-20-2019 15:08:59.423,System.Byte[],Waived current late fee 1.
,1586730,1495,368705,8327045,332188,4797848,2082,88,1168126,08-20-2019 14:34:48.753,-15,FALSE,FALSE,08-20-2019 14:34:52.667,,08-20-2019 15:08:57.910,08-20-2019 15:08:59.423,System.Byte[],Waived current late fee 1.
,1587261,1495,368904,8330712,81776,4799909,93,88,1168519,08-26-2019 10:57:43.753,15,FALSE,FALSE,08-26-2019 10:57:49.977,,,08-26-2019 10:57:49.977,System.Byte[],Waived current late fee 1.
,1587262,1495,368904,8330712,81776,4799909,93,88,1168519,08-26-2019 10:57:43.753,-15,FALSE,FALSE,08-26-2019 10:57:49.977,,,08-26-2019 10:57:49.977,System.Byte[],Waived current late fee 1.
,1587287,1495,368904,8331093,385796,4800128,2082,88,1168549,08-26-2019 15:06:51.707,15,FALSE,FALSE,08-26-2019 15:06:58.190,,,08-26-2019 15:06:58.190,System.Byte[],Waived current late fee 1.
,1587288,1495,368904,8331093,385796,4800128,2082,88,1168549,08-26-2019 15:06:51.707,-15,FALSE,FALSE,08-26-2019 15:06:58.207,,,08-26-2019 15:06:58.207,System.Byte[],Waived current late fee 1.
,1588779,1495,369161,8339623,239630,4805519,2082,88,1169388,09-03-2019 12:28:03.887,15,FALSE,FALSE,09-03-2019 12:28:06.217,,,09-03-2019 12:28:06.217,System.Byte[],Waived current late fee 1.
,1588780,1495,369161,8339623,239630,4805519,2082,88,1169388,09-03-2019 12:28:03.887,-15,FALSE,FALSE,09-03-2019 12:28:06.217,,,09-03-2019 12:28:06.217,System.Byte[],Waived current late fee 1.
,1591251,1495,369740,8353090,387617,4813190,2082,88,1170737,09-17-2019 14:12:07.423,15,FALSE,FALSE,09-17-2019 14:12:09.177,,,09-17-2019 14:12:09.177,System.Byte[],Waived current late fee 1.
,1591252,1495,369740,8353090,387617,4813190,2082,88,1170737,09-17-2019 14:12:07.423,-15,FALSE,FALSE,09-17-2019 14:12:09.177,,,09-17-2019 14:12:09.177,System.Byte[],Waived current late fee 1.
,1591689,1495,369861,8354804,265841,4814120,93,88,1170903,09-20-2019 9:22:29.890,25,FALSE,FALSE,09-20-2019 9:22:30.707,,,09-20-2019 9:22:30.707,System.Byte[],Waived current late fee 2.
,1591690,1495,369861,8354804,265841,4814120,93,88,1170903,09-20-2019 9:22:29.890,-25,FALSE,FALSE,09-20-2019 9:22:30.707,,,09-20-2019 9:22:30.707,System.Byte[],Waived current late fee 2.
,1591967,1495,369942,8356845,252010,4815264,93,88,1171091,09-23-2019 14:17:09.053,15,FALSE,FALSE,09-23-2019 14:17:12.597,,,09-23-2019 14:17:12.597,System.Byte[],Waived current late fee 1.
,1591968,1495,369942,8356845,252010,4815264,93,88,1171091,09-23-2019 14:17:09.053,-15,FALSE,FALSE,09-23-2019 14:17:12.597,,,09-23-2019 14:17:12.597,System.Byte[],Waived current late fee 1.
,1592577,1495,370126,8359933,238125,4816977,93,88,1171458,09-27-2019 13:46:15.893,15,FALSE,FALSE,09-27-2019 13:46:43.123,,,09-27-2019 13:46:43.123,System.Byte[],Waived current late fee 1.
,1592578,1495,370126,8359933,238125,4816977,93,88,1171458,09-27-2019 13:46:15.893,-15,FALSE,FALSE,09-27-2019 13:46:43.123,,,09-27-2019 13:46:43.123,System.Byte[],Waived current late fee 1.
,1592627,1495,370173,8360640,337605,4817401,93,88,1171576,09-28-2019 13:14:56.913,15,FALSE,FALSE,09-28-2019 13:14:59.133,,,09-28-2019 13:14:59.133,System.Byte[],Waived current late fee 1.
,1592628,1495,370173,8360640,337605,4817401,93,88,1171576,09-28-2019 13:14:56.913,-15,FALSE,FALSE,09-28-2019 13:14:59.133,,,09-28-2019 13:14:59.133,System.Byte[],Waived current late fee 1.
,1594493,1495,370487,8372863,388471,4825319,93,88,1172677,10-07-2019 18:00:27.617,15,FALSE,FALSE,10-07-2019 18:00:29.653,,,10-07-2019 18:00:29.653,System.Byte[],Waived current late fee 1.
,1594494,1495,370487,8372863,388471,4825319,93,88,1172677,10-07-2019 18:00:27.617,-15,FALSE,FALSE,10-07-2019 18:00:29.667,,,10-07-2019 18:00:29.667,System.Byte[],Waived current late fee 1.
,1595835,1495,370759,8378128,279220,4828188,93,88,1173477,10-14-2019 15:53:00.297,15,FALSE,FALSE,10-14-2019 15:53:02.237,,,10-14-2019 15:53:02.237,System.Byte[],Waived current late fee 1.
,1595836,1495,370759,8378128,279220,4828188,93,88,1173477,10-14-2019 15:53:00.297,-15,FALSE,FALSE,10-14-2019 15:53:02.237,,,10-14-2019 15:53:02.237,System.Byte[],Waived current late fee 1.
,1596257,1495,370911,8380212,269881,4829298,93,88,1173734,10-17-2019 14:17:35.030,15,FALSE,FALSE,10-17-2019 14:17:55.443,,,10-17-2019 14:17:55.443,System.Byte[],Waived current late fee 1.
,1596258,1495,370911,8380212,269881,4829298,93,88,1173734,10-17-2019 14:17:35.030,-15,FALSE,FALSE,10-17-2019 14:17:55.443,,,10-17-2019 14:17:55.443,System.Byte[],Waived current late fee 1.
,1597805,1495,371235,8386617,329222,4832726,93,88,1174563,10-26-2019 12:39:03.203,15,FALSE,FALSE,10-26-2019 12:39:04.037,,,10-26-2019 12:39:04.037,System.Byte[],Waived current late fee 1.
,1597806,1495,371235,8386617,329222,4832726,93,88,1174563,10-26-2019 12:39:03.203,-15,FALSE,FALSE,10-26-2019 12:39:04.037,,,10-26-2019 12:39:04.037,System.Byte[],Waived current late fee 1.
,1597887,1495,371279,8387242,1777,4833125,93,88,1174611,10-28-2019 9:32:29.577,15,FALSE,FALSE,10-28-2019 9:32:36.590,,,10-28-2019 9:32:36.590,System.Byte[],Waived current late fee 1.
,1597888,1495,371279,8387242,1777,4833125,93,88,1174611,10-28-2019 9:32:29.577,-15,FALSE,FALSE,10-28-2019 9:32:36.590,,,10-28-2019 9:32:36.590,System.Byte[],Waived current late fee 1.
,1598465,1495,371427,8390100,239630,4834786,93,88,1175031,10-31-2019 15:04:35.930,15,FALSE,FALSE,10-31-2019 15:04:39.203,,,10-31-2019 15:04:39.203,System.Byte[],Waived current late fee 1.
,1598466,1495,371427,8390100,239630,4834786,93,88,1175031,10-31-2019 15:04:35.930,-15,FALSE,FALSE,10-31-2019 15:04:39.203,,,10-31-2019 15:04:39.203,System.Byte[],Waived current late fee 1.
,1598467,1495,371427,8390101,236339,4834786,93,88,1175032,10-31-2019 15:04:35.930,15,FALSE,FALSE,10-31-2019 15:04:39.203,,,10-31-2019 15:04:39.203,System.Byte[],Waived current late fee 1.
,1598468,1495,371427,8390101,236339,4834786,93,88,1175032,10-31-2019 15:04:35.930,-15,FALSE,FALSE,10-31-2019 15:04:39.203,,,10-31-2019 15:04:39.203,System.Byte[],Waived current late fee 1.
,1635503,1495,378509,8561726,211203,4933059,93,88,1191682,11-04-2019 15:58:51.893,15,FALSE,FALSE,11-04-2019 15:58:52.917,,,11-04-2019 15:58:52.917,System.Byte[],Waived current late fee 1.
,1635504,1495,378509,8561726,211203,4933059,93,88,1191682,11-04-2019 15:58:51.893,-15,FALSE,FALSE,11-04-2019 15:58:52.917,,,11-04-2019 15:58:52.917,System.Byte[],Waived current late fee 1.
,1637283,1495,379700,8566785,337192,4936376,1179,88,1193154,11-08-2019 15:36:30.753,15,FALSE,FALSE,11-08-2019 15:36:32.490,,,11-08-2019 15:36:32.490,System.Byte[],Waived current late fee 1.
,1637284,1495,379700,8566785,337192,4936376,1179,88,1193154,11-08-2019 15:36:30.753,-15,FALSE,FALSE,11-08-2019 15:36:32.490,,,11-08-2019 15:36:32.490,System.Byte[],Waived current late fee 1.
,1637693,1495,379852,8569273,389646,4937768,93,88,1193463,11-12-2019 13:25:03.917,15,FALSE,FALSE,11-12-2019 13:25:05.147,,,11-12-2019 13:25:05.147,System.Byte[],Waived current late fee 1.
,1637694,1495,379852,8569273,389646,4937768,93,88,1193463,11-12-2019 13:25:03.917,-15,FALSE,FALSE,11-12-2019 13:25:05.147,,,11-12-2019 13:25:05.147,System.Byte[],Waived current late fee 1.
,1637991,1495,379931,8571071,331393,4938582,93,88,1193673,11-14-2019 14:10:42.540,15,FALSE,FALSE,11-14-2019 14:10:44.897,,,11-14-2019 14:10:44.897,System.Byte[],Waived current late fee 1.
,1637992,1495,379931,8571071,331393,4938582,93,88,1193673,11-14-2019 14:10:42.540,-15,FALSE,FALSE,11-14-2019 14:10:44.897,,,11-14-2019 14:10:44.897,System.Byte[],Waived current late fee 1.
,1638077,1495,379974,8571710,388605,4938889,93,88,1193739,11-15-2019 11:31:44.777,15,FALSE,FALSE,11-15-2019 11:31:46.370,,,11-15-2019 11:31:46.370,System.Byte[],Waived current late fee 1.
,1638078,1495,379974,8571710,388605,4938889,93,88,1193739,11-15-2019 11:31:44.777,-15,FALSE,FALSE,11-15-2019 11:31:46.370,,,11-15-2019 11:31:46.370,System.Byte[],Waived current late fee 1.
,1639997,1495,381185,8576468,388976,4941810,93,88,1195166,11-21-2019 12:28:03.090,15,FALSE,FALSE,11-21-2019 12:28:04.977,,,11-21-2019 12:28:04.977,System.Byte[],Waived current late fee 1.
,1639998,1495,381185,8576468,388976,4941810,93,88,1195166,11-21-2019 12:28:03.090,-15,FALSE,FALSE,11-21-2019 12:28:04.977,,,11-21-2019 12:28:04.977,System.Byte[],Waived current late fee 1.
,1641915,1495,381752,8591670,1827,4951289,1179,88,1196765,12-06-2019 16:19:05.340,15,FALSE,FALSE,12-06-2019 16:19:06.250,,,12-06-2019 16:19:06.250,System.Byte[],Waived current late fee 1.
,1641916,1495,381752,8591670,1827,4951289,1179,88,1196765,12-06-2019 16:19:05.340,-15,FALSE,FALSE,12-06-2019 16:19:06.250,,,12-06-2019 16:19:06.250,System.Byte[],Waived current late fee 1.
,1641917,1495,381752,8591671,154199,4951290,1179,88,1196766,12-06-2019 16:19:21.300,15,FALSE,FALSE,12-06-2019 16:19:21.923,,,12-06-2019 16:19:21.923,System.Byte[],Waived current late fee 1.
,1641918,1495,381752,8591671,154199,4951290,1179,88,1196766,12-06-2019 16:19:21.300,-15,FALSE,FALSE,12-06-2019 16:19:21.940,,,12-06-2019 16:19:21.940,System.Byte[],Waived current late fee 1.
,1642039,1495,381796,8592000,1827,4951460,1179,88,1196808,12-07-2019 9:25:00.703,25,FALSE,FALSE,12-07-2019 9:25:02.160,,,12-07-2019 9:25:02.160,System.Byte[],Waived current late fee 2.
,1642040,1495,381796,8592000,1827,4951460,1179,88,1196808,12-07-2019 9:25:00.703,-25,FALSE,FALSE,12-07-2019 9:25:02.160,,,12-07-2019 9:25:02.160,System.Byte[],Waived current late fee 2.
,1642319,1495,381833,8593531,331969,4952308,2082,88,1197013,12-09-2019 15:43:08.713,15,FALSE,FALSE,12-09-2019 15:43:23.433,,,12-09-2019 15:43:23.433,System.Byte[],Waived current late fee 1.
,1642320,1495,381833,8593531,331969,4952308,2082,88,1197013,12-09-2019 15:43:08.713,-15,FALSE,FALSE,12-09-2019 15:43:23.433,,,12-09-2019 15:43:23.433,System.Byte[],Waived current late fee 1.
,1642719,1495,381963,8595171,154199,4953184,2082,88,1197210,12-11-2019 14:55:06.980,25,FALSE,FALSE,12-11-2019 14:55:09.163,,,12-11-2019 14:55:09.163,System.Byte[],Waived current late fee 2.
,1642720,1495,381963,8595171,154199,4953184,2082,88,1197210,12-11-2019 14:55:06.980,-25,FALSE,FALSE,12-11-2019 14:55:09.163,,,12-11-2019 14:55:09.163,System.Byte[],Waived current late fee 2.
,1646235,1495,383145,8620539,237009,4968177,93,88,1200124,01-13-2020 9:16:14.917,15,FALSE,FALSE,01-13-2020 9:16:22.040,,,01-13-2020 9:16:22.040,System.Byte[],Waived current late fee 1.
,1646236,1495,383145,8620539,237009,4968177,93,88,1200124,01-13-2020 9:16:14.917,-15,FALSE,FALSE,01-13-2020 9:16:22.043,,,01-13-2020 9:16:22.043,System.Byte[],Waived current late fee 1.
,1646505,1495,383243,8621855,152543,4968858,2082,88,1200284,01-14-2020 18:02:20.113,25,FALSE,FALSE,01-14-2020 18:02:35.370,,,01-14-2020 18:02:35.370,System.Byte[],Waived current late fee 2.
,1646506,1495,383243,8621855,152543,4968858,2082,88,1200284,01-14-2020 18:02:20.113,-25,FALSE,FALSE,01-14-2020 18:02:35.370,,,01-14-2020 18:02:35.370,System.Byte[],Waived current late fee 2.
,1647439,1495,383551,8626873,389974,4971475,1212,88,1200898,01-23-2020 9:38:04.230,15,FALSE,FALSE,01-23-2020 9:38:06.590,,,01-23-2020 9:38:06.590,System.Byte[],Waived current late fee 1.
,1647440,1495,383551,8626873,389974,4971475,1212,88,1200898,01-23-2020 9:38:04.230,-15,FALSE,FALSE,01-23-2020 9:38:06.590,,,01-23-2020 9:38:06.590,System.Byte[],Waived current late fee 1.
,1649901,1495,383937,8637687,1777,4977804,2082,88,1202013,02-03-2020 10:07:29.587,25,FALSE,FALSE,02-03-2020 10:07:37.623,,,02-03-2020 10:07:37.623,System.Byte[],Waived current late fee 2.
,1649902,1495,383937,8637687,1777,4977804,2082,88,1202013,02-03-2020 10:07:29.587,-25,FALSE,FALSE,02-03-2020 10:07:37.623,,,02-03-2020 10:07:37.623,System.Byte[],Waived current late fee 2.
,1649957,1495,383937,8638903,334115,4978603,2082,88,1202105,02-03-2020 14:18:53.710,15,FALSE,FALSE,02-03-2020 14:19:00.710,,,02-03-2020 14:19:00.710,System.Byte[],Waived current late fee 1.
,1649958,1495,383937,8638903,334115,4978603,2082,88,1202105,02-03-2020 14:18:53.710,-15,FALSE,FALSE,02-03-2020 14:19:00.710,,,02-03-2020 14:19:00.710,System.Byte[],Waived current late fee 1.
,1650149,1495,384008,8640436,249967,4979455,2082,88,1202273,02-04-2020 16:10:08.803,15,FALSE,FALSE,02-04-2020 16:10:41.173,,,02-04-2020 16:10:41.173,System.Byte[],Waived current late fee 1.
,1650150,1495,384008,8640436,249967,4979455,2082,88,1202273,02-04-2020 16:10:08.803,-15,FALSE,FALSE,02-04-2020 16:10:41.173,,,02-04-2020 16:10:41.173,System.Byte[],Waived current late fee 1.
,1653035,1495,384203,8646232,331969,4982288,2082,88,1202980,02-10-2020 16:13:26.010,15,FALSE,FALSE,02-10-2020 16:13:27.497,,,02-10-2020 16:13:27.497,System.Byte[],Waived current late fee 1.
,1653036,1495,384203,8646232,331969,4982288,2082,88,1202980,02-10-2020 16:13:26.010,-15,FALSE,FALSE,02-10-2020 16:13:27.497,,,02-10-2020 16:13:27.497,System.Byte[],Waived current late fee 1.
,1653061,1495,384272,8646353,152543,4982359,93,88,1202996,02-10-2020 18:32:03.667,15,FALSE,FALSE,02-10-2020 18:32:19.980,,,02-10-2020 18:32:19.980,System.Byte[],Waived current late fee 1.
,1653062,1495,384272,8646353,152543,4982359,93,88,1202996,02-10-2020 18:32:03.667,-15,FALSE,FALSE,02-10-2020 18:32:19.980,,,02-10-2020 18:32:19.980,System.Byte[],Waived current late fee 1.
,1653315,1495,384312,8647370,388717,4982846,1212,88,1203148,02-12-2020 11:23:22.993,15,FALSE,FALSE,02-12-2020 11:23:25.370,,,02-12-2020 11:23:25.370,System.Byte[],Waived current late fee 1.
,1653316,1495,384312,8647370,388717,4982846,1212,88,1203148,02-12-2020 11:23:22.993,-15,FALSE,FALSE,02-12-2020 11:23:25.370,,,02-12-2020 11:23:25.370,System.Byte[],Waived current late fee 1.
,1653319,1495,384312,8647388,389641,4982856,1212,88,1203150,02-12-2020 11:35:19.903,15,FALSE,FALSE,02-12-2020 11:35:23.637,,,02-12-2020 11:35:23.637,System.Byte[],Waived current late fee 1.
,1653320,1495,384312,8647388,389641,4982856,1212,88,1203150,02-12-2020 11:35:19.903,-15,FALSE,FALSE,02-12-2020 11:35:23.650,,,02-12-2020 11:35:23.650,System.Byte[],Waived current late fee 1.
,1653627,1495,384387,8648725,400406,4983606,93,88,1203328,02-14-2020 12:01:22.693,25,FALSE,FALSE,02-14-2020 12:01:26.880,,,02-14-2020 12:01:26.880,System.Byte[],Reservation Fee
,1653628,1495,384387,8648725,400406,4983606,93,88,1203328,02-14-2020 12:01:22.693,-25,FALSE,FALSE,02-14-2020 12:01:26.880,,,02-14-2020 12:01:26.880,System.Byte[],Reservation Fee
,1653645,1495,384387,8648883,1615,4983687,93,88,1203348,02-14-2020 13:27:17.993,15,FALSE,FALSE,02-14-2020 13:27:27.477,,,02-14-2020 13:27:27.477,System.Byte[],Waived current late fee 1.
,1653646,1495,384387,8648883,1615,4983687,93,88,1203348,02-14-2020 13:27:17.993,-15,FALSE,FALSE,02-14-2020 13:27:27.477,,,02-14-2020 13:27:27.477,System.Byte[],Waived current late fee 1.
,1655739,1495,385174,8668227,401040,4995297,2082,88,1205232,03-06-2020 13:37:23.553,25,FALSE,FALSE,03-06-2020 13:37:34.063,,,03-06-2020 13:37:34.063,System.Byte[],Reservation Fee
,1655740,1495,385174,8668227,401040,4995297,2082,88,1205232,03-06-2020 13:37:23.553,-25,FALSE,FALSE,03-06-2020 13:37:34.063,,,03-06-2020 13:37:34.063,System.Byte[],Reservation Fee
,1657247,1495,385581,8676012,399477,4999441,2082,88,1206201,03-17-2020 16:38:05.960,15,FALSE,FALSE,03-17-2020 16:38:08.720,,,03-17-2020 16:38:08.720,System.Byte[],Waived current late fee 1.
,1657248,1495,385581,8676012,399477,4999441,2082,88,1206201,03-17-2020 16:38:05.960,-15,FALSE,FALSE,03-17-2020 16:38:08.733,,,03-17-2020 16:38:08.733,System.Byte[],Waived current late fee 1.
,1657465,1495,385668,8677127,106145,5000028,93,88,1206334,03-19-2020 14:30:48.157,15,FALSE,FALSE,03-19-2020 14:30:50.967,,,03-19-2020 14:30:50.967,System.Byte[],Waived current late fee 1.
,1657466,1495,385668,8677127,106145,5000028,93,88,1206334,03-19-2020 14:30:48.157,-15,FALSE,FALSE,03-19-2020 14:30:50.967,,,03-19-2020 14:30:50.967,System.Byte[],Waived current late fee 1.
,1657467,1495,385668,8677128,106145,5000028,93,88,1206335,03-19-2020 14:30:48.157,25,FALSE,FALSE,03-19-2020 14:30:50.967,,,03-19-2020 14:30:50.967,System.Byte[],Waived current late fee 2.
,1657468,1495,385668,8677128,106145,5000028,93,88,1206335,03-19-2020 14:30:48.157,-25,FALSE,FALSE,03-19-2020 14:30:50.967,,,03-19-2020 14:30:50.967,System.Byte[],Waived current late fee 2.
,1657979,1495,385845,8679755,137163,5001494,2082,88,1206612,03-24-2020 11:23:01.163,15,FALSE,FALSE,03-24-2020 11:23:04.410,,,03-24-2020 11:23:04.410,System.Byte[],Waived current late fee 1.
,1657980,1495,385845,8679755,137163,5001494,2082,88,1206612,03-24-2020 11:23:01.163,-15,FALSE,FALSE,03-24-2020 11:23:04.410,,,03-24-2020 11:23:04.410,System.Byte[],Waived current late fee 1.
,1658283,1495,385923,8680845,278673,5002136,5265,88,1206777,03-26-2020 9:50:20.507,15,FALSE,FALSE,03-26-2020 9:50:23.790,,,03-26-2020 9:50:23.790,System.Byte[],Waived current late fee 1.
,1658284,1495,385923,8680845,278673,5002136,5265,88,1206777,03-26-2020 9:50:20.507,-15,FALSE,FALSE,03-26-2020 9:50:23.790,,,03-26-2020 9:50:23.790,System.Byte[],Waived current late fee 1.
,1660807,1495,387323,8693183,152543,5010492,93,88,1208829,04-06-2020 18:04:57.977,15,FALSE,FALSE,04-06-2020 18:05:09.843,,,04-06-2020 18:05:09.843,System.Byte[],Waived current late fee 1.
,1660808,1495,387323,8693183,152543,5010492,93,88,1208829,04-06-2020 18:04:57.977,-15,FALSE,FALSE,04-06-2020 18:05:09.843,,,04-06-2020 18:05:09.843,System.Byte[],Waived current late fee 1.
,1661451,1495,387428,8695529,158736,5011846,93,88,1209190,04-09-2020 16:06:16.600,25,FALSE,FALSE,04-09-2020 16:06:48.930,,,04-09-2020 16:06:48.930,System.Byte[],Waived current late fee 2.
,1661452,1495,387428,8695529,158736,5011846,93,88,1209190,04-09-2020 16:06:16.600,-25,FALSE,FALSE,04-09-2020 16:06:48.947,,,04-09-2020 16:06:48.947,System.Byte[],Waived current late fee 2.
,1662471,1495,387592,8698853,385377,5013637,93,88,1209582,04-15-2020 9:46:03.607,15,FALSE,FALSE,04-15-2020 9:46:11.063,,,04-15-2020 9:46:11.063,System.Byte[],Waived current late fee 1.
,1662472,1495,387592,8698853,385377,5013637,93,88,1209582,04-15-2020 9:46:03.607,-15,FALSE,FALSE,04-15-2020 9:46:11.063,,,04-15-2020 9:46:11.063,System.Byte[],Waived current late fee 1.
,1667861,1495,388262,8717068,398611,5024450,2082,88,1212078,05-04-2020 12:39:44.483,15,FALSE,FALSE,05-04-2020 12:39:48.297,,,05-04-2020 12:39:48.297,System.Byte[],Waived current late fee 1.
,1667862,1495,388262,8717068,398611,5024450,2082,88,1212078,05-04-2020 12:39:44.483,-15,FALSE,FALSE,05-04-2020 12:39:48.297,,,05-04-2020 12:39:48.297,System.Byte[],Waived current late fee 1.
,1667941,1495,388322,8717912,36864,5025019,93,88,1212172,05-05-2020 9:25:49.317,15,FALSE,FALSE,05-05-2020 9:25:50.453,,,05-05-2020 9:25:50.453,System.Byte[],Waived current late fee 1.
,1667942,1495,388322,8717912,36864,5025019,93,88,1212172,05-05-2020 9:25:49.317,-15,FALSE,FALSE,05-05-2020 9:25:50.453,,,05-05-2020 9:25:50.453,System.Byte[],Waived current late fee 1.
,1668195,1495,388361,8719577,386986,5026012,2082,88,1212367,05-06-2020 16:43:34.313,25,FALSE,FALSE,05-06-2020 16:43:51.890,,,05-06-2020 16:43:51.890,System.Byte[],Waived current late fee 2.
,1668196,1495,388361,8719577,386986,5026012,2082,88,1212367,05-06-2020 16:43:34.313,-25,FALSE,FALSE,05-06-2020 16:43:51.890,,,05-06-2020 16:43:51.890,System.Byte[],Waived current late fee 2.
,1668709,1495,388478,8721667,253062,5027243,93,88,1212676,05-09-2020 10:38:51.677,25,FALSE,FALSE,05-09-2020 10:38:53.633,,,05-09-2020 10:38:53.633,System.Byte[],Waived current late fee 2.
,1668710,1495,388478,8721667,253062,5027243,93,88,1212676,05-09-2020 10:38:51.677,-25,FALSE,FALSE,05-09-2020 10:38:53.650,,,05-09-2020 10:38:53.650,System.Byte[],Waived current late fee 2.
,1668715,1495,388478,8721699,265841,5027262,93,88,1212682,05-09-2020 10:59:44.847,15,FALSE,FALSE,05-09-2020 11:00:23.787,,,05-09-2020 11:00:23.787,System.Byte[],Waived current late fee 1.
,1668716,1495,388478,8721699,265841,5027262,93,88,1212682,05-09-2020 10:59:44.847,-15,FALSE,FALSE,05-09-2020 11:00:23.787,,,05-09-2020 11:00:23.787,System.Byte[],Waived current late fee 1.
,1668727,1495,388478,8721826,402748,5027342,93,88,1212699,05-09-2020 12:38:15.543,15,FALSE,FALSE,05-09-2020 12:38:17.867,,,05-09-2020 12:38:17.867,System.Byte[],Waived current late fee 1.
,1668728,1495,388478,8721826,402748,5027342,93,88,1212699,05-09-2020 12:38:15.543,-15,FALSE,FALSE,05-09-2020 12:38:17.867,,,05-09-2020 12:38:17.867,System.Byte[],Waived current late fee 1.
,1669387,1495,388613,8724324,395990,5028684,2082,88,1213037,05-13-2020 11:09:35.853,15,FALSE,FALSE,05-13-2020 11:10:20.147,,,05-13-2020 11:10:20.147,System.Byte[],Waived current late fee 1.
,1669388,1495,388613,8724324,395990,5028684,2082,88,1213037,05-13-2020 11:09:35.853,-15,FALSE,FALSE,05-13-2020 11:10:20.147,,,05-13-2020 11:10:20.147,System.Byte[],Waived current late fee 1.
,1670035,1495,388688,8726257,402782,5029651,3240,88,1213386,05-15-2020 12:44:52.290,15,FALSE,FALSE,05-15-2020 12:44:54.597,,,05-15-2020 12:44:54.597,System.Byte[],Waived current late fee 1.
,1670036,1495,388688,8726257,402782,5029651,3240,88,1213386,05-15-2020 12:44:52.290,-15,FALSE,FALSE,05-15-2020 12:44:54.613,,,05-15-2020 12:44:54.613,System.Byte[],Waived current late fee 1.
,1670231,1495,388729,8726993,399532,5030055,93,88,1213476,05-16-2020 11:44:52.607,15,FALSE,FALSE,05-16-2020 11:44:57.160,,,05-16-2020 11:44:57.160,System.Byte[],Waived current late fee 1.
,1670232,1495,388729,8726993,399532,5030055,93,88,1213476,05-16-2020 11:44:52.607,-15,FALSE,FALSE,05-16-2020 11:44:57.160,,,05-16-2020 11:44:57.160,System.Byte[],Waived current late fee 1.
,1671805,1495,389079,8733310,156627,5033560,2082,88,1214285,05-27-2020 10:05:59.303,15,FALSE,FALSE,05-27-2020 10:06:29.680,,,05-27-2020 10:06:29.680,System.Byte[],Waived current late fee 1.
,1671806,1495,389079,8733310,156627,5033560,2082,88,1214285,05-27-2020 10:05:59.303,-15,FALSE,FALSE,05-27-2020 10:06:29.680,,,05-27-2020 10:06:29.680,System.Byte[],Waived current late fee 1.
,1672077,1495,389079,8733692,337455,5033717,2082,88,1214334,05-27-2020 13:53:10.010,15,FALSE,FALSE,05-27-2020 13:53:23.283,,,05-27-2020 13:53:23.283,System.Byte[],Waived current late fee 1.
,1672078,1495,389079,8733692,337455,5033717,2082,88,1214334,05-27-2020 13:53:10.010,-15,FALSE,FALSE,05-27-2020 13:53:23.283,,,05-27-2020 13:53:23.283,System.Byte[],Waived current late fee 1.
,1672079,1495,389079,8733693,337455,5033717,2082,88,1214335,05-27-2020 13:53:10.010,25,FALSE,FALSE,05-27-2020 13:53:23.283,,,05-27-2020 13:53:23.283,System.Byte[],Waived current late fee 2.
,1672080,1495,389079,8733693,337455,5033717,2082,88,1214335,05-27-2020 13:53:10.010,-25,FALSE,FALSE,05-27-2020 13:53:23.283,,,05-27-2020 13:53:23.283,System.Byte[],Waived current late fee 2.
,1673204,1495,389235,8738294,403178,5036720,2082,88,1214767,06-01-2020 11:47:51.517,15,FALSE,FALSE,06-01-2020 11:47:58.997,,,06-01-2020 11:47:58.997,System.Byte[],Waived current late fee 1.
,1673205,1495,389235,8738294,403178,5036720,2082,88,1214767,06-01-2020 11:47:51.517,-15,FALSE,FALSE,06-01-2020 11:47:58.997,,,06-01-2020 11:47:58.997,System.Byte[],Waived current late fee 1.
,1673400,1495,389235,8739853,211203,5037835,2082,88,1214865,06-01-2020 14:40:42.857,15,FALSE,FALSE,06-01-2020 14:40:44.507,,,06-01-2020 14:40:44.507,System.Byte[],Waived current late fee 1.
,1673401,1495,389235,8739853,211203,5037835,2082,88,1214865,06-01-2020 14:40:42.857,-15,FALSE,FALSE,06-01-2020 14:40:44.507,,,06-01-2020 14:40:44.507,System.Byte[],Waived current late fee 1.
,1673442,1495,389235,8740028,386928,5037943,2082,88,1214904,06-01-2020 16:20:29.613,15,FALSE,FALSE,06-01-2020 16:20:36.040,,,06-01-2020 16:20:36.040,System.Byte[],Waived current late fee 1.
,1673443,1495,389235,8740028,386928,5037943,2082,88,1214904,06-01-2020 16:20:29.613,-15,FALSE,FALSE,06-01-2020 16:20:36.040,,,06-01-2020 16:20:36.040,System.Byte[],Waived current late fee 1.
,1674162,1495,389421,8744077,403148,5040513,93,88,1215364,06-04-2020 18:05:26.880,15,FALSE,FALSE,06-04-2020 18:05:32.557,,,06-04-2020 18:05:32.557,System.Byte[],Waived current late fee 1.
,1674163,1495,389421,8744077,403148,5040513,93,88,1215364,06-04-2020 18:05:26.880,-15,FALSE,FALSE,06-04-2020 18:05:32.557,,,06-04-2020 18:05:32.557,System.Byte[],Waived current late fee 1.
,1674350,1495,389421,8744969,400873,5041033,93,88,1215463,06-05-2020 14:19:30.273,15,FALSE,FALSE,06-05-2020 14:19:32.303,,,06-05-2020 14:19:32.303,System.Byte[],Waived current late fee 1.
,1674351,1495,389421,8744969,400873,5041033,93,88,1215463,06-05-2020 14:19:30.273,-15,FALSE,FALSE,06-05-2020 14:19:32.320,,,06-05-2020 14:19:32.320,System.Byte[],Waived current late fee 1.
,1674590,1495,389497,8746359,338732,5041911,93,88,1215647,06-08-2020 10:31:50.703,15,FALSE,FALSE,06-08-2020 10:32:09.587,,,06-08-2020 10:32:09.587,System.Byte[],Waived current late fee 1.
,1674591,1495,389497,8746359,338732,5041911,93,88,1215647,06-08-2020 10:31:50.703,-15,FALSE,FALSE,06-08-2020 10:32:09.587,,,06-08-2020 10:32:09.587,System.Byte[],Waived current late fee 1.
,1674974,1495,389557,8747252,152543,5042368,93,88,1215831,06-08-2020 18:40:09.750,15,FALSE,FALSE,06-08-2020 18:40:22.557,,,06-08-2020 18:40:22.557,System.Byte[],Waived current late fee 1.
,1674975,1495,389557,8747252,152543,5042368,93,88,1215831,06-08-2020 18:40:09.750,-15,FALSE,FALSE,06-08-2020 18:40:22.557,,,06-08-2020 18:40:22.557,System.Byte[],Waived current late fee 1.
,1675845,1495,389715,8750793,36864,5044312,93,88,1216344,06-13-2020 9:33:57.097,25,FALSE,FALSE,06-13-2020 9:33:59.093,,,06-13-2020 9:33:59.093,System.Byte[],Waived current late fee 2.
,1675846,1495,389715,8750793,36864,5044312,93,88,1216344,06-13-2020 9:33:57.097,-25,FALSE,FALSE,06-13-2020 9:33:59.093,,,06-13-2020 9:33:59.093,System.Byte[],Waived current late fee 2.
,1677195,1495,391057,8756612,85142,5047558,2082,88,1217215,06-23-2020 10:23:01.880,15,FALSE,FALSE,06-23-2020 10:23:04.777,,,06-23-2020 10:23:04.777,System.Byte[],Waived current late fee 1.
,1677196,1495,391057,8756612,85142,5047558,2082,88,1217215,06-23-2020 10:23:01.880,-15,FALSE,FALSE,06-23-2020 10:23:04.777,,,06-23-2020 10:23:04.777,System.Byte[],Waived current late fee 1.
,1679979,1495,391555,8771500,338732,5056832,2082,88,1218859,07-07-2020 9:11:36.737,15,FALSE,FALSE,07-07-2020 9:11:37.840,,,07-07-2020 9:11:37.840,System.Byte[],Waived current late fee 1.
,1679980,1495,391555,8771500,338732,5056832,2082,88,1218859,07-07-2020 9:11:36.737,-15,FALSE,FALSE,07-07-2020 9:11:37.857,,,07-07-2020 9:11:37.857,System.Byte[],Waived current late fee 1.
,1680775,1495,391676,8775001,152543,5058750,93,88,1219374,07-10-2020 17:49:10.180,15,FALSE,FALSE,07-10-2020 17:49:26.507,,,07-10-2020 17:49:26.507,System.Byte[],Waived current late fee 1.
,1680776,1495,391676,8775001,152543,5058750,93,88,1219374,07-10-2020 17:49:10.180,-15,FALSE,FALSE,07-10-2020 17:49:26.507,,,07-10-2020 17:49:26.507,System.Byte[],Waived current late fee 1.
,1680963,1495,391749,8776041,36864,5059345,93,88,1219508,07-13-2020 9:50:02.137,25,FALSE,FALSE,07-13-2020 9:50:04.493,,,07-13-2020 9:50:04.493,System.Byte[],Waived current late fee 2.
,1680964,1495,391749,8776041,36864,5059345,93,88,1219508,07-13-2020 9:50:02.137,-25,FALSE,FALSE,07-13-2020 9:50:04.493,,,07-13-2020 9:50:04.493,System.Byte[],Waived current late fee 2.
,1682612,1495,392176,8783432,406171,5063466,2756,88,1220569,07-24-2020 10:37:34.913,15,FALSE,FALSE,07-24-2020 10:38:05.260,,,07-24-2020 10:38:05.260,System.Byte[],Reservation Fee
,1682613,1495,392176,8783432,406171,5063466,2756,88,1220569,07-24-2020 10:37:34.913,-15,FALSE,FALSE,07-24-2020 10:38:05.260,,,07-24-2020 10:38:05.260,System.Byte[],Reservation Fee
,1682614,1495,392176,8783434,406171,5063466,2756,88,1220570,07-24-2020 10:37:34.913,10,FALSE,FALSE,07-24-2020 10:38:05.260,,,07-24-2020 10:38:05.260,System.Byte[],Reservation Fee
,1682615,1495,392176,8783434,406171,5063466,2756,88,1220570,07-24-2020 10:37:34.913,-10,FALSE,FALSE,07-24-2020 10:38:05.260,,,07-24-2020 10:38:05.260,System.Byte[],Reservation Fee
,1683140,1495,392312,8786063,390399,5064920,93,88,1220920,07-28-2020 10:56:59.157,25,FALSE,FALSE,07-28-2020 10:57:13.733,,,07-28-2020 10:57:13.733,System.Byte[],Waived current late fee 2.
,1683141,1495,392312,8786063,390399,5064920,93,88,1220920,07-28-2020 10:56:59.157,-25,FALSE,FALSE,07-28-2020 10:57:13.733,,,07-28-2020 10:57:13.733,System.Byte[],Waived current late fee 2.
,1683142,1495,392312,8786064,337455,5064920,93,88,1220921,07-28-2020 10:56:59.157,25,FALSE,FALSE,07-28-2020 10:57:13.733,,,07-28-2020 10:57:13.733,System.Byte[],Waived current late fee 2.
,1683143,1495,392312,8786064,337455,5064920,93,88,1220921,07-28-2020 10:56:59.157,-25,FALSE,FALSE,07-28-2020 10:57:13.750,,,07-28-2020 10:57:13.750,System.Byte[],Waived current late fee 2.
,1683420,1495,392350,8786866,406354,5065345,2756,88,1221021,07-29-2020 10:23:43.827,25,FALSE,FALSE,07-29-2020 10:24:12.770,,,07-29-2020 10:24:12.770,System.Byte[],Reservation Fee
,1683421,1495,392350,8786866,406354,5065345,2756,88,1221021,07-29-2020 10:23:43.827,-25,FALSE,FALSE,07-29-2020 10:24:12.770,,,07-29-2020 10:24:12.770,System.Byte[],Reservation Fee
,1684714,1495,392391,8788647,211203,5066191,2756,88,1221371,07-30-2020 15:44:25.467,15,FALSE,FALSE,07-30-2020 15:45:12.443,,,07-30-2020 15:45:12.443,System.Byte[],Waived current late fee 1.
,1684715,1495,392391,8788647,211203,5066191,2756,88,1221371,07-30-2020 15:44:25.467,-15,FALSE,FALSE,07-30-2020 15:45:12.443,,,07-30-2020 15:45:12.443,System.Byte[],Waived current late fee 1.
,1685126,1495,392507,8792896,86393,5069229,2082,88,1221851,08-03-2020 9:18:22.063,15,FALSE,FALSE,08-03-2020 9:18:25.103,,,08-03-2020 9:18:25.103,System.Byte[],Waived current late fee 1.
,1685127,1495,392507,8792896,86393,5069229,2082,88,1221851,08-03-2020 9:18:22.063,-15,FALSE,FALSE,08-03-2020 9:18:25.120,,,08-03-2020 9:18:25.120,System.Byte[],Waived current late fee 1.
,1685128,1495,392507,8792897,330254,5069229,2082,88,1221852,08-03-2020 9:18:22.063,15,FALSE,FALSE,08-03-2020 9:18:25.120,,,08-03-2020 9:18:25.120,System.Byte[],Waived current late fee 1.
,1685129,1495,392507,8792897,330254,5069229,2082,88,1221852,08-03-2020 9:18:22.063,-15,FALSE,FALSE,08-03-2020 9:18:25.120,,,08-03-2020 9:18:25.120,System.Byte[],Waived current late fee 1.
,1687038,1495,392864,8802737,152543,5075189,93,88,1222936,08-11-2020 17:45:12.243,15,FALSE,FALSE,08-11-2020 17:45:39.113,,,08-11-2020 17:45:39.113,System.Byte[],Waived current late fee 1.
,1687039,1495,392864,8802737,152543,5075189,93,88,1222936,08-11-2020 17:45:12.243,-15,FALSE,FALSE,08-11-2020 17:45:39.113,,,08-11-2020 17:45:39.113,System.Byte[],Waived current late fee 1.
,1698620,1495,398270,8848354,405987,5105500,93,88,1229570,08-28-2020 14:18:00.583,15,FALSE,FALSE,08-28-2020 14:18:03.590,,,08-28-2020 14:18:03.590,System.Byte[],Waived current late fee 1.
,1698621,1495,398270,8848354,405987,5105500,93,88,1229570,08-28-2020 14:18:00.583,-15,FALSE,FALSE,08-28-2020 14:18:03.590,,,08-28-2020 14:18:03.590,System.Byte[],Waived current late fee 1.
,1699582,1495,398507,8857613,406335,5111892,93,88,1230345,09-04-2020 12:54:34.860,15,FALSE,FALSE,09-04-2020 12:54:36.557,,,09-04-2020 12:54:36.557,System.Byte[],Waived current late fee 1.
,1699583,1495,398507,8857613,406335,5111892,93,88,1230345,09-04-2020 12:54:34.860,-15,FALSE,FALSE,09-04-2020 12:54:36.557,,,09-04-2020 12:54:36.557,System.Byte[],Waived current late fee 1.
,1700274,1495,398660,8861451,1510,5114161,2756,88,1230888,09-09-2020 12:31:27.497,15,FALSE,FALSE,09-09-2020 12:31:38.550,,,09-09-2020 12:31:38.550,System.Byte[],Waived current late fee 1.
,1700275,1495,398660,8861451,1510,5114161,2756,88,1230888,09-09-2020 12:31:27.497,-15,FALSE,FALSE,09-09-2020 12:31:38.550,,,09-09-2020 12:31:38.550,System.Byte[],Waived current late fee 1.
,1700590,1495,398732,8862737,152543,5114860,93,88,1231112,09-10-2020 17:56:22.527,15,FALSE,FALSE,09-10-2020 17:56:26.470,,,09-10-2020 17:56:26.470,System.Byte[],Waived current late fee 1.
,1700591,1495,398732,8862737,152543,5114860,93,88,1231112,09-10-2020 17:56:22.527,-15,FALSE,FALSE,09-10-2020 17:56:26.470,,,09-10-2020 17:56:26.470,System.Byte[],Waived current late fee 1.
,1700822,1495,398732,8863556,405273,5115271,2756,88,1231207,09-11-2020 15:18:38.560,15,FALSE,FALSE,09-11-2020 15:18:39.910,,,09-11-2020 15:18:39.910,System.Byte[],Waived current late fee 1.
,1700823,1495,398732,8863556,405273,5115271,2756,88,1231207,09-11-2020 15:18:38.560,-15,FALSE,FALSE,09-11-2020 15:18:39.910,,,09-11-2020 15:18:39.910,System.Byte[],Waived current late fee 1.
,1701120,1495,398798,8865148,269881,5116171,2082,88,1231447,09-14-2020 14:24:24.020,15,FALSE,FALSE,09-14-2020 14:24:49.833,,,09-14-2020 14:24:49.833,System.Byte[],Waived current late fee 1.
,1701121,1495,398798,8865148,269881,5116171,2082,88,1231447,09-14-2020 14:24:24.020,-15,FALSE,FALSE,09-14-2020 14:24:49.833,,,09-14-2020 14:24:49.833,System.Byte[],Waived current late fee 1.
,1701132,1495,398798,8865233,410595,5116213,2082,88,1231456,09-14-2020 15:20:19.960,25,FALSE,FALSE,09-14-2020 15:20:23.330,,,09-14-2020 15:20:23.330,System.Byte[],Reservation Fee
,1701133,1495,398798,8865233,410595,5116213,2082,88,1231456,09-14-2020 15:20:19.960,-25,FALSE,FALSE,09-14-2020 15:20:23.330,,,09-14-2020 15:20:23.330,System.Byte[],Reservation Fee
,1701986,1495,399022,8870000,120450,5119293,93,88,1232624,09-21-2020 12:49:30.040,15,FALSE,FALSE,09-21-2020 12:49:33.950,,,09-21-2020 12:49:33.950,System.Byte[],Waived current late fee 1.
,1701987,1495,399022,8870000,120450,5119293,93,88,1232624,09-21-2020 12:49:30.040,-15,FALSE,FALSE,09-21-2020 12:49:33.950,,,09-21-2020 12:49:33.950,System.Byte[],Waived current late fee 1.
,1702118,1495,399073,8870597,93355,5119627,2082,88,1232703,09-22-2020 10:19:01.770,15,FALSE,FALSE,09-22-2020 10:19:06.733,,,09-22-2020 10:19:06.733,System.Byte[],Waived current late fee 1.
,1702119,1495,399073,8870597,93355,5119627,2082,88,1232703,09-22-2020 10:19:01.770,-15,FALSE,FALSE,09-22-2020 10:19:06.733,,,09-22-2020 10:19:06.733,System.Byte[],Waived current late fee 1.
,1702538,1495,399141,8872349,410955,5120430,2756,88,1232926,09-24-2020 10:54:16.267,10,FALSE,FALSE,09-24-2020 10:54:51.510,,,09-24-2020 10:54:51.510,System.Byte[],Reservation Fee
,1702539,1495,399141,8872349,410955,5120430,2756,88,1232926,09-24-2020 10:54:16.267,-10,FALSE,FALSE,09-24-2020 10:54:51.510,,,09-24-2020 10:54:51.510,System.Byte[],Reservation Fee
,1702540,1495,399141,8872350,410955,5120430,2756,88,1232927,09-24-2020 10:54:16.267,15,FALSE,FALSE,09-24-2020 10:54:51.510,,,09-24-2020 10:54:51.510,System.Byte[],Reservation Fee
,1702541,1495,399141,8872350,410955,5120430,2756,88,1232927,09-24-2020 10:54:16.267,-15,FALSE,FALSE,09-24-2020 10:54:51.510,,,09-24-2020 10:54:51.510,System.Byte[],Reservation Fee
,1703434,1495,400335,8876645,404967,5122897,1212,88,1233526,09-30-2020 9:29:37.473,15,FALSE,FALSE,09-30-2020 9:29:39.067,,,09-30-2020 9:29:39.067,System.Byte[],Waived current late fee 1.
,1703435,1495,400335,8876645,404967,5122897,1212,88,1233526,09-30-2020 9:29:37.473,-15,FALSE,FALSE,09-30-2020 9:29:39.067,,,09-30-2020 9:29:39.067,System.Byte[],Waived current late fee 1.
,1703436,1495,400335,8876651,404965,5122902,1212,88,1233527,09-30-2020 9:33:54.190,15,FALSE,FALSE,09-30-2020 9:33:55.540,,,09-30-2020 9:33:55.540,System.Byte[],Waived current late fee 1.
,1703437,1495,400335,8876651,404965,5122902,1212,88,1233527,09-30-2020 9:33:54.190,-15,FALSE,FALSE,09-30-2020 9:33:55.540,,,09-30-2020 9:33:55.540,System.Byte[],Waived current late fee 1.
,1705512,1495,400483,8886382,410565,5129586,93,88,1235245,10-05-2020 13:29:39.463,15,FALSE,FALSE,10-05-2020 13:29:40.883,,,10-05-2020 13:29:40.883,System.Byte[],Waived current late fee 1.
,1705513,1495,400483,8886382,410565,5129586,93,88,1235245,10-05-2020 13:29:39.463,-15,FALSE,FALSE,10-05-2020 13:29:40.883,,,10-05-2020 13:29:40.883,System.Byte[],Waived current late fee 1.
,1707230,1495,400880,8894456,152543,5134277,93,88,1236461,10-15-2020 18:32:22.520,25,FALSE,FALSE,10-15-2020 18:32:36.843,,,10-15-2020 18:32:36.843,System.Byte[],Waived current late fee 2.
,1707231,1495,400880,8894456,152543,5134277,93,88,1236461,10-15-2020 18:32:22.520,-25,FALSE,FALSE,10-15-2020 18:32:36.860,,,10-15-2020 18:32:36.860,System.Byte[],Waived current late fee 2.
,1708370,1495,401185,8901641,404967,5138812,93,88,1237301,10-26-2020 9:57:56.073,15,FALSE,FALSE,10-26-2020 9:57:58.680,,,10-26-2020 9:57:58.680,System.Byte[],Waived current late fee 1.
,1708371,1495,401185,8901641,404967,5138812,93,88,1237301,10-26-2020 9:57:56.073,-15,FALSE,FALSE,10-26-2020 9:57:58.680,,,10-26-2020 9:57:58.680,System.Byte[],Waived current late fee 1.
,1708372,1495,401185,8901642,404965,5138812,93,88,1237302,10-26-2020 9:57:56.073,15,FALSE,FALSE,10-26-2020 9:57:58.680,,,10-26-2020 9:57:58.680,System.Byte[],Waived current late fee 1.
,1708373,1495,401185,8901642,404965,5138812,93,88,1237302,10-26-2020 9:57:56.073,-15,FALSE,FALSE,10-26-2020 9:57:58.680,,,10-26-2020 9:57:58.680,System.Byte[],Waived current late fee 1.
,1708382,1495,401185,8901713,270221,5138866,93,88,1237310,10-26-2020 11:12:07.400,15,FALSE,FALSE,10-26-2020 11:12:09.680,,,10-26-2020 11:12:09.680,System.Byte[],Waived current late fee 1.
,1708383,1495,401185,8901713,270221,5138866,93,88,1237310,10-26-2020 11:12:07.400,-15,FALSE,FALSE,10-26-2020 11:12:09.697,,,10-26-2020 11:12:09.697,System.Byte[],Waived current late fee 1.
,1708408,1495,401185,8901901,407238,5138999,93,88,1237348,10-26-2020 13:30:21.207,15,FALSE,FALSE,10-26-2020 13:30:24.440,,,10-26-2020 13:30:24.440,System.Byte[],Waived current late fee 1.
,1708409,1495,401185,8901901,407238,5138999,93,88,1237348,10-26-2020 13:30:21.207,-15,FALSE,FALSE,10-26-2020 13:30:24.440,,,10-26-2020 13:30:24.440,System.Byte[],Waived current late fee 1.
,1708410,1495,401185,8901952,390399,5139022,93,88,1237351,10-26-2020 14:03:57.507,25,FALSE,FALSE,10-26-2020 14:04:14.977,,,10-26-2020 14:04:14.977,System.Byte[],Waived current late fee 2.
,1708411,1495,401185,8901952,390399,5139022,93,88,1237351,10-26-2020 14:03:57.507,-25,FALSE,FALSE,10-26-2020 14:04:14.977,,,10-26-2020 14:04:14.977,System.Byte[],Waived current late fee 2.
,1708412,1495,401185,8901953,337455,5139022,93,88,1237352,10-26-2020 14:03:57.507,25,FALSE,FALSE,10-26-2020 14:04:14.977,,,10-26-2020 14:04:14.977,System.Byte[],Waived current late fee 2.
,1708413,1495,401185,8901953,337455,5139022,93,88,1237352,10-26-2020 14:03:57.507,-25,FALSE,FALSE,10-26-2020 14:04:14.977,,,10-26-2020 14:04:14.977,System.Byte[],Waived current late fee 2.
,1709554,1495,402478,8911422,249967,5145382,2082,88,1238266,11-03-2020 13:04:49.830,15,FALSE,FALSE,11-03-2020 13:05:21.257,,,11-03-2020 13:05:21.257,System.Byte[],Waived current late fee 1.
,1709555,1495,402478,8911422,249967,5145382,2082,88,1238266,11-03-2020 13:04:49.830,-15,FALSE,FALSE,11-03-2020 13:05:21.270,,,11-03-2020 13:05:21.270,System.Byte[],Waived current late fee 1.
,1710158,1495,402616,8915568,400077,5147912,2756,88,1238809,11-07-2020 9:30:18.930,15,FALSE,FALSE,11-07-2020 9:30:29.563,,,11-07-2020 9:30:29.563,System.Byte[],Waived current late fee 1.
,1710159,1495,402616,8915568,400077,5147912,2756,88,1238809,11-07-2020 9:30:18.930,-15,FALSE,FALSE,11-07-2020 9:30:29.563,,,11-07-2020 9:30:29.563,System.Byte[],Waived current late fee 1.
,1711084,1495,402817,8919798,36864,5150403,2756,88,1239436,11-13-2020 9:19:12.387,25,FALSE,FALSE,11-13-2020 9:19:14.057,,,11-13-2020 9:19:14.057,System.Byte[],Waived current late fee 2.
,1711085,1495,402817,8919798,36864,5150403,2756,88,1239436,11-13-2020 9:19:12.387,-25,FALSE,FALSE,11-13-2020 9:19:14.057,,,11-13-2020 9:19:14.057,System.Byte[],Waived current late fee 2.
,1712066,1495,403081,8925156,401622,5153406,2756,88,1240224,11-21-2020 10:08:18.563,15,FALSE,FALSE,11-21-2020 10:08:19.857,,,11-21-2020 10:08:19.857,System.Byte[],Waived current late fee 1.
,1712067,1495,403081,8925156,401622,5153406,2756,88,1240224,11-21-2020 10:08:18.563,-15,FALSE,FALSE,11-21-2020 10:08:19.857,,,11-21-2020 10:08:19.857,System.Byte[],Waived current late fee 1.
,1712512,1495,403114,8926138,413208,5153959,93,88,1240394,11-23-2020 10:26:10.097,15,FALSE,FALSE,11-23-2020 10:26:11.670,,,11-23-2020 10:26:11.670,System.Byte[],Waived current late fee 1.
,1712513,1495,403114,8926138,413208,5153959,93,88,1240394,11-23-2020 10:26:10.097,-15,FALSE,FALSE,11-23-2020 10:26:11.670,,,11-23-2020 10:26:11.670,System.Byte[],Waived current late fee 1.
,1712518,1495,403114,8926142,413209,5153963,93,88,1240395,11-23-2020 10:31:59.610,15,FALSE,FALSE,11-23-2020 10:32:00.860,,,11-23-2020 10:32:00.860,System.Byte[],Waived current late fee 1.
,1712519,1495,403114,8926142,413209,5153963,93,88,1240395,11-23-2020 10:31:59.610,-15,FALSE,FALSE,11-23-2020 10:32:00.860,,,11-23-2020 10:32:00.860,System.Byte[],Waived current late fee 1.
,1714378,1495,403572,8940797,46711,5163635,93,88,1241913,12-07-2020 11:59:23.073,15,FALSE,FALSE,12-07-2020 11:59:24.667,,,12-07-2020 11:59:24.667,System.Byte[],Waived current late fee 1.
,1714379,1495,403572,8940797,46711,5163635,93,88,1241913,12-07-2020 11:59:23.073,-15,FALSE,FALSE,12-07-2020 11:59:24.667,,,12-07-2020 11:59:24.667,System.Byte[],Waived current late fee 1.
,1717152,1495,405227,8953851,252010,5170984,93,88,1243646,12-28-2020 10:56:17.253,25,FALSE,FALSE,12-28-2020 10:56:18.947,,,12-28-2020 10:56:18.947,System.Byte[],Waived current late fee 2.
,1717153,1495,405227,8953851,252010,5170984,93,88,1243646,12-28-2020 10:56:17.253,-25,FALSE,FALSE,12-28-2020 10:56:18.947,,,12-28-2020 10:56:18.947,System.Byte[],Waived current late fee 2.
,1718698,1495,405442,8963396,246055,5177175,2756,88,1244623,01-04-2021 15:13:19.660,15,FALSE,FALSE,01-04-2021 15:13:20.367,,,01-04-2021 15:13:20.367,System.Byte[],Waived current late fee 1.
,1718699,1495,405442,8963396,246055,5177175,2756,88,1244623,01-04-2021 15:13:19.660,-15,FALSE,FALSE,01-04-2021 15:13:20.367,,,01-04-2021 15:13:20.367,System.Byte[],Waived current late fee 1.
,1725525,1495,407886,9000761,415579,5199242,1212,88,1249023,02-17-2021 11:14:12.860,10,FALSE,FALSE,02-17-2021 11:14:23.777,,,02-17-2021 11:14:23.777,System.Byte[],Reservation Fee
,1725526,1495,407886,9000761,415579,5199242,1212,88,1249023,02-17-2021 11:14:12.860,-10,FALSE,FALSE,02-17-2021 11:14:23.777,,,02-17-2021 11:14:23.777,System.Byte[],Reservation Fee
,1725527,1495,407886,9000762,415579,5199242,1212,88,1249024,02-17-2021 11:14:12.860,15,FALSE,FALSE,02-17-2021 11:14:23.777,,,02-17-2021 11:14:23.777,System.Byte[],Reservation Fee
,1725528,1495,407886,9000762,415579,5199242,1212,88,1249024,02-17-2021 11:14:12.860,-15,FALSE,FALSE,02-17-2021 11:14:23.777,,,02-17-2021 11:14:23.777,System.Byte[],Reservation Fee
,1725881,1495,407957,9002292,413844,5200138,2756,88,1249250,02-19-2021 16:36:59.913,15,FALSE,FALSE,02-19-2021 16:37:49.510,,,02-19-2021 16:37:49.510,System.Byte[],Waived current late fee 1.
,1725882,1495,407957,9002292,413844,5200138,2756,88,1249250,02-19-2021 16:36:59.913,-15,FALSE,FALSE,02-19-2021 16:37:49.510,,,02-19-2021 16:37:49.510,System.Byte[],Waived current late fee 1.
,1725893,1495,407992,9002330,152543,5200163,93,88,1249260,02-19-2021 18:04:08.343,25,FALSE,FALSE,02-19-2021 18:04:22.433,,,02-19-2021 18:04:22.433,System.Byte[],Waived current late fee 2.
,1725894,1495,407992,9002330,152543,5200163,93,88,1249260,02-19-2021 18:04:08.343,-25,FALSE,FALSE,02-19-2021 18:04:22.433,,,02-19-2021 18:04:22.433,System.Byte[],Waived current late fee 2.
,1727447,1495,408248,9009763,413571,5204397,2756,88,1250134,03-01-2021 9:41:47.410,15,FALSE,FALSE,03-01-2021 9:41:48.433,,,03-01-2021 9:41:48.433,System.Byte[],Waived current late fee 1.
,1727448,1495,408248,9009763,413571,5204397,2756,88,1250134,03-01-2021 9:41:47.410,-15,FALSE,FALSE,03-01-2021 9:41:48.433,,,03-01-2021 9:41:48.433,System.Byte[],Waived current late fee 1.
,1727533,1495,408248,9011836,404967,5206075,2756,88,1250233,03-01-2021 12:44:11.407,15,FALSE,FALSE,03-01-2021 12:44:12.437,,,03-01-2021 12:44:12.437,System.Byte[],Waived current late fee 1.
,1727534,1495,408248,9011836,404967,5206075,2756,88,1250233,03-01-2021 12:44:11.407,-15,FALSE,FALSE,03-01-2021 12:44:12.437,,,03-01-2021 12:44:12.437,System.Byte[],Waived current late fee 1.
,1727535,1495,408248,9011837,404965,5206075,2756,88,1250234,03-01-2021 12:44:11.407,15,FALSE,FALSE,03-01-2021 12:44:12.450,,,03-01-2021 12:44:12.450,System.Byte[],Waived current late fee 1.
,1727536,1495,408248,9011837,404965,5206075,2756,88,1250234,03-01-2021 12:44:11.407,-15,FALSE,FALSE,03-01-2021 12:44:12.450,,,03-01-2021 12:44:12.450,System.Byte[],Waived current late fee 1.
,1728409,1495,408479,9019555,338732,5210954,2756,88,1251053,03-08-2021 11:09:57.700,15,FALSE,FALSE,03-08-2021 11:10:00.287,,,03-08-2021 11:10:00.287,System.Byte[],Waived current late fee 1.
,1728410,1495,408479,9019555,338732,5210954,2756,88,1251053,03-08-2021 11:09:57.700,-15,FALSE,FALSE,03-08-2021 11:10:00.287,,,03-08-2021 11:10:00.287,System.Byte[],Waived current late fee 1.
,1731149,1495,408858,9028902,86393,5215512,2756,88,1252200,03-19-2021 16:16:22.170,15,FALSE,FALSE,03-19-2021 16:16:23.857,,,03-19-2021 16:16:23.857,System.Byte[],Waived current late fee 1.
,1731150,1495,408858,9028902,86393,5215512,2756,88,1252200,03-19-2021 16:16:22.170,-15,FALSE,FALSE,03-19-2021 16:16:23.873,,,03-19-2021 16:16:23.873,System.Byte[],Waived current late fee 1.
,1731151,1495,408858,9028903,330254,5215512,2756,88,1252201,03-19-2021 16:16:22.170,15,FALSE,FALSE,03-19-2021 16:16:23.873,,,03-19-2021 16:16:23.873,System.Byte[],Waived current late fee 1.
,1731152,1495,408858,9028903,330254,5215512,2756,88,1252201,03-19-2021 16:16:22.170,-15,FALSE,FALSE,03-19-2021 16:16:23.873,,,03-19-2021 16:16:23.873,System.Byte[],Waived current late fee 1.
,1731153,1495,408858,9028904,86393,5215512,2756,88,1252202,03-19-2021 16:16:22.170,25,FALSE,FALSE,03-19-2021 16:16:23.873,,,03-19-2021 16:16:23.873,System.Byte[],Waived current late fee 2.
,1731154,1495,408858,9028904,86393,5215512,2756,88,1252202,03-19-2021 16:16:22.170,-25,FALSE,FALSE,03-19-2021 16:16:23.873,,,03-19-2021 16:16:23.873,System.Byte[],Waived current late fee 2.
,1731155,1495,408858,9028905,330254,5215512,2756,88,1252203,03-19-2021 16:16:22.170,25,FALSE,FALSE,03-19-2021 16:16:23.873,,,03-19-2021 16:16:23.873,System.Byte[],Waived current late fee 2.
,1731156,1495,408858,9028905,330254,5215512,2756,88,1252203,03-19-2021 16:16:22.170,-25,FALSE,FALSE,03-19-2021 16:16:23.873,,,03-19-2021 16:16:23.873,System.Byte[],Waived current late fee 2.
,1731797,1495,410086,9032759,410793,5217653,2756,88,1252716,03-26-2021 9:16:13.893,15,FALSE,FALSE,03-26-2021 9:16:15.403,,,03-26-2021 9:16:15.403,System.Byte[],Waived current late fee 1.
,1731798,1495,410086,9032759,410793,5217653,2756,88,1252716,03-26-2021 9:16:13.893,-15,FALSE,FALSE,03-26-2021 9:16:15.403,,,03-26-2021 9:16:15.403,System.Byte[],Waived current late fee 1.
,1733039,1495,410329,9042181,332527,5223915,2756,88,1253633,04-03-2021 10:34:25.063,15,FALSE,FALSE,04-03-2021 10:34:26.327,,,04-03-2021 10:34:26.327,System.Byte[],Waived current late fee 1.
,1733040,1495,410329,9042181,332527,5223915,2756,88,1253633,04-03-2021 10:34:25.063,-15,FALSE,FALSE,04-03-2021 10:34:26.327,,,04-03-2021 10:34:26.327,System.Byte[],Waived current late fee 1.
,1735309,1495,410741,9052931,152543,5229753,93,88,1255024,04-16-2021 18:05:37.330,25,FALSE,FALSE,04-16-2021 18:05:59.147,,,04-16-2021 18:05:59.147,System.Byte[],Waived current late fee 2.
,1735310,1495,410741,9052931,152543,5229753,93,88,1255024,04-16-2021 18:05:37.330,-25,FALSE,FALSE,04-16-2021 18:05:59.147,,,04-16-2021 18:05:59.147,System.Byte[],Waived current late fee 2.
,1737346,1495,411341,9070880,49648,5241249,2756,88,1257071,05-07-2021 14:13:15.290,15,FALSE,FALSE,05-07-2021 14:13:16.047,,,05-07-2021 14:13:16.047,System.Byte[],Waived current late fee 1.
,1737347,1495,411341,9070880,49648,5241249,2756,88,1257071,05-07-2021 14:13:15.290,-15,FALSE,FALSE,05-07-2021 14:13:16.047,,,05-07-2021 14:13:16.047,System.Byte[],Waived current late fee 1.
,1737462,1495,411404,9072120,237009,5241967,2756,88,1257180,05-10-2021 8:52:23.140,15,FALSE,FALSE,05-10-2021 8:52:24.073,,,05-10-2021 8:52:24.073,System.Byte[],Waived current late fee 1.
,1737463,1495,411404,9072120,237009,5241967,2756,88,1257180,05-10-2021 8:52:23.140,-15,FALSE,FALSE,05-10-2021 8:52:24.073,,,05-10-2021 8:52:24.073,System.Byte[],Waived current late fee 1.
,1738248,1495,412525,9075069,266895,5243464,2756,88,1257639,05-13-2021 14:06:30.107,15,FALSE,FALSE,05-13-2021 14:06:31.800,,,05-13-2021 14:06:31.800,System.Byte[],Waived current late fee 1.
,1738249,1495,412525,9075069,266895,5243464,2756,88,1257639,05-13-2021 14:06:30.107,-15,FALSE,FALSE,05-13-2021 14:06:31.800,,,05-13-2021 14:06:31.800,System.Byte[],Waived current late fee 1.
,1792818,1495,436671,9535529,413730,5544884,2756,88,1284523,05-15-2021 11:17:09.790,15,FALSE,FALSE,05-15-2021 11:17:19.610,,,05-15-2021 11:17:19.610,System.Byte[],Waived current late fee 1.
,1792819,1495,436671,9535529,413730,5544884,2756,88,1284523,05-15-2021 11:17:09.790,-15,FALSE,FALSE,05-15-2021 11:17:19.610,,,05-15-2021 11:17:19.610,System.Byte[],Waived current late fee 1.
,1794573,1495,437107,9548680,86393,5553169,2756,88,1286063,06-03-2021 11:24:35.930,15,FALSE,FALSE,06-03-2021 11:24:38.893,,,06-03-2021 11:24:38.893,System.Byte[],Waived current late fee 1.
,1794574,1495,437107,9548680,86393,5553169,2756,88,1286063,06-03-2021 11:24:35.930,-15,FALSE,FALSE,06-03-2021 11:24:38.893,,,06-03-2021 11:24:38.893,System.Byte[],Waived current late fee 1.
,1794575,1495,437107,9548681,330254,5553169,2756,88,1286064,06-03-2021 11:24:35.930,15,FALSE,FALSE,06-03-2021 11:24:38.893,,,06-03-2021 11:24:38.893,System.Byte[],Waived current late fee 1.
,1794576,1495,437107,9548681,330254,5553169,2756,88,1286064,06-03-2021 11:24:35.930,-15,FALSE,FALSE,06-03-2021 11:24:38.893,,,06-03-2021 11:24:38.893,System.Byte[],Waived current late fee 1.
,1796759,1495,437462,9558056,152543,5558157,93,88,1287303,06-17-2021 17:54:44.807,15,FALSE,FALSE,06-17-2021 17:54:56.277,,,06-17-2021 17:54:56.277,System.Byte[],Waived current late fee 1.
,1796760,1495,437462,9558056,152543,5558157,93,88,1287303,06-17-2021 17:54:44.807,-15,FALSE,FALSE,06-17-2021 17:54:56.277,,,06-17-2021 17:54:56.277,System.Byte[],Waived current late fee 1.
,1796761,1495,437462,9558057,152543,5558157,93,88,1287304,06-17-2021 17:54:44.807,25,FALSE,FALSE,06-17-2021 17:54:56.277,,,06-17-2021 17:54:56.277,System.Byte[],Waived current late fee 2.
,1796762,1495,437462,9558057,152543,5558157,93,88,1287304,06-17-2021 17:54:44.807,-25,FALSE,FALSE,06-17-2021 17:54:56.277,,,06-17-2021 17:54:56.277,System.Byte[],Waived current late fee 2.
,1797573,1495,438606,9561235,58565,5559768,2756,88,1287891,06-24-2021 13:38:09.980,15,FALSE,FALSE,06-24-2021 13:38:15.717,,,06-24-2021 13:38:15.717,System.Byte[],Waived current late fee 1.
,1797574,1495,438606,9561235,58565,5559768,2756,88,1287891,06-24-2021 13:38:09.980,-15,FALSE,FALSE,06-24-2021 13:38:15.733,,,06-24-2021 13:38:15.733,System.Byte[],Waived current late fee 1.
,1797575,1495,438606,9561236,1505,5559768,2756,88,1287892,06-24-2021 13:38:09.980,15,FALSE,FALSE,06-24-2021 13:38:15.733,,,06-24-2021 13:38:15.733,System.Byte[],Waived current late fee 1.
,1797576,1495,438606,9561236,1505,5559768,2756,88,1287892,06-24-2021 13:38:09.980,-15,FALSE,FALSE,06-24-2021 13:38:15.733,,,06-24-2021 13:38:15.733,System.Byte[],Waived current late fee 1.
,1798628,1495,438831,9572504,437899,5567238,1179,88,1289024,07-06-2021 14:45:26.727,15,FALSE,FALSE,07-06-2021 14:45:27.710,,,07-06-2021 14:45:27.710,System.Byte[],Waived current late fee 1.
,1798629,1495,438831,9572504,437899,5567238,1179,88,1289024,07-06-2021 14:45:26.727,-15,FALSE,FALSE,07-06-2021 14:45:27.710,,,07-06-2021 14:45:27.710,System.Byte[],Waived current late fee 1.
,1799514,1495,438948,9575545,86393,5568811,2756,88,1289576,07-09-2021 16:33:34.590,15,FALSE,FALSE,07-09-2021 16:33:36.177,,,07-09-2021 16:33:36.177,System.Byte[],Waived current late fee 1.
,1799515,1495,438948,9575545,86393,5568811,2756,88,1289576,07-09-2021 16:33:34.590,-15,FALSE,FALSE,07-09-2021 16:33:36.177,,,07-09-2021 16:33:36.177,System.Byte[],Waived current late fee 1.
,1799516,1495,438948,9575546,330254,5568811,2756,88,1289577,07-09-2021 16:33:34.590,15,FALSE,FALSE,07-09-2021 16:33:36.177,,,07-09-2021 16:33:36.177,System.Byte[],Waived current late fee 1.
,1799517,1495,438948,9575546,330254,5568811,2756,88,1289577,07-09-2021 16:33:34.590,-15,FALSE,FALSE,07-09-2021 16:33:36.177,,,07-09-2021 16:33:36.177,System.Byte[],Waived current late fee 1.
,1800040,1495,439061,9577560,152543,5569907,93,88,1289886,07-13-2021 18:04:00.763,25,FALSE,FALSE,07-13-2021 18:04:12.670,,,07-13-2021 18:04:12.670,System.Byte[],Waived current late fee 2.
,1800041,1495,439061,9577560,152543,5569907,93,88,1289886,07-13-2021 18:04:00.763,-25,FALSE,FALSE,07-13-2021 18:04:12.683,,,07-13-2021 18:04:12.683,System.Byte[],Waived current late fee 2.
,1800354,1495,439087,9578839,86852,5570544,2756,88,1290100,07-15-2021 15:58:34.897,15,FALSE,FALSE,07-15-2021 15:58:37.783,,,07-15-2021 15:58:37.783,System.Byte[],Waived current late fee 1.
,1800355,1495,439087,9578839,86852,5570544,2756,88,1290100,07-15-2021 15:58:34.897,-15,FALSE,FALSE,07-15-2021 15:58:37.783,,,07-15-2021 15:58:37.783,System.Byte[],Waived current late fee 1.
,1801006,1495,439225,9581373,438385,5571856,1179,88,1290482,07-21-2021 10:37:50.190,15,FALSE,FALSE,07-21-2021 10:37:52.030,,,07-21-2021 10:37:52.030,System.Byte[],Waived current late fee 1.
,1801007,1495,439225,9581373,438385,5571856,1179,88,1290482,07-21-2021 10:37:50.190,-15,FALSE,FALSE,07-21-2021 10:37:52.043,,,07-21-2021 10:37:52.043,System.Byte[],Waived current late fee 1.
,1801590,1495,439272,9582835,1505,5572528,2756,88,1290774,07-23-2021 14:31:51.370,15,FALSE,FALSE,07-23-2021 14:31:53.207,,,07-23-2021 14:31:53.207,System.Byte[],Waived current late fee 1.
,1801591,1495,439272,9582835,1505,5572528,2756,88,1290774,07-23-2021 14:31:51.370,-15,FALSE,FALSE,07-23-2021 14:31:53.207,,,07-23-2021 14:31:53.207,System.Byte[],Waived current late fee 1.
,1801988,1495,440358,9584572,275986,5573505,1179,88,1291064,07-27-2021 16:04:18.137,15,FALSE,FALSE,07-27-2021 16:04:19.433,,,07-27-2021 16:04:19.433,System.Byte[],Waived current late fee 1.
,1801989,1495,440358,9584572,275986,5573505,1179,88,1291064,07-27-2021 16:04:18.137,-15,FALSE,FALSE,07-27-2021 16:04:19.450,,,07-27-2021 16:04:19.450,System.Byte[],Waived current late fee 1.
,1802044,1495,440382,9584860,156627,5573686,1179,88,1291089,07-28-2021 9:54:44.917,15,FALSE,FALSE,07-28-2021 9:54:46.197,,,07-28-2021 9:54:46.197,System.Byte[],Waived current late fee 1.
,1802045,1495,440382,9584860,156627,5573686,1179,88,1291089,07-28-2021 9:54:44.917,-15,FALSE,FALSE,07-28-2021 9:54:46.197,,,07-28-2021 9:54:46.197,System.Byte[],Waived current late fee 1.
,1802260,1495,440426,9586213,385594,5574404,2756,88,1291309,07-30-2021 11:23:27.973,15,FALSE,FALSE,07-30-2021 11:23:29.950,,,07-30-2021 11:23:29.950,System.Byte[],Waived current late fee 1.
,1802261,1495,440426,9586213,385594,5574404,2756,88,1291309,07-30-2021 11:23:27.973,-15,FALSE,FALSE,07-30-2021 11:23:29.983,,,07-30-2021 11:23:29.983,System.Byte[],Waived current late fee 1.
,1802262,1495,440426,9586214,131566,5574404,2756,88,1291310,07-30-2021 11:23:27.973,15,FALSE,FALSE,07-30-2021 11:23:29.983,,,07-30-2021 11:23:29.983,System.Byte[],Waived current late fee 1.
,1802263,1495,440426,9586214,131566,5574404,2756,88,1291310,07-30-2021 11:23:27.973,-15,FALSE,FALSE,07-30-2021 11:23:30.000,,,07-30-2021 11:23:30.000,System.Byte[],Waived current late fee 1.
,1802864,1495,440527,9593016,249967,5579255,1179,88,1291811,08-03-2021 15:12:26.247,15,FALSE,FALSE,08-03-2021 15:12:28.233,,,08-03-2021 15:12:28.233,System.Byte[],Waived current late fee 1.
,1802865,1495,440527,9593016,249967,5579255,1179,88,1291811,08-03-2021 15:12:26.247,-15,FALSE,FALSE,08-03-2021 15:12:28.233,,,08-03-2021 15:12:28.233,System.Byte[],Waived current late fee 1.
,1802902,1495,440552,9593883,389116,5579794,1179,88,1291857,08-04-2021 9:13:45.967,15,FALSE,FALSE,08-04-2021 9:13:47.953,,,08-04-2021 9:13:47.953,System.Byte[],Waived current late fee 1.
,1802903,1495,440552,9593883,389116,5579794,1179,88,1291857,08-04-2021 9:13:45.967,-15,FALSE,FALSE,08-04-2021 9:13:47.960,,,08-04-2021 9:13:47.960,System.Byte[],Waived current late fee 1.
,1803376,1495,440628,9596407,415139,5581173,2756,88,1292196,08-07-2021 10:24:24.897,15,FALSE,FALSE,08-07-2021 10:24:26.807,,,08-07-2021 10:24:26.807,System.Byte[],Waived current late fee 1.
,1803377,1495,440628,9596407,415139,5581173,2756,88,1292196,08-07-2021 10:24:24.897,-15,FALSE,FALSE,08-07-2021 10:24:26.807,,,08-07-2021 10:24:26.807,System.Byte[],Waived current late fee 1.
,1804920,1495,440908,9604114,152543,5585382,1212,88,1293800,08-18-2021 17:48:24.577,25,FALSE,FALSE,08-18-2021 17:48:38.980,,,08-18-2021 17:48:38.980,System.Byte[],Waived current late fee 2.
,1804921,1495,440908,9604114,152543,5585382,1212,88,1293800,08-18-2021 17:48:24.577,-25,FALSE,FALSE,08-18-2021 17:48:38.980,,,08-18-2021 17:48:38.980,System.Byte[],Waived current late fee 2.
,1805622,1495,442117,9609778,407238,5588954,2756,88,1294528,08-28-2021 11:52:12.960,15,FALSE,FALSE,08-28-2021 11:52:14.650,,,08-28-2021 11:52:14.650,System.Byte[],Waived current late fee 1.
,1805623,1495,442117,9609778,407238,5588954,2756,88,1294528,08-28-2021 11:52:12.960,-15,FALSE,FALSE,08-28-2021 11:52:14.650,,,08-28-2021 11:52:14.650,System.Byte[],Waived current late fee 1.
,1806626,1495,442312,9620505,440017,5596012,2756,88,1295562,09-07-2021 13:54:16.897,20,FALSE,FALSE,09-07-2021 13:54:18.600,,,09-07-2021 13:54:18.600,System.Byte[],Waived current late fee 1.
,1806627,1495,442312,9620505,440017,5596012,2756,88,1295562,09-07-2021 13:54:16.897,-20,FALSE,FALSE,09-07-2021 13:54:18.613,,,09-07-2021 13:54:18.613,System.Byte[],Waived current late fee 1.
,1807400,1495,442446,9623366,438017,5597482,2756,88,1295996,09-11-2021 12:13:23.670,20,FALSE,FALSE,09-11-2021 12:13:40.940,,,09-11-2021 12:13:40.940,System.Byte[],Waived current late fee 1.
,1807401,1495,442446,9623366,438017,5597482,2756,88,1295996,09-11-2021 12:13:23.670,-20,FALSE,FALSE,09-11-2021 12:13:40.940,,,09-11-2021 12:13:40.940,System.Byte[],Waived current late fee 1.
,1808776,1495,442748,9630189,439409,5600890,2756,88,1297247,09-24-2021 9:29:30.630,20,FALSE,FALSE,09-24-2021 9:29:40.890,,,09-24-2021 9:29:40.890,System.Byte[],Waived current late fee 1.
,1808777,1495,442748,9630189,439409,5600890,2756,88,1297247,09-24-2021 9:29:30.630,-20,FALSE,FALSE,09-24-2021 9:29:40.890,,,09-24-2021 9:29:40.890,System.Byte[],Waived current late fee 1.
,1808944,1495,442793,9632401,211203,5602509,2756,88,1297494,09-27-2021 9:33:16.047,20,FALSE,FALSE,09-27-2021 9:33:18.653,,,09-27-2021 9:33:18.653,System.Byte[],Waived current late fee 1.
,1808945,1495,442793,9632401,211203,5602509,2756,88,1297494,09-27-2021 9:33:16.047,-20,FALSE,FALSE,09-27-2021 9:33:18.653,,,09-27-2021 9:33:18.653,System.Byte[],Waived current late fee 1.
,1809016,1495,442793,9632710,439435,5602687,1179,88,1297556,09-27-2021 14:34:21.860,20,FALSE,FALSE,09-27-2021 14:34:23.333,,,09-27-2021 14:34:23.333,System.Byte[],Waived current late fee 1.
,1809017,1495,442793,9632710,439435,5602687,1179,88,1297556,09-27-2021 14:34:21.860,-20,FALSE,FALSE,09-27-2021 14:34:23.397,,,09-27-2021 14:34:23.397,System.Byte[],Waived current late fee 1.
,1809622,1495,443936,9640376,441158,5607841,2756,88,1298224,10-02-2021 10:56:20.347,20,FALSE,FALSE,10-02-2021 10:56:21.837,,,10-02-2021 10:56:21.837,System.Byte[],Waived current late fee 1.
,1809623,1495,443936,9640376,441158,5607841,2756,88,1298224,10-02-2021 10:56:20.347,-20,FALSE,FALSE,10-02-2021 10:56:21.837,,,10-02-2021 10:56:21.837,System.Byte[],Waived current late fee 1.
,1810576,1495,444165,9647203,417297,5611764,2756,88,1299085,10-12-2021 10:47:54.763,20,FALSE,FALSE,10-12-2021 10:48:12.270,,,10-12-2021 10:48:12.270,System.Byte[],Waived current late fee 1.
,1810577,1495,444165,9647203,417297,5611764,2756,88,1299085,10-12-2021 10:47:54.763,-20,FALSE,FALSE,10-12-2021 10:48:12.270,,,10-12-2021 10:48:12.270,System.Byte[],Waived current late fee 1.
,1819240,1495,449855,9757456,386579,5673401,2756,88,1309011,10-18-2021 14:49:55.337,20,FALSE,FALSE,10-18-2021 14:49:56.737,,,10-18-2021 14:49:56.737,System.Byte[],Waived current late fee 1.
,1819241,1495,449855,9757456,386579,5673401,2756,88,1309011,10-18-2021 14:49:55.337,-20,FALSE,FALSE,10-18-2021 14:49:56.737,,,10-18-2021 14:49:56.737,System.Byte[],Waived current late fee 1.
,1819262,1495,449855,9757545,86393,5673438,93,88,1309018,10-18-2021 16:27:53.603,20,FALSE,FALSE,10-18-2021 16:27:55.007,,,10-18-2021 16:27:55.007,System.Byte[],Waived current late fee 1.
,1819263,1495,449855,9757545,86393,5673438,93,88,1309018,10-18-2021 16:27:53.603,-20,FALSE,FALSE,10-18-2021 16:27:55.020,,,10-18-2021 16:27:55.020,System.Byte[],Waived current late fee 1.
,1819264,1495,449855,9757546,330254,5673438,93,88,1309019,10-18-2021 16:27:53.603,20,FALSE,FALSE,10-18-2021 16:27:55.020,,,10-18-2021 16:27:55.020,System.Byte[],Waived current late fee 1.
,1819265,1495,449855,9757546,330254,5673438,93,88,1309019,10-18-2021 16:27:53.603,-20,FALSE,FALSE,10-18-2021 16:27:55.020,,,10-18-2021 16:27:55.020,System.Byte[],Waived current late fee 1.
,1819266,1495,449855,9757547,86393,5673438,93,88,1309020,10-18-2021 16:27:53.603,25,FALSE,FALSE,10-18-2021 16:27:55.020,,,10-18-2021 16:27:55.020,System.Byte[],Waived current late fee 2.
,1819267,1495,449855,9757547,86393,5673438,93,88,1309020,10-18-2021 16:27:53.603,-25,FALSE,FALSE,10-18-2021 16:27:55.020,,,10-18-2021 16:27:55.020,System.Byte[],Waived current late fee 2.
,1819268,1495,449855,9757548,330254,5673438,93,88,1309021,10-18-2021 16:27:53.603,25,FALSE,FALSE,10-18-2021 16:27:55.020,,,10-18-2021 16:27:55.020,System.Byte[],Waived current late fee 2.
,1819269,1495,449855,9757548,330254,5673438,93,88,1309021,10-18-2021 16:27:53.603,-25,FALSE,FALSE,10-18-2021 16:27:55.020,,,10-18-2021 16:27:55.020,System.Byte[],Waived current late fee 2.
,1819628,1495,449964,9759531,439072,5674491,93,88,1309325,10-22-2021 16:48:08.280,25,FALSE,FALSE,10-22-2021 16:48:10.000,,,10-22-2021 16:48:10.000,System.Byte[],Waived current late fee 2.
,1819629,1495,449964,9759531,439072,5674491,93,88,1309325,10-22-2021 16:48:08.280,-25,FALSE,FALSE,10-22-2021 16:48:10.000,,,10-22-2021 16:48:10.000,System.Byte[],Waived current late fee 2.
,1819644,1495,449988,9759728,85142,5674606,93,88,1309343,10-23-2021 11:24:09.180,20,FALSE,FALSE,10-23-2021 11:24:10.677,,,10-23-2021 11:24:10.677,System.Byte[],Waived current late fee 1.
,1819645,1495,449988,9759728,85142,5674606,93,88,1309343,10-23-2021 11:24:09.180,-20,FALSE,FALSE,10-23-2021 11:24:10.677,,,10-23-2021 11:24:10.677,System.Byte[],Waived current late fee 1.
,1820960,1495,451231,9770282,249967,5681882,1212,88,1310180,11-03-2021 11:45:44.197,20,FALSE,FALSE,11-03-2021 11:45:46.457,,,11-03-2021 11:45:46.457,System.Byte[],Waived current late fee 1.
,1820961,1495,451231,9770282,249967,5681882,1212,88,1310180,11-03-2021 11:45:44.197,-20,FALSE,FALSE,11-03-2021 11:45:46.457,,,11-03-2021 11:45:46.457,System.Byte[],Waived current late fee 1.
,1822528,1495,451321,9776925,1507,5685079,93,88,1310968,11-08-2021 12:41:16.330,20,FALSE,FALSE,11-08-2021 12:41:22.750,,,11-08-2021 12:41:22.750,System.Byte[],Waived current late fee 1.
,1822529,1495,451321,9776925,1507,5685079,93,88,1310968,11-08-2021 12:41:16.330,-20,FALSE,FALSE,11-08-2021 12:41:22.750,,,11-08-2021 12:41:22.750,System.Byte[],Waived current late fee 1.
,1822670,1495,451321,9777198,438017,5685203,93,88,1311071,11-08-2021 14:22:20.800,20,FALSE,FALSE,11-08-2021 14:22:22.703,,,11-08-2021 14:22:22.703,System.Byte[],Waived current late fee 1.
,1822671,1495,451321,9777198,438017,5685203,93,88,1311071,11-08-2021 14:22:20.800,-20,FALSE,FALSE,11-08-2021 14:22:22.703,,,11-08-2021 14:22:22.703,System.Byte[],Waived current late fee 1.
,1843610,1495,452164,9826708,445832,5697106,2756,88,1324618,11-22-2021 10:02:46.100,20,FALSE,FALSE,11-22-2021 10:02:49.037,,,11-22-2021 10:02:49.037,System.Byte[],Waived current late fee 1.
,1843611,1495,452164,9826708,445832,5697106,2756,88,1324618,11-22-2021 10:02:46.100,-20,FALSE,FALSE,11-22-2021 10:02:49.037,,,11-22-2021 10:02:49.037,System.Byte[],Waived current late fee 1.
,1864079,1495,459050,9999253,441730,5814545,93,88,1414560,12-07-2021 11:36:59.740,25,FALSE,FALSE,12-07-2021 11:37:01.803,,,12-07-2021 11:37:01.803,System.Byte[],Waived current late fee 2.
,1864080,1495,459050,9999253,441730,5814545,93,88,1414560,12-07-2021 11:36:59.740,-25,FALSE,FALSE,12-07-2021 11:37:01.803,,,12-07-2021 11:37:01.803,System.Byte[],Waived current late fee 2.
,1864111,1495,459050,9999395,49648,5814640,93,88,1414584,12-07-2021 14:26:59.670,20,FALSE,FALSE,12-07-2021 14:27:00.967,,,12-07-2021 14:27:00.967,System.Byte[],Waived current late fee 1.
,1864112,1495,459050,9999395,49648,5814640,93,88,1414584,12-07-2021 14:26:59.670,-20,FALSE,FALSE,12-07-2021 14:27:00.967,,,12-07-2021 14:27:00.967,System.Byte[],Waived current late fee 1.
,1864417,1495,459116,10000775,439540,5815434,2756,88,1414789,12-10-2021 10:15:26.433,25,FALSE,FALSE,12-10-2021 10:15:28.700,,,12-10-2021 10:15:28.700,System.Byte[],Waived current late fee 2.
,1864418,1495,459116,10000775,439540,5815434,2756,88,1414789,12-10-2021 10:15:26.433,-25,FALSE,FALSE,12-10-2021 10:15:28.700,,,12-10-2021 10:15:28.700,System.Byte[],Waived current late fee 2.
,1864687,1495,459159,10001898,441339,5816030,93,88,1414964,12-13-2021 15:15:47.633,25,FALSE,FALSE,12-13-2021 15:15:49.667,,,12-13-2021 15:15:49.667,System.Byte[],Waived current late fee 2.
,1864688,1495,459159,10001898,441339,5816030,93,88,1414964,12-13-2021 15:15:47.633,-25,FALSE,FALSE,12-13-2021 15:15:49.667,,,12-13-2021 15:15:49.667,System.Byte[],Waived current late fee 2.
,1865285,1495,459243,10003923,446537,5817043,2756,88,1415314,12-16-2021 15:39:03.430,25,FALSE,FALSE,12-16-2021 15:39:05.247,,,12-16-2021 15:39:05.247,System.Byte[],Waived current late fee 2.
,1865286,1495,459243,10003923,446537,5817043,2756,88,1415314,12-16-2021 15:39:03.430,-25,FALSE,FALSE,12-16-2021 15:39:05.247,,,12-16-2021 15:39:05.247,System.Byte[],Waived current late fee 2.
,1865287,1495,459243,10003924,442109,5817043,2756,88,1415315,12-16-2021 15:39:03.430,25,FALSE,FALSE,12-16-2021 15:39:05.247,,,12-16-2021 15:39:05.247,System.Byte[],Waived current late fee 2.
,1865288,1495,459243,10003924,442109,5817043,2756,88,1415315,12-16-2021 15:39:03.430,-25,FALSE,FALSE,12-16-2021 15:39:05.247,,,12-16-2021 15:39:05.247,System.Byte[],Waived current late fee 2.
,1865333,1495,459261,10004209,1510,5817200,2756,88,1415341,12-17-2021 9:09:22.933,25,FALSE,FALSE,12-17-2021 9:09:24.510,,,12-17-2021 9:09:24.510,System.Byte[],Waived current late fee 2.
,1865334,1495,459261,10004209,1510,5817200,2756,88,1415341,12-17-2021 9:09:22.933,-25,FALSE,FALSE,12-17-2021 9:09:24.510,,,12-17-2021 9:09:24.510,System.Byte[],Waived current late fee 2.
,1865649,1495,459305,10005635,86393,5817887,93,88,1415513,12-20-2021 16:01:40.137,20,FALSE,FALSE,12-20-2021 16:01:41.747,,,12-20-2021 16:01:41.747,System.Byte[],Waived current late fee 1.
,1865650,1495,459305,10005635,86393,5817887,93,88,1415513,12-20-2021 16:01:40.137,-20,FALSE,FALSE,12-20-2021 16:01:41.747,,,12-20-2021 16:01:41.747,System.Byte[],Waived current late fee 1.
,1865651,1495,459305,10005636,330254,5817887,93,88,1415514,12-20-2021 16:01:40.137,20,FALSE,FALSE,12-20-2021 16:01:41.747,,,12-20-2021 16:01:41.747,System.Byte[],Waived current late fee 1.
,1865652,1495,459305,10005636,330254,5817887,93,88,1415514,12-20-2021 16:01:40.137,-20,FALSE,FALSE,12-20-2021 16:01:41.747,,,12-20-2021 16:01:41.747,System.Byte[],Waived current late fee 1.
,1865653,1495,459305,10005637,86393,5817887,93,88,1415515,12-20-2021 16:01:40.137,25,FALSE,FALSE,12-20-2021 16:01:41.747,,,12-20-2021 16:01:41.747,System.Byte[],Waived current late fee 2.
,1865654,1495,459305,10005637,86393,5817887,93,88,1415515,12-20-2021 16:01:40.137,-25,FALSE,FALSE,12-20-2021 16:01:41.747,,,12-20-2021 16:01:41.747,System.Byte[],Waived current late fee 2.
,1865655,1495,459305,10005638,330254,5817887,93,88,1415516,12-20-2021 16:01:40.137,25,FALSE,FALSE,12-20-2021 16:01:41.747,,,12-20-2021 16:01:41.747,System.Byte[],Waived current late fee 2.
,1865656,1495,459305,10005638,330254,5817887,93,88,1415516,12-20-2021 16:01:40.137,-25,FALSE,FALSE,12-20-2021 16:01:41.747,,,12-20-2021 16:01:41.747,System.Byte[],Waived current late fee 2.
,1866585,1495,459480,10008649,446482,5819456,2756,88,1415781,12-28-2021 15:20:50.987,20,FALSE,FALSE,12-28-2021 15:20:51.547,,,12-28-2021 15:20:51.547,System.Byte[],Waived current late fee 1.
,1866586,1495,459480,10008649,446482,5819456,2756,88,1415781,12-28-2021 15:20:50.987,-20,FALSE,FALSE,12-28-2021 15:20:51.547,,,12-28-2021 15:20:51.547,System.Byte[],Waived current late fee 1.
,1867385,1495,459548,10014837,441148,5823872,2756,88,1416143,01-03-2022 11:36:12.677,20,FALSE,FALSE,01-03-2022 11:36:13.430,,,01-03-2022 11:36:13.430,System.Byte[],Waived current late fee 1.
,1867386,1495,459548,10014837,441148,5823872,2756,88,1416143,01-03-2022 11:36:12.677,-20,FALSE,FALSE,01-03-2022 11:36:13.430,,,01-03-2022 11:36:13.430,System.Byte[],Waived current late fee 1.
,1867957,1495,459671,10019658,413462,5826853,2756,88,1416556,01-06-2022 11:17:09.367,20,FALSE,FALSE,01-06-2022 11:17:11.267,,,01-06-2022 11:17:11.267,System.Byte[],Waived current late fee 1.
,1867958,1495,459671,10019658,413462,5826853,2756,88,1416556,01-06-2022 11:17:09.367,-20,FALSE,FALSE,01-06-2022 11:17:11.267,,,01-06-2022 11:17:11.267,System.Byte[],Waived current late fee 1.
,1868127,1495,459690,10020410,337137,5827254,2756,88,1416646,01-07-2022 10:25:47.987,20,FALSE,FALSE,01-07-2022 10:25:50.320,,,01-07-2022 10:25:50.320,System.Byte[],Waived current late fee 1.
,1868128,1495,459690,10020410,337137,5827254,2756,88,1416646,01-07-2022 10:25:47.987,-20,FALSE,FALSE,01-07-2022 10:25:50.320,,,01-07-2022 10:25:50.320,System.Byte[],Waived current late fee 1.
,1868291,1495,459733,10021854,272040,5827926,2756,88,1416769,01-10-2022 10:33:03.883,20,FALSE,FALSE,01-10-2022 10:33:04.490,,,01-10-2022 10:33:04.490,System.Byte[],Waived current late fee 1.
,1868292,1495,459733,10021854,272040,5827926,2756,88,1416769,01-10-2022 10:33:03.883,-20,FALSE,FALSE,01-10-2022 10:33:04.490,,,01-10-2022 10:33:04.490,System.Byte[],Waived current late fee 1.
,1868295,1495,459733,10021866,406500,5827934,2756,88,1416771,01-10-2022 10:42:40.323,20,FALSE,FALSE,01-10-2022 10:42:41.093,,,01-10-2022 10:42:41.093,System.Byte[],Waived current late fee 1.
,1868296,1495,459733,10021866,406500,5827934,2756,88,1416771,01-10-2022 10:42:40.323,-20,FALSE,FALSE,01-10-2022 10:42:41.093,,,01-10-2022 10:42:41.093,System.Byte[],Waived current late fee 1.
,1868795,1495,459798,10023600,453415,5828676,1212,88,1416988,01-12-2022 12:49:55.450,20,FALSE,FALSE,01-12-2022 12:49:59.050,,,01-12-2022 12:49:59.050,System.Byte[],Waived current late fee 1.
,1868796,1495,459798,10023600,453415,5828676,1212,88,1416988,01-12-2022 12:49:55.450,-20,FALSE,FALSE,01-12-2022 12:49:59.050,,,01-12-2022 12:49:59.050,System.Byte[],Waived current late fee 1.
,1869105,1495,459864,10025011,439585,5829319,2756,88,1417181,01-15-2022 12:00:58.067,25,FALSE,FALSE,01-15-2022 12:00:59.603,,,01-15-2022 12:00:59.603,System.Byte[],Waived current late fee 2.
,1869106,1495,459864,10025011,439585,5829319,2756,88,1417181,01-15-2022 12:00:58.067,-25,FALSE,FALSE,01-15-2022 12:00:59.603,,,01-15-2022 12:00:59.603,System.Byte[],Waived current late fee 2.
,1869483,1495,459965,10026779,414553,5830181,2756,88,1417407,01-20-2022 9:54:29.247,20,FALSE,FALSE,01-20-2022 9:54:30.367,,,01-20-2022 9:54:30.367,System.Byte[],Waived current late fee 1.
,1869484,1495,459965,10026779,414553,5830181,2756,88,1417407,01-20-2022 9:54:29.247,-20,FALSE,FALSE,01-20-2022 9:54:30.367,,,01-20-2022 9:54:30.367,System.Byte[],Waived current late fee 1.
,1869687,1495,460030,10028295,446482,5830876,93,88,1417551,01-24-2022 9:43:33.333,20,FALSE,FALSE,01-24-2022 9:43:35.230,,,01-24-2022 9:43:35.230,System.Byte[],Waived current late fee 1.
,1869688,1495,460030,10028295,446482,5830876,93,88,1417551,01-24-2022 9:43:33.333,-20,FALSE,FALSE,01-24-2022 9:43:35.230,,,01-24-2022 9:43:35.230,System.Byte[],Waived current late fee 1.
,1870441,1495,461214,10035346,1683,5835048,93,88,1418159,02-01-2022 13:11:37.417,20,FALSE,FALSE,02-01-2022 13:11:39.130,,,02-01-2022 13:11:39.130,System.Byte[],Waived current late fee 1.
,1870442,1495,461214,10035346,1683,5835048,93,88,1418159,02-01-2022 13:11:37.417,-20,FALSE,FALSE,02-01-2022 13:11:39.130,,,02-01-2022 13:11:39.130,System.Byte[],Waived current late fee 1.
,1871749,1495,461462,10044463,249738,5840336,93,88,1419102,02-12-2022 11:56:07.667,20,FALSE,FALSE,02-12-2022 11:56:27.017,,,02-12-2022 11:56:27.017,System.Byte[],Waived current late fee 1.
,1871750,1495,461462,10044463,249738,5840336,93,88,1419102,02-12-2022 11:56:07.667,-20,FALSE,FALSE,02-12-2022 11:56:27.017,,,02-12-2022 11:56:27.017,System.Byte[],Waived current late fee 1.
,1872799,1495,461672,10048632,413844,5842228,93,88,1419678,02-22-2022 12:41:09.920,20,FALSE,FALSE,02-22-2022 12:41:11.510,,,02-22-2022 12:41:11.510,System.Byte[],Waived current late fee 1.
,1872800,1495,461672,10048632,413844,5842228,93,88,1419678,02-22-2022 12:41:09.920,-20,FALSE,FALSE,02-22-2022 12:41:11.510,,,02-22-2022 12:41:11.510,System.Byte[],Waived current late fee 1.
,1876053,1495,462142,10066663,152543,5852645,93,88,1421549,03-15-2022 18:20:16.273,25,FALSE,FALSE,03-15-2022 18:20:29.470,,,03-15-2022 18:20:29.470,System.Byte[],Waived current late fee 2.
,1876054,1495,462142,10066663,152543,5852645,93,88,1421549,03-15-2022 18:20:16.273,-25,FALSE,FALSE,03-15-2022 18:20:29.483,,,03-15-2022 18:20:29.483,System.Byte[],Waived current late fee 2.
,1880630,1495,462189,10079401,453416,5858634,2756,88,1424338,03-18-2022 14:35:42.703,20,FALSE,FALSE,03-18-2022 14:35:58.697,,,03-18-2022 14:35:58.697,System.Byte[],Waived current late fee 1.
,1880631,1495,462189,10079401,453416,5858634,2756,88,1424338,03-18-2022 14:35:42.703,-20,FALSE,FALSE,03-18-2022 14:35:58.697,,,03-18-2022 14:35:58.697,System.Byte[],Waived current late fee 1.
,1880632,1495,462189,10079421,453416,5858642,2756,88,1424339,03-18-2022 14:39:50.030,20,FALSE,FALSE,03-18-2022 14:39:52.667,,,03-18-2022 14:39:52.667,System.Byte[],Waived current late fee 1.
,1880633,1495,462189,10079421,453416,5858642,2756,88,1424339,03-18-2022 14:39:50.030,-20,FALSE,FALSE,03-18-2022 14:39:52.667,,,03-18-2022 14:39:52.667,System.Byte[],Waived current late fee 1.
,1882830,1495,464603,10086530,437750,5861892,2756,88,1425178,03-31-2022 13:49:10.900,20,FALSE,FALSE,03-31-2022 13:49:11.913,,,03-31-2022 13:49:11.913,System.Byte[],Waived current late fee 1.
,1882831,1495,464603,10086530,437750,5861892,2756,88,1425178,03-31-2022 13:49:10.900,-20,FALSE,FALSE,03-31-2022 13:49:11.913,,,03-31-2022 13:49:11.913,System.Byte[],Waived current late fee 1.
,1899446,1495,468260,10168067,405495,5904801,2756,88,1435971,04-12-2022 10:06:27.297,20,FALSE,FALSE,04-12-2022 10:06:28.573,,,04-12-2022 10:06:28.573,System.Byte[],Waived current late fee 1.
,1899447,1495,468260,10168067,405495,5904801,2756,88,1435971,04-12-2022 10:06:27.297,-20,FALSE,FALSE,04-12-2022 10:06:28.573,,,04-12-2022 10:06:28.573,System.Byte[],Waived current late fee 1.
,1900394,1495,468384,10171270,267972,5906328,2756,88,1436472,04-18-2022 11:08:08.980,20,FALSE,FALSE,04-18-2022 11:08:10.320,,,04-18-2022 11:08:10.320,System.Byte[],Waived current late fee 1.
,1900395,1495,468384,10171270,267972,5906328,2756,88,1436472,04-18-2022 11:08:08.980,-20,FALSE,FALSE,04-18-2022 11:08:10.320,,,04-18-2022 11:08:10.320,System.Byte[],Waived current late fee 1.
,1901080,1495,469590,10175827,453563,5909172,2756,88,1436903,04-26-2022 10:47:41.620,20,FALSE,FALSE,04-26-2022 10:47:43.390,,,04-26-2022 10:47:43.390,System.Byte[],Waived current late fee 1.
,1901081,1495,469590,10175827,453563,5909172,2756,88,1436903,04-26-2022 10:47:41.620,-20,FALSE,FALSE,04-26-2022 10:47:43.390,,,04-26-2022 10:47:43.390,System.Byte[],Waived current late fee 1.
,1902060,1495,469771,10184819,446559,5915252,93,88,1437502,05-03-2022 13:20:42.147,25,FALSE,FALSE,05-03-2022 13:20:44.180,,,05-03-2022 13:20:44.180,System.Byte[],Waived current late fee 2.
,1902061,1495,469771,10184819,446559,5915252,93,88,1437502,05-03-2022 13:20:42.147,-25,FALSE,FALSE,05-03-2022 13:20:44.180,,,05-03-2022 13:20:44.180,System.Byte[],Waived current late fee 2.
,1909328,1495,471830,10221744,454454,5936888,2756,88,1442479,06-10-2022 10:25:16.457,20,FALSE,FALSE,06-10-2022 10:25:18.680,,,06-10-2022 10:25:18.680,System.Byte[],Waived current late fee 1.
,1909329,1495,471830,10221744,454454,5936888,2756,88,1442479,06-10-2022 10:25:16.457,-20,FALSE,FALSE,06-10-2022 10:25:18.683,,,06-10-2022 10:25:18.683,System.Byte[],Waived current late fee 1.
,1909536,1495,471883,10223103,454931,5937545,93,88,1442580,06-13-2022 11:32:41.013,20,FALSE,FALSE,06-13-2022 11:32:46.380,,,06-13-2022 11:32:46.380,System.Byte[],Waived current late fee 1.
,1909537,1495,471883,10223103,454931,5937545,93,88,1442580,06-13-2022 11:32:41.013,-20,FALSE,FALSE,06-13-2022 11:32:46.380,,,06-13-2022 11:32:46.380,System.Byte[],Waived current late fee 1.
,1911520,1495,472235,10230086,459262,5941062,93,88,1443696,06-27-2022 16:33:39.787,20,FALSE,FALSE,06-27-2022 16:33:42.067,,,06-27-2022 16:33:42.067,System.Byte[],Waived current late fee 1.
,1911521,1495,472235,10230086,459262,5941062,93,88,1443696,06-27-2022 16:33:39.787,-20,FALSE,FALSE,06-27-2022 16:33:42.067,,,06-27-2022 16:33:42.067,System.Byte[],Waived current late fee 1.
,1911696,1495,472278,10230873,456292,5941480,1179,88,1443798,06-28-2022 16:19:40.503,20,FALSE,FALSE,06-28-2022 16:19:42.747,,,06-28-2022 16:19:42.747,System.Byte[],Waived current late fee 1.
,1911697,1495,472278,10230873,456292,5941480,1179,88,1443798,06-28-2022 16:19:40.503,-20,FALSE,FALSE,06-28-2022 16:19:42.750,,,06-28-2022 16:19:42.750,System.Byte[],Waived current late fee 1.
,1912228,1495,472410,10239783,459365,5947487,1179,88,1444287,07-05-2022 10:06:32.863,20,FALSE,FALSE,07-05-2022 10:06:34.463,,,07-05-2022 10:06:34.463,System.Byte[],Waived current late fee 1.
,1912229,1495,472410,10239783,459365,5947487,1179,88,1444287,07-05-2022 10:06:32.863,-20,FALSE,FALSE,07-05-2022 10:06:34.467,,,07-05-2022 10:06:34.467,System.Byte[],Waived current late fee 1.
,1912548,1495,472498,10242267,404967,5948905,93,88,1444552,07-07-2022 9:44:27.123,25,FALSE,FALSE,07-07-2022 9:44:27.837,,,07-07-2022 9:44:27.837,System.Byte[],Waived current late fee 2.
,1912549,1495,472498,10242267,404967,5948905,93,88,1444552,07-07-2022 9:44:27.123,-25,FALSE,FALSE,07-07-2022 9:44:27.837,,,07-07-2022 9:44:27.837,System.Byte[],Waived current late fee 2.
,1913132,1495,472622,10245240,152543,5950382,93,88,1444934,07-11-2022 18:10:11.767,20,FALSE,FALSE,07-11-2022 18:10:28.293,,,07-11-2022 18:10:28.293,System.Byte[],Waived current late fee 1.
,1913133,1495,472622,10245240,152543,5950382,93,88,1444934,07-11-2022 18:10:11.767,-20,FALSE,FALSE,07-11-2022 18:10:28.297,,,07-11-2022 18:10:28.297,System.Byte[],Waived current late fee 1.
,1915138,1495,473075,10254198,329222,5954915,2756,88,1446052,07-29-2022 10:51:19.437,20,FALSE,FALSE,07-29-2022 10:51:20.203,,,07-29-2022 10:51:20.203,System.Byte[],Waived current late fee 1.
,1915139,1495,473075,10254198,329222,5954915,2756,88,1446052,07-29-2022 10:51:19.437,-20,FALSE,FALSE,07-29-2022 10:51:20.207,,,07-29-2022 10:51:20.207,System.Byte[],Waived current late fee 1.
,1915146,1495,473075,10254225,447342,5954931,93,88,1446057,07-29-2022 11:11:03.033,20,FALSE,FALSE,07-29-2022 11:11:03.987,,,07-29-2022 11:11:03.987,System.Byte[],Waived current late fee 1.
,1915147,1495,473075,10254225,447342,5954931,93,88,1446057,07-29-2022 11:11:03.033,-20,FALSE,FALSE,07-29-2022 11:11:03.987,,,07-29-2022 11:11:03.987,System.Byte[],Waived current late fee 1.
,1915364,1495,473106,10255093,461095,5955363,93,88,1446186,07-30-2022 12:12:41.997,20,FALSE,FALSE,07-30-2022 12:12:44.013,,,07-30-2022 12:12:44.013,System.Byte[],Waived current late fee 1.
,1915365,1495,473106,10255093,461095,5955363,93,88,1446186,07-30-2022 12:12:41.997,-20,FALSE,FALSE,07-30-2022 12:12:44.017,,,07-30-2022 12:12:44.017,System.Byte[],Waived current late fee 1.
,1917320,1495,473394,10268677,86852,5963787,1212,88,1447258,08-10-2022 16:15:23.567,20,FALSE,FALSE,08-10-2022 16:15:26.647,,,08-10-2022 16:15:26.647,System.Byte[],Waived current late fee 1.
,1917321,1495,473394,10268677,86852,5963787,1212,88,1447258,08-10-2022 16:15:23.567,-20,FALSE,FALSE,08-10-2022 16:15:26.647,,,08-10-2022 16:15:26.647,System.Byte[],Waived current late fee 1.
,1917774,1495,473480,10270166,152543,5964480,93,88,1447469,08-12-2022 17:39:05.590,25,FALSE,FALSE,08-12-2022 17:39:15.810,,,08-12-2022 17:39:15.810,System.Byte[],Waived current late fee 2.
,1917775,1495,473480,10270166,152543,5964480,93,88,1447469,08-12-2022 17:39:05.590,-25,FALSE,FALSE,08-12-2022 17:39:15.810,,,08-12-2022 17:39:15.810,System.Byte[],Waived current late fee 2.
,1918164,1495,473606,10272240,265841,5965557,2756,88,1447692,08-18-2022 8:27:47.673,25,FALSE,FALSE,08-18-2022 8:27:48.720,,,08-18-2022 8:27:48.720,System.Byte[],Waived current late fee 2.
,1918165,1495,473606,10272240,265841,5965557,2756,88,1447692,08-18-2022 8:27:47.673,-25,FALSE,FALSE,08-18-2022 8:27:48.720,,,08-18-2022 8:27:48.720,System.Byte[],Waived current late fee 2.
,1918334,1495,473686,10273429,403091,5966127,2756,88,1447826,08-20-2022 10:02:23.290,20,FALSE,FALSE,08-20-2022 10:02:24.347,,,08-20-2022 10:02:24.347,System.Byte[],Waived current late fee 1.
,1918335,1495,473686,10273429,403091,5966127,2756,88,1447826,08-20-2022 10:02:23.290,-20,FALSE,FALSE,08-20-2022 10:02:24.347,,,08-20-2022 10:02:24.347,System.Byte[],Waived current late fee 1.
,1918396,1495,473688,10273882,93355,5966401,93,88,1447868,08-22-2022 9:29:02.413,20,FALSE,FALSE,08-22-2022 9:29:05.147,,,08-22-2022 9:29:05.147,System.Byte[],Waived current late fee 1.
,1918397,1495,473688,10273882,93355,5966401,93,88,1447868,08-22-2022 9:29:02.413,-20,FALSE,FALSE,08-22-2022 9:29:05.147,,,08-22-2022 9:29:05.147,System.Byte[],Waived current late fee 1.
,1921152,1495,474255,10292390,152543,5977421,93,88,1449518,09-11-2022 18:45:27.343,20,FALSE,FALSE,09-11-2022 18:45:41.463,,,09-11-2022 18:45:41.463,System.Byte[],Waived current late fee 1.
,1921153,1495,474255,10292390,152543,5977421,93,88,1449518,09-11-2022 18:45:27.343,-20,FALSE,FALSE,09-11-2022 18:45:41.463,,,09-11-2022 18:45:41.463,System.Byte[],Waived current late fee 1.
,1924932,1495,474872,10311359,441220,5988192,1179,88,1451120,10-04-2022 15:44:57.153,20,FALSE,FALSE,10-04-2022 15:44:59.753,,,10-04-2022 15:44:59.753,System.Byte[],Waived current late fee 1.
,1924933,1495,474872,10311359,441220,5988192,1179,88,1451120,10-04-2022 15:44:57.153,-20,FALSE,FALSE,10-04-2022 15:44:59.753,,,10-04-2022 15:44:59.753,System.Byte[],Waived current late fee 1.
,1926900,1495,475163,10319058,462394,5992082,2756,88,1452119,10-15-2022 9:22:58.263,20,FALSE,FALSE,10-15-2022 9:23:01.503,,,10-15-2022 9:23:01.503,System.Byte[],Waived current late fee 1.
,1926901,1495,475163,10319058,462394,5992082,2756,88,1452119,10-15-2022 9:22:58.263,-20,FALSE,FALSE,10-15-2022 9:23:01.503,,,10-15-2022 9:23:01.503,System.Byte[],Waived current late fee 1.
,1927846,1495,475347,10322507,152543,5993696,93,88,1452546,10-21-2022 18:20:04.647,25,FALSE,FALSE,10-21-2022 18:20:16.563,,,10-21-2022 18:20:16.563,System.Byte[],Waived current late fee 2.
,1927847,1495,475347,10322507,152543,5993696,93,88,1452546,10-21-2022 18:20:04.647,-25,FALSE,FALSE,10-21-2022 18:20:16.563,,,10-21-2022 18:20:16.563,System.Byte[],Waived current late fee 2.
,1930030,1495,475816,10338314,49648,6003506,2756,88,1453943,11-08-2022 9:00:19.777,20,FALSE,FALSE,11-08-2022 9:00:20.940,,,11-08-2022 9:00:20.940,System.Byte[],Waived current late fee 1.
,1930031,1495,475816,10338314,49648,6003506,2756,88,1453943,11-08-2022 9:00:19.777,-20,FALSE,FALSE,11-08-2022 9:00:20.940,,,11-08-2022 9:00:20.940,System.Byte[],Waived current late fee 1.
,1930032,1495,475816,10338327,454788,6003510,2756,88,1453944,11-08-2022 9:02:04.613,20,FALSE,FALSE,11-08-2022 9:02:05.683,,,11-08-2022 9:02:05.683,System.Byte[],Waived current late fee 1.
,1930033,1495,475816,10338327,454788,6003510,2756,88,1453944,11-08-2022 9:02:04.613,-20,FALSE,FALSE,11-08-2022 9:02:05.683,,,11-08-2022 9:02:05.683,System.Byte[],Waived current late fee 1.
,1930686,1495,475893,10341144,406502,6004808,2756,88,1454250,11-11-2022 14:57:37.350,20,FALSE,FALSE,11-11-2022 14:57:39.007,,,11-11-2022 14:57:39.007,System.Byte[],Waived current late fee 1.
,1930687,1495,475893,10341144,406502,6004808,2756,88,1454250,11-11-2022 14:57:37.350,-20,FALSE,FALSE,11-11-2022 14:57:39.007,,,11-11-2022 14:57:39.007,System.Byte[],Waived current late fee 1.
,1931312,1495,476115,10344979,152543,6006526,93,88,1454644,11-18-2022 18:18:49.450,20,FALSE,FALSE,11-18-2022 18:18:59.387,,,11-18-2022 18:18:59.387,System.Byte[],Waived current late fee 1.
,1931313,1495,476115,10344979,152543,6006526,93,88,1454644,11-18-2022 18:18:49.450,-20,FALSE,FALSE,11-18-2022 18:18:59.390,,,11-18-2022 18:18:59.390,System.Byte[],Waived current late fee 1.
,1931314,1495,476115,10344980,152543,6006526,93,88,1454645,11-18-2022 18:18:49.450,25,FALSE,FALSE,11-18-2022 18:18:59.390,,,11-18-2022 18:18:59.390,System.Byte[],Waived current late fee 2.
,1931315,1495,476115,10344980,152543,6006526,93,88,1454645,11-18-2022 18:18:49.450,-25,FALSE,FALSE,11-18-2022 18:18:59.390,,,11-18-2022 18:18:59.390,System.Byte[],Waived current late fee 2.
,1931482,1495,476176,10345867,463850,6007013,2756,88,1454718,11-21-2022 14:51:49.277,25,FALSE,FALSE,11-21-2022 14:51:54.770,,,11-21-2022 14:51:54.770,System.Byte[],Waived current late fee 2.
,1931483,1495,476176,10345867,463850,6007013,2756,88,1454718,11-21-2022 14:51:49.277,-25,FALSE,FALSE,11-21-2022 14:51:54.770,,,11-21-2022 14:51:54.770,System.Byte[],Waived current late fee 2.
,1938144,1495,476887,10368757,152543,6020074,93,88,1457401,12-17-2022 14:55:08.487,20,FALSE,FALSE,12-17-2022 14:55:16.670,,,12-17-2022 14:55:16.670,System.Byte[],Waived current late fee 1.
,1938145,1495,476887,10368757,152543,6020074,93,88,1457401,12-17-2022 14:55:08.487,-20,FALSE,FALSE,12-17-2022 14:55:16.670,,,12-17-2022 14:55:16.670,System.Byte[],Waived current late fee 1.
,1938146,1495,476887,10368758,152543,6020074,93,88,1457402,12-17-2022 14:55:08.487,25,FALSE,FALSE,12-17-2022 14:55:16.670,,,12-17-2022 14:55:16.670,System.Byte[],Waived current late fee 2.
,1938147,1495,476887,10368758,152543,6020074,93,88,1457402,12-17-2022 14:55:08.487,-25,FALSE,FALSE,12-17-2022 14:55:16.670,,,12-17-2022 14:55:16.670,System.Byte[],Waived current late fee 2.
,1938620,1495,477048,10371152,85142,6021345,93,88,1457718,12-23-2022 12:34:01.113,20,FALSE,FALSE,12-23-2022 12:34:04.190,,,12-23-2022 12:34:04.190,System.Byte[],Waived current late fee 1.
,1938621,1495,477048,10371152,85142,6021345,93,88,1457718,12-23-2022 12:34:01.113,-20,FALSE,FALSE,12-23-2022 12:34:04.190,,,12-23-2022 12:34:04.190,System.Byte[],Waived current late fee 1.
,1939260,1495,477189,10374366,463983,6022937,5996,88,1458119,12-30-2022 10:51:09.113,25,FALSE,FALSE,12-30-2022 10:51:18.723,,,12-30-2022 10:51:18.723,System.Byte[],Waived current late fee 2.
,1939261,1495,477189,10374366,463983,6022937,5996,88,1458119,12-30-2022 10:51:09.113,-25,FALSE,FALSE,12-30-2022 10:51:18.723,,,12-30-2022 10:51:18.723,System.Byte[],Waived current late fee 2.
,1941502,1495,477735,10392695,463194,6033670,2756,88,1459757,01-20-2023 13:39:34.820,20,FALSE,FALSE,01-20-2023 13:39:35.877,,,01-20-2023 13:39:35.877,System.Byte[],Waived current late fee 1.
,1941503,1495,477735,10392695,463194,6033670,2756,88,1459757,01-20-2023 13:39:34.820,-20,FALSE,FALSE,01-20-2023 13:39:35.877,,,01-20-2023 13:39:35.877,System.Byte[],Waived current late fee 1.
,1941870,1495,477837,10394362,415582,6034470,1179,88,1459973,01-24-2023 15:58:32.513,20,FALSE,FALSE,01-24-2023 15:58:34.417,,,01-24-2023 15:58:34.417,System.Byte[],Waived current late fee 1.
,1941871,1495,477837,10394362,415582,6034470,1179,88,1459973,01-24-2023 15:58:32.513,-20,FALSE,FALSE,01-24-2023 15:58:34.423,,,01-24-2023 15:58:34.423,System.Byte[],Waived current late fee 1.
,2599271,1495,521188,14264040,249967,8539219,5996,88,1678481,02-03-2023 11:15:27.743,20,FALSE,FALSE,02-03-2023 11:15:46.820,,,02-03-2023 11:15:46.820,System.Byte[],Waived current late fee 1.
,2599272,1495,521188,14264040,249967,8539219,5996,88,1678481,02-03-2023 11:15:27.743,-20,FALSE,FALSE,02-03-2023 11:15:46.837,,,02-03-2023 11:15:46.837,System.Byte[],Waived current late fee 1.
,2599967,1495,521400,14267746,466033,8541176,2756,88,1678972,02-09-2023 8:48:17.147,20,FALSE,FALSE,02-09-2023 8:48:18.453,,,02-09-2023 8:48:18.453,System.Byte[],Waived current late fee 1.
,2599968,1495,521400,14267746,466033,8541176,2756,88,1678972,02-09-2023 8:48:17.147,-20,FALSE,FALSE,02-09-2023 8:48:18.453,,,02-09-2023 8:48:18.453,System.Byte[],Waived current late fee 1.
,2600517,1495,521673,14270843,152543,8542636,93,88,1679326,02-16-2023 18:01:51.343,20,FALSE,FALSE,02-16-2023 18:02:03.100,,,02-16-2023 18:02:03.100,System.Byte[],Waived current late fee 1.
,2600518,1495,521673,14270843,152543,8542636,93,88,1679326,02-16-2023 18:01:51.343,-20,FALSE,FALSE,02-16-2023 18:02:03.100,,,02-16-2023 18:02:03.100,System.Byte[],Waived current late fee 1.
,2600519,1495,521673,14270844,152543,8542636,93,88,1679327,02-16-2023 18:01:51.343,25,FALSE,FALSE,02-16-2023 18:02:03.103,,,02-16-2023 18:02:03.103,System.Byte[],Waived current late fee 2.
,2600520,1495,521673,14270844,152543,8542636,93,88,1679327,02-16-2023 18:01:51.343,-25,FALSE,FALSE,02-16-2023 18:02:03.103,,,02-16-2023 18:02:03.103,System.Byte[],Waived current late fee 2.
,2604019,1495,521983,14276628,464728,8544658,2756,88,1679910,02-27-2023 16:07:48.783,20,FALSE,FALSE,02-27-2023 16:07:51.030,,,02-27-2023 16:07:51.030,System.Byte[],Waived current late fee 1.
,2604020,1495,521983,14276628,464728,8544658,2756,88,1679910,02-27-2023 16:07:48.783,-20,FALSE,FALSE,02-27-2023 16:07:51.030,,,02-27-2023 16:07:51.030,System.Byte[],Waived current late fee 1.
,2604157,1495,522046,14277159,389119,8544893,93,88,1680021,02-28-2023 11:31:00.697,20,FALSE,FALSE,02-28-2023 11:31:02.317,,,02-28-2023 11:31:02.317,System.Byte[],Waived current late fee 1.
,2604158,1495,522046,14277159,389119,8544893,93,88,1680021,02-28-2023 11:31:00.697,-20,FALSE,FALSE,02-28-2023 11:31:02.320,,,02-28-2023 11:31:02.320,System.Byte[],Waived current late fee 1.
,2606587,1495,522823,14296925,152543,8555526,93,88,1682193,03-06-2023 18:53:29.983,20,FALSE,FALSE,03-06-2023 18:53:43.477,,,03-06-2023 18:53:43.477,System.Byte[],Waived current late fee 1.
,2606588,1495,522823,14296925,152543,8555526,93,88,1682193,03-06-2023 18:53:29.983,-20,FALSE,FALSE,03-06-2023 18:53:43.480,,,03-06-2023 18:53:43.480,System.Byte[],Waived current late fee 1.
,2608725,1495,523272,14303900,464032,8558467,2756,88,1683163,03-21-2023 9:46:14.193,20,FALSE,FALSE,03-21-2023 9:46:16.137,,,03-21-2023 9:46:16.137,System.Byte[],Waived current late fee 1.
,2608726,1495,523272,14303900,464032,8558467,2756,88,1683163,03-21-2023 9:46:14.193,-20,FALSE,FALSE,03-21-2023 9:46:16.137,,,03-21-2023 9:46:16.137,System.Byte[],Waived current late fee 1.
,2610473,1495,523917,14318647,237009,8567633,2756,88,1684341,04-10-2023 9:28:50.737,20,FALSE,FALSE,04-10-2023 9:28:52.483,,,04-10-2023 9:28:52.483,System.Byte[],Waived current late fee 1.
,2610474,1495,523917,14318647,237009,8567633,2756,88,1684341,04-10-2023 9:28:50.737,-20,FALSE,FALSE,04-10-2023 9:28:52.487,,,04-10-2023 9:28:52.487,System.Byte[],Waived current late fee 1.
,2610475,1495,523917,14318648,446074,8567633,2756,88,1684342,04-10-2023 9:28:50.737,20,FALSE,FALSE,04-10-2023 9:28:52.487,,,04-10-2023 9:28:52.487,System.Byte[],Waived current late fee 1.
,2610476,1495,523917,14318648,446074,8567633,2756,88,1684342,04-10-2023 9:28:50.737,-20,FALSE,FALSE,04-10-2023 9:28:52.487,,,04-10-2023 9:28:52.487,System.Byte[],Waived current late fee 1.
,2612519,1495,524712,14336060,416943,8578020,5996,88,1686017,05-05-2023 15:21:42.397,20,FALSE,FALSE,05-05-2023 15:21:44.653,,,05-05-2023 15:21:44.653,System.Byte[],Waived current late fee 1.
,2612520,1495,524712,14336060,416943,8578020,5996,88,1686017,05-05-2023 15:21:42.397,-20,FALSE,FALSE,05-05-2023 15:21:44.653,,,05-05-2023 15:21:44.653,System.Byte[],Waived current late fee 1.
,2612789,1495,524763,14337453,331059,8578709,2756,88,1686201,05-08-2023 15:59:06.857,20,FALSE,FALSE,05-08-2023 15:59:08.620,,,05-08-2023 15:59:08.620,System.Byte[],Waived current late fee 1.
,2612790,1495,524763,14337453,331059,8578709,2756,88,1686201,05-08-2023 15:59:06.857,-20,FALSE,FALSE,05-08-2023 15:59:08.623,,,05-08-2023 15:59:08.623,System.Byte[],Waived current late fee 1.
,2613829,1495,525100,14342437,465597,8581140,2756,88,1687070,05-20-2023 12:47:56.577,20,FALSE,FALSE,05-20-2023 12:47:57.907,,,05-20-2023 12:47:57.907,System.Byte[],Waived current late fee 1.
,2613830,1495,525100,14342437,465597,8581140,2756,88,1687070,05-20-2023 12:47:56.577,-20,FALSE,FALSE,05-20-2023 12:47:57.907,,,05-20-2023 12:47:57.907,System.Byte[],Waived current late fee 1.
,2613953,1495,525141,14342913,438439,8581390,93,88,1687123,05-22-2023 15:47:49.840,20,FALSE,FALSE,05-22-2023 15:47:50.923,,,05-22-2023 15:47:50.923,System.Byte[],Waived current late fee 1.
,2613954,1495,525141,14342913,438439,8581390,93,88,1687123,05-22-2023 15:47:49.840,-20,FALSE,FALSE,05-22-2023 15:47:50.923,,,05-22-2023 15:47:50.923,System.Byte[],Waived current late fee 1.
,2615421,1495,525529,14357408,453724,8590149,2756,88,1688155,06-08-2023 8:44:46.820,20,FALSE,FALSE,06-08-2023 8:44:49.000,,,06-08-2023 8:44:49.000,System.Byte[],Waived current late fee 1.
,2615422,1495,525529,14357408,453724,8590149,2756,88,1688155,06-08-2023 8:44:46.820,-20,FALSE,FALSE,06-08-2023 8:44:49.003,,,06-08-2023 8:44:49.003,System.Byte[],Waived current late fee 1.
,2616217,1495,525719,14360897,692682,8591768,5996,88,1688579,06-16-2023 9:14:14.450,20,FALSE,FALSE,06-16-2023 9:14:17.067,,,06-16-2023 9:14:17.067,System.Byte[],Waived current late fee 1.
,2616218,1495,525719,14360897,692682,8591768,5996,88,1688579,06-16-2023 9:14:14.450,-20,FALSE,FALSE,06-16-2023 9:14:17.067,,,06-16-2023 9:14:17.067,System.Byte[],Waived current late fee 1.
,2616955,1495,525882,14363299,692356,8592843,5996,88,1688911,06-23-2023 11:10:27.590,20,FALSE,FALSE,06-23-2023 11:10:37.727,,,06-23-2023 11:10:37.727,System.Byte[],Waived current late fee 1.
,2616956,1495,525882,14363299,692356,8592843,5996,88,1688911,06-23-2023 11:10:27.590,-20,FALSE,FALSE,06-23-2023 11:10:37.730,,,06-23-2023 11:10:37.730,System.Byte[],Waived current late fee 1.
,2617109,1495,525929,14364258,1522,8593305,2756,88,1689066,06-26-2023 14:23:37.343,25,FALSE,FALSE,06-26-2023 14:23:39.437,,,06-26-2023 14:23:39.437,System.Byte[],Waived current late fee 2.
,2617110,1495,525929,14364258,1522,8593305,2756,88,1689066,06-26-2023 14:23:37.343,-25,FALSE,FALSE,06-26-2023 14:23:39.440,,,06-26-2023 14:23:39.440,System.Byte[],Waived current late fee 2.
,2617277,1495,525991,14365138,156627,8593764,1179,88,1689229,06-28-2023 10:59:53.327,20,FALSE,FALSE,06-28-2023 10:59:56.393,,,06-28-2023 10:59:56.393,System.Byte[],Waived current late fee 1.
,2617278,1495,525991,14365138,156627,8593764,1179,88,1689229,06-28-2023 10:59:53.327,-20,FALSE,FALSE,06-28-2023 10:59:56.393,,,06-28-2023 10:59:56.393,System.Byte[],Waived current late fee 1.
,2617787,1495,526099,14371634,459365,8597944,93,88,1689632,07-03-2023 9:21:12.090,20,FALSE,FALSE,07-03-2023 9:21:14.630,,,07-03-2023 9:21:14.630,System.Byte[],Waived current late fee 1.
,2617788,1495,526099,14371634,459365,8597944,93,88,1689632,07-03-2023 9:21:12.090,-20,FALSE,FALSE,07-03-2023 9:21:14.630,,,07-03-2023 9:21:14.630,System.Byte[],Waived current late fee 1.
,2618063,1495,526099,14374434,692715,8599776,93,88,1689805,07-03-2023 16:48:40.820,20,FALSE,FALSE,07-03-2023 16:48:42.593,,,07-03-2023 16:48:42.593,System.Byte[],Waived current late fee 1.
,2618064,1495,526099,14374434,692715,8599776,93,88,1689805,07-03-2023 16:48:40.820,-20,FALSE,FALSE,07-03-2023 16:48:42.597,,,07-03-2023 16:48:42.597,System.Byte[],Waived current late fee 1.
,2620005,1495,526528,14383483,388976,8604083,5996,88,1690901,07-21-2023 13:34:22.257,20,FALSE,FALSE,07-21-2023 13:34:24.410,,,07-21-2023 13:34:24.410,System.Byte[],Waived current late fee 1.
,2620006,1495,526528,14383483,388976,8604083,5996,88,1690901,07-21-2023 13:34:22.257,-20,FALSE,FALSE,07-21-2023 13:34:24.410,,,07-21-2023 13:34:24.410,System.Byte[],Waived current late fee 1.
,2622731,1495,527272,14403122,389641,8615448,2756,88,1692839,08-21-2023 10:07:15.233,20,FALSE,FALSE,08-21-2023 10:07:16.767,,,08-21-2023 10:07:16.767,System.Byte[],Waived current late fee 1.
,2622732,1495,527272,14403122,389641,8615448,2756,88,1692839,08-21-2023 10:07:15.233,-20,FALSE,FALSE,08-21-2023 10:07:16.767,,,08-21-2023 10:07:16.767,System.Byte[],Waived current late fee 1.
,2622733,1495,527272,14403123,389641,8615448,2756,88,1692840,08-21-2023 10:07:15.233,25,FALSE,FALSE,08-21-2023 10:07:16.770,,,08-21-2023 10:07:16.770,System.Byte[],Waived current late fee 2.
,2622734,1495,527272,14403123,389641,8615448,2756,88,1692840,08-21-2023 10:07:15.233,-25,FALSE,FALSE,08-21-2023 10:07:16.770,,,08-21-2023 10:07:16.770,System.Byte[],Waived current late fee 2.
,2622979,1495,527355,14404222,416570,8615988,5996,88,1692995,08-24-2023 11:10:21.093,20,FALSE,FALSE,08-24-2023 11:10:22.150,,,08-24-2023 11:10:22.150,System.Byte[],Waived current late fee 1.
,2622980,1495,527355,14404222,416570,8615988,5996,88,1692995,08-24-2023 11:10:21.093,-20,FALSE,FALSE,08-24-2023 11:10:22.150,,,08-24-2023 11:10:22.150,System.Byte[],Waived current late fee 1.
,2622987,1495,527355,14404254,690642,8616007,5996,88,1693002,08-24-2023 11:50:41.070,20,FALSE,FALSE,08-24-2023 11:50:42.957,,,08-24-2023 11:50:42.957,System.Byte[],Waived current late fee 1.
,2622988,1495,527355,14404254,690642,8616007,5996,88,1693002,08-24-2023 11:50:41.070,-20,FALSE,FALSE,08-24-2023 11:50:42.957,,,08-24-2023 11:50:42.957,System.Byte[],Waived current late fee 1.
,2622989,1495,527355,14404255,693859,8616008,5996,88,1693003,08-24-2023 11:51:22.790,20,FALSE,FALSE,08-24-2023 11:51:24.180,,,08-24-2023 11:51:24.180,System.Byte[],Waived current late fee 1.
,2622990,1495,527355,14404255,693859,8616008,5996,88,1693003,08-24-2023 11:51:22.790,-20,FALSE,FALSE,08-24-2023 11:51:24.180,,,08-24-2023 11:51:24.180,System.Byte[],Waived current late fee 1.
,2622995,1495,527355,14404349,690321,8616051,5996,88,1693008,08-24-2023 15:04:34.520,20,FALSE,FALSE,08-24-2023 15:04:36.013,,,08-24-2023 15:04:36.013,System.Byte[],Waived current late fee 1.
,2622996,1495,527355,14404349,690321,8616051,5996,88,1693008,08-24-2023 15:04:34.520,-20,FALSE,FALSE,08-24-2023 15:04:36.013,,,08-24-2023 15:04:36.013,System.Byte[],Waived current late fee 1.
,2623701,1495,527581,14413828,327123,8622254,2756,88,1693613,09-02-2023 8:41:38.063,20,FALSE,FALSE,09-02-2023 8:41:39.913,,,09-02-2023 8:41:39.913,System.Byte[],Waived current late fee 1.
,2623702,1495,527581,14413828,327123,8622254,2756,88,1693613,09-02-2023 8:41:38.063,-20,FALSE,FALSE,09-02-2023 8:41:39.913,,,09-02-2023 8:41:39.913,System.Byte[],Waived current late fee 1.
,2625219,1495,527859,14421481,269881,8626023,5996,88,1694409,09-14-2023 12:26:59.170,20,FALSE,FALSE,09-14-2023 12:27:01.833,,,09-14-2023 12:27:01.833,System.Byte[],Waived current late fee 1.
,2625220,1495,527859,14421481,269881,8626023,5996,88,1694409,09-14-2023 12:26:59.170,-20,FALSE,FALSE,09-14-2023 12:27:01.837,,,09-14-2023 12:27:01.837,System.Byte[],Waived current late fee 1.
,2626363,1495,528096,14425703,464775,8627828,2756,88,1694956,09-25-2023 13:43:39.203,20,FALSE,FALSE,09-25-2023 13:43:41.160,,,09-25-2023 13:43:41.160,System.Byte[],Waived current late fee 1.
,2626364,1495,528096,14425703,464775,8627828,2756,88,1694956,09-25-2023 13:43:39.203,-20,FALSE,FALSE,09-25-2023 13:43:41.163,,,09-25-2023 13:43:41.163,System.Byte[],Waived current late fee 1.
,2626373,1495,528096,14425719,85142,8627845,6912,88,1694962,09-25-2023 14:25:23.783,20,FALSE,FALSE,09-25-2023 14:25:25.847,,,09-25-2023 14:25:25.847,System.Byte[],Waived current late fee 1.
,2626374,1495,528096,14425719,85142,8627845,6912,88,1694962,09-25-2023 14:25:23.783,-20,FALSE,FALSE,09-25-2023 14:25:25.853,,,09-25-2023 14:25:25.853,System.Byte[],Waived current late fee 1.
,2627177,1495,528311,14435628,227478,8634283,2756,88,1695538,10-03-2023 11:05:29.373,20,FALSE,FALSE,10-03-2023 11:05:31.880,,,10-03-2023 11:05:31.880,System.Byte[],Waived current late fee 1.
,2627178,1495,528311,14435628,227478,8634283,2756,88,1695538,10-03-2023 11:05:29.373,-20,FALSE,FALSE,10-03-2023 11:05:31.880,,,10-03-2023 11:05:31.880,System.Byte[],Waived current late fee 1.
,2627337,1495,528342,14436937,152543,8635084,1179,88,1695686,10-04-2023 16:16:05.920,20,FALSE,FALSE,10-04-2023 16:16:09.077,,,10-04-2023 16:16:09.077,System.Byte[],Waived current late fee 1.
,2627338,1495,528342,14436937,152543,8635084,1179,88,1695686,10-04-2023 16:16:05.920,-20,FALSE,FALSE,10-04-2023 16:16:09.080,,,10-04-2023 16:16:09.080,System.Byte[],Waived current late fee 1.
,2627349,1495,528371,14437305,454788,8635326,5996,88,1695704,10-05-2023 11:05:37.893,20,FALSE,FALSE,10-05-2023 11:05:40.550,,,10-05-2023 11:05:40.550,System.Byte[],Waived current late fee 1.
,2627350,1495,528371,14437305,454788,8635326,5996,88,1695704,10-05-2023 11:05:37.893,-20,FALSE,FALSE,10-05-2023 11:05:40.553,,,10-05-2023 11:05:40.553,System.Byte[],Waived current late fee 1.
,2627755,1495,528447,14439616,694297,8636445,2756,88,1696028,10-09-2023 11:59:44.007,20,FALSE,FALSE,10-09-2023 11:59:47.210,,,10-09-2023 11:59:47.210,System.Byte[],Waived current late fee 1.
,2627756,1495,528447,14439616,694297,8636445,2756,88,1696028,10-09-2023 11:59:44.007,-20,FALSE,FALSE,10-09-2023 11:59:47.213,,,10-09-2023 11:59:47.213,System.Byte[],Waived current late fee 1.
,2628937,1495,528783,14445573,278418,8639200,2756,88,1696801,10-23-2023 14:16:53.727,20,FALSE,FALSE,10-23-2023 14:16:56.477,,,10-23-2023 14:16:56.477,System.Byte[],Waived current late fee 1.
,2628938,1495,528783,14445573,278418,8639200,2756,88,1696801,10-23-2023 14:16:53.727,-20,FALSE,FALSE,10-23-2023 14:16:56.477,,,10-23-2023 14:16:56.477,System.Byte[],Waived current late fee 1.
,2628939,1495,528783,14445574,437931,8639200,2756,88,1696802,10-23-2023 14:16:53.727,20,FALSE,FALSE,10-23-2023 14:16:56.477,,,10-23-2023 14:16:56.477,System.Byte[],Waived current late fee 1.
,2628940,1495,528783,14445574,437931,8639200,2756,88,1696802,10-23-2023 14:16:53.727,-20,FALSE,FALSE,10-23-2023 14:16:56.480,,,10-23-2023 14:16:56.480,System.Byte[],Waived current late fee 1.
,2629261,1495,528923,14447713,466039,8640308,2756,88,1697097,10-28-2023 8:47:38.980,20,FALSE,FALSE,10-28-2023 8:47:40.543,,,10-28-2023 8:47:40.543,System.Byte[],Waived current late fee 1.
,2629262,1495,528923,14447713,466039,8640308,2756,88,1697097,10-28-2023 8:47:38.980,-20,FALSE,FALSE,10-28-2023 8:47:40.543,,,10-28-2023 8:47:40.543,System.Byte[],Waived current late fee 1.
,2630091,1495,529059,14457249,249967,8646684,93,88,1697646,11-03-2023 14:53:19.530,20,FALSE,FALSE,11-03-2023 14:53:48.353,,,11-03-2023 14:53:48.353,System.Byte[],Waived current late fee 1.
,2630092,1495,529059,14457249,249967,8646684,93,88,1697646,11-03-2023 14:53:19.530,-20,FALSE,FALSE,11-03-2023 14:53:48.353,,,11-03-2023 14:53:48.353,System.Byte[],Waived current late fee 1.
,2630691,1495,529198,14460475,86852,8648347,1179,88,1698061,11-08-2023 16:42:03.507,20,FALSE,FALSE,11-08-2023 16:42:05.487,,,11-08-2023 16:42:05.487,System.Byte[],Waived current late fee 1.
,2630692,1495,529198,14460475,86852,8648347,1179,88,1698061,11-08-2023 16:42:03.507,-20,FALSE,FALSE,11-08-2023 16:42:05.487,,,11-08-2023 16:42:05.487,System.Byte[],Waived current late fee 1.
,2631221,1495,529295,14462926,695356,8649404,2756,88,1698370,11-13-2023 16:18:20.417,25,FALSE,FALSE,11-13-2023 16:18:22.507,,,11-13-2023 16:18:22.507,System.Byte[],Waived current late fee 2.
,2631222,1495,529295,14462926,695356,8649404,2756,88,1698370,11-13-2023 16:18:20.417,-25,FALSE,FALSE,11-13-2023 16:18:22.510,,,11-13-2023 16:18:22.510,System.Byte[],Waived current late fee 2.
,2632261,1495,529592,14466797,384650,8651215,93,88,1699017,11-25-2023 9:15:49.003,20,FALSE,FALSE,11-25-2023 9:15:52.967,,,11-25-2023 9:15:52.967,System.Byte[],Waived current late fee 1.
,2632262,1495,529592,14466797,384650,8651215,93,88,1699017,11-25-2023 9:15:49.003,-20,FALSE,FALSE,11-25-2023 9:15:52.970,,,11-25-2023 9:15:52.970,System.Byte[],Waived current late fee 1.
,2632263,1495,529592,14466798,270641,8651215,93,88,1699018,11-25-2023 9:15:49.003,20,FALSE,FALSE,11-25-2023 9:15:52.970,,,11-25-2023 9:15:52.970,System.Byte[],Waived current late fee 1.
,2632264,1495,529592,14466798,270641,8651215,93,88,1699018,11-25-2023 9:15:49.003,-20,FALSE,FALSE,11-25-2023 9:15:52.973,,,11-25-2023 9:15:52.973,System.Byte[],Waived current late fee 1.
,2632283,1495,529592,14466964,339915,8651258,93,88,1699028,11-25-2023 11:54:15.977,20,FALSE,FALSE,11-25-2023 11:54:19.033,,,11-25-2023 11:54:19.033,System.Byte[],Waived current late fee 1.
,2632284,1495,529592,14466964,339915,8651258,93,88,1699028,11-25-2023 11:54:15.977,-20,FALSE,FALSE,11-25-2023 11:54:19.037,,,11-25-2023 11:54:19.037,System.Byte[],Waived current late fee 1.
,2632575,1495,529679,14468604,236152,8652173,1179,88,1699229,11-29-2023 15:05:35.813,20,FALSE,FALSE,11-29-2023 15:05:38.057,,,11-29-2023 15:05:38.057,System.Byte[],Waived current late fee 1.
,2632576,1495,529679,14468604,236152,8652173,1179,88,1699229,11-29-2023 15:05:35.813,-20,FALSE,FALSE,11-29-2023 15:05:38.057,,,11-29-2023 15:05:38.057,System.Byte[],Waived current late fee 1.
,2632577,1495,529679,14468606,237589,8652175,1179,88,1699230,11-29-2023 15:05:56.870,20,FALSE,FALSE,11-29-2023 15:05:59.547,,,11-29-2023 15:05:59.547,System.Byte[],Waived current late fee 1.
,2632578,1495,529679,14468606,237589,8652175,1179,88,1699230,11-29-2023 15:05:56.870,-20,FALSE,FALSE,11-29-2023 15:05:59.547,,,11-29-2023 15:05:59.547,System.Byte[],Waived current late fee 1.
,2633609,1495,529966,14481307,463849,8660179,2756,88,1700071,12-11-2023 8:57:32.360,20,FALSE,FALSE,12-11-2023 8:57:33.497,,,12-11-2023 8:57:33.497,System.Byte[],Waived current late fee 1.
,2633610,1495,529966,14481307,463849,8660179,2756,88,1700071,12-11-2023 8:57:32.360,-20,FALSE,FALSE,12-11-2023 8:57:33.497,,,12-11-2023 8:57:33.497,System.Byte[],Waived current late fee 1.
,2635513,1495,530289,14488049,275986,8663039,5996,88,1701019,12-27-2023 12:37:56.473,20,FALSE,FALSE,12-27-2023 12:37:58.877,,,12-27-2023 12:37:58.877,System.Byte[],Waived current late fee 1.
,2635514,1495,530289,14488049,275986,8663039,5996,88,1701019,12-27-2023 12:37:56.473,-20,FALSE,FALSE,12-27-2023 12:37:58.877,,,12-27-2023 12:37:58.877,System.Byte[],Waived current late fee 1.
,2635515,1495,530289,14488050,692831,8663040,5996,88,1701020,12-27-2023 12:39:01.497,20,FALSE,FALSE,12-27-2023 12:39:05.170,,,12-27-2023 12:39:05.170,System.Byte[],Waived current late fee 1.
,2635516,1495,530289,14488050,692831,8663040,5996,88,1701020,12-27-2023 12:39:01.497,-20,FALSE,FALSE,12-27-2023 12:39:05.170,,,12-27-2023 12:39:05.170,System.Byte[],Waived current late fee 1.
,2635517,1495,530289,14488051,692832,8663040,5996,88,1701021,12-27-2023 12:39:01.497,20,FALSE,FALSE,12-27-2023 12:39:05.170,,,12-27-2023 12:39:05.170,System.Byte[],Waived current late fee 1.
,2635518,1495,530289,14488051,692832,8663040,5996,88,1701021,12-27-2023 12:39:01.497,-20,FALSE,FALSE,12-27-2023 12:39:05.170,,,12-27-2023 12:39:05.170,System.Byte[],Waived current late fee 1.
,2638407,1495,530774,14505321,399257,8672768,2756,88,1702744,01-15-2024 14:39:30.640,25,FALSE,FALSE,01-15-2024 14:39:32.443,,,01-15-2024 14:39:32.443,System.Byte[],Waived current late fee 2.
,2638408,1495,530774,14505321,399257,8672768,2756,88,1702744,01-15-2024 14:39:30.640,-25,FALSE,FALSE,01-15-2024 14:39:32.447,,,01-15-2024 14:39:32.447,System.Byte[],Waived current late fee 2.
,2638501,1495,530810,14505703,458359,8672911,5996,88,1702792,01-16-2024 15:33:59.723,20,FALSE,FALSE,01-16-2024 15:34:02.657,,,01-16-2024 15:34:02.657,System.Byte[],Waived current late fee 1.
,2638502,1495,530810,14505703,458359,8672911,5996,88,1702792,01-16-2024 15:33:59.723,-20,FALSE,FALSE,01-16-2024 15:34:02.660,,,01-16-2024 15:34:02.660,System.Byte[],Waived current late fee 1.
,2639153,1495,531020,14508825,152543,8674242,93,88,1703196,01-24-2024 18:41:39.543,25,FALSE,FALSE,01-24-2024 18:41:52.413,,,01-24-2024 18:41:52.413,System.Byte[],Waived current late fee 2.
,2639154,1495,531020,14508825,152543,8674242,93,88,1703196,01-24-2024 18:41:39.543,-25,FALSE,FALSE,01-24-2024 18:41:52.420,,,01-24-2024 18:41:52.420,System.Byte[],Waived current late fee 2.
,2640017,1495,531092,14510985,690398,8675174,93,88,1703464,01-29-2024 13:10:35.697,20,FALSE,FALSE,01-29-2024 13:10:37.123,,,01-29-2024 13:10:37.123,System.Byte[],Waived current late fee 1.
,2640018,1495,531092,14510985,690398,8675174,93,88,1703464,01-29-2024 13:10:35.697,-20,FALSE,FALSE,01-29-2024 13:10:37.127,,,01-29-2024 13:10:37.127,System.Byte[],Waived current late fee 1.
,2640325,1495,531160,14512111,693482,8675749,1179,88,1703634,01-31-2024 14:58:58.050,20,FALSE,FALSE,01-31-2024 14:58:59.957,,,01-31-2024 14:58:59.957,System.Byte[],Waived current late fee 1.
,2640326,1495,531160,14512111,693482,8675749,1179,88,1703634,01-31-2024 14:58:58.050,-20,FALSE,FALSE,01-31-2024 14:58:59.957,,,01-31-2024 14:58:59.957,System.Byte[],Waived current late fee 1.
,2640327,1495,531160,14512112,695793,8675749,1179,88,1703635,01-31-2024 14:58:58.050,20,FALSE,FALSE,01-31-2024 14:58:59.960,,,01-31-2024 14:58:59.960,System.Byte[],Waived current late fee 1.
,2640328,1495,531160,14512112,695793,8675749,1179,88,1703635,01-31-2024 14:58:58.050,-20,FALSE,FALSE,01-31-2024 14:58:59.960,,,01-31-2024 14:58:59.960,System.Byte[],Waived current late fee 1.
,2642471,1495,531571,14528069,401147,8684693,2756,88,1704856,02-17-2024 12:12:24.720,20,FALSE,FALSE,02-17-2024 12:12:26.050,,,02-17-2024 12:12:26.050,System.Byte[],Waived current late fee 1.
,2642472,1495,531571,14528069,401147,8684693,2756,88,1704856,02-17-2024 12:12:24.720,-20,FALSE,FALSE,02-17-2024 12:12:26.053,,,02-17-2024 12:12:26.053,System.Byte[],Waived current late fee 1.
,2642539,1495,531596,14528534,416077,8684929,2756,88,1704911,02-19-2024 12:57:54.330,20,FALSE,FALSE,02-19-2024 12:57:55.843,,,02-19-2024 12:57:55.843,System.Byte[],Waived current late fee 1.
,2642540,1495,531596,14528534,416077,8684929,2756,88,1704911,02-19-2024 12:57:54.330,-20,FALSE,FALSE,02-19-2024 12:57:55.847,,,02-19-2024 12:57:55.847,System.Byte[],Waived current late fee 1.
,2643659,1495,531900,14539706,387087,8691790,2756,88,1705729,03-02-2024 8:54:56.860,20,FALSE,FALSE,03-02-2024 8:54:58.573,,,03-02-2024 8:54:58.573,System.Byte[],Waived current late fee 1.
,2643660,1495,531900,14539706,387087,8691790,2756,88,1705729,03-02-2024 8:54:56.860,-20,FALSE,FALSE,03-02-2024 8:54:58.573,,,03-02-2024 8:54:58.573,System.Byte[],Waived current late fee 1.
,2648083,1495,532796,14566463,265841,8706383,93,88,1708380,04-09-2024 16:10:34.367,20,FALSE,FALSE,04-09-2024 16:10:37.390,,,04-09-2024 16:10:37.390,System.Byte[],Waived current late fee 1.
,2648084,1495,532796,14566463,265841,8706383,93,88,1708380,04-09-2024 16:10:34.367,-20,FALSE,FALSE,04-09-2024 16:10:37.393,,,04-09-2024 16:10:37.393,System.Byte[],Waived current late fee 1.
,2648341,1495,532824,14567102,86852,8706688,1179,88,1708437,04-10-2024 15:39:10.760,20,FALSE,FALSE,04-10-2024 15:39:12.087,,,04-10-2024 15:39:12.087,System.Byte[],Waived current late fee 1.
,2648342,1495,532824,14567102,86852,8706688,1179,88,1708437,04-10-2024 15:39:10.760,-20,FALSE,FALSE,04-10-2024 15:39:12.090,,,04-10-2024 15:39:12.090,System.Byte[],Waived current late fee 1.
,2648665,1495,532867,14568245,152543,8707112,2756,88,1708639,04-12-2024 10:19:26.803,20,FALSE,FALSE,04-12-2024 10:19:28.900,,,04-12-2024 10:19:28.900,System.Byte[],Waived current late fee 1.
,2648666,1495,532867,14568245,152543,8707112,2756,88,1708639,04-12-2024 10:19:26.803,-20,FALSE,FALSE,04-12-2024 10:19:28.903,,,04-12-2024 10:19:28.903,System.Byte[],Waived current late fee 1.
,2648667,1495,532867,14568246,152543,8707112,2756,88,1708640,04-12-2024 10:19:26.803,25,FALSE,FALSE,04-12-2024 10:19:28.903,,,04-12-2024 10:19:28.903,System.Byte[],Waived current late fee 2.
,2648668,1495,532867,14568246,152543,8707112,2756,88,1708640,04-12-2024 10:19:26.803,-25,FALSE,FALSE,04-12-2024 10:19:28.903,,,04-12-2024 10:19:28.903,System.Byte[],Waived current late fee 2.
,2650741,1495,533286,14575699,698415,8710481,5996,88,1709658,04-30-2024 10:28:12.240,20,FALSE,FALSE,04-30-2024 10:28:15.267,,,04-30-2024 10:28:15.267,System.Byte[],Waived current late fee 1.
,2650742,1495,533286,14575699,698415,8710481,5996,88,1709658,04-30-2024 10:28:12.240,-20,FALSE,FALSE,04-30-2024 10:28:15.267,,,04-30-2024 10:28:15.267,System.Byte[],Waived current late fee 1.
,2652755,1495,533461,14587423,49648,8717763,5996,88,1710353,05-07-2024 10:09:25.580,20,FALSE,FALSE,05-07-2024 10:09:28.463,,,05-07-2024 10:09:28.463,System.Byte[],Waived current late fee 1.
,2652756,1495,533461,14587423,49648,8717763,5996,88,1710353,05-07-2024 10:09:25.580,-20,FALSE,FALSE,05-07-2024 10:09:28.483,,,05-07-2024 10:09:28.483,System.Byte[],Waived current late fee 1.
,2652793,1495,533461,14587539,454788,8717815,5996,88,1710378,05-07-2024 12:18:16.953,20,FALSE,FALSE,05-07-2024 12:18:18.587,,,05-07-2024 12:18:18.587,System.Byte[],Waived current late fee 1.
,2652794,1495,533461,14587539,454788,8717815,5996,88,1710378,05-07-2024 12:18:16.953,-20,FALSE,FALSE,05-07-2024 12:18:18.590,,,05-07-2024 12:18:18.590,System.Byte[],Waived current late fee 1.
,2654579,1495,533921,14596102,463983,8721631,5996,88,1711419,05-28-2024 9:29:14.747,25,FALSE,FALSE,05-28-2024 9:29:17.500,,,05-28-2024 9:29:17.500,System.Byte[],Waived current late fee 2.
,2654580,1495,533921,14596102,463983,8721631,5996,88,1711419,05-28-2024 9:29:14.747,-25,FALSE,FALSE,05-28-2024 9:29:17.500,,,05-28-2024 9:29:17.500,System.Byte[],Waived current late fee 2.
,2656111,1495,534229,14610078,86393,8730205,2756,88,1712374,06-08-2024 12:08:20.500,20,FALSE,FALSE,06-08-2024 12:08:23.303,,,06-08-2024 12:08:23.303,System.Byte[],Waived current late fee 1.
,2656112,1495,534229,14610078,86393,8730205,2756,88,1712374,06-08-2024 12:08:20.500,-20,FALSE,FALSE,06-08-2024 12:08:23.307,,,06-08-2024 12:08:23.307,System.Byte[],Waived current late fee 1.
,2656113,1495,534229,14610079,330254,8730205,2756,88,1712375,06-08-2024 12:08:20.500,20,FALSE,FALSE,06-08-2024 12:08:23.307,,,06-08-2024 12:08:23.307,System.Byte[],Waived current late fee 1.
,2656114,1495,534229,14610079,330254,8730205,2756,88,1712375,06-08-2024 12:08:20.500,-20,FALSE,FALSE,06-08-2024 12:08:23.310,,,06-08-2024 12:08:23.310,System.Byte[],Waived current late fee 1.
,2657605,1495,534574,14616754,692831,8733162,93,88,1713221,06-24-2024 10:55:44.593,20,FALSE,FALSE,06-24-2024 10:55:45.493,,,06-24-2024 10:55:45.493,System.Byte[],Waived current late fee 1.
,2657606,1495,534574,14616754,692831,8733162,93,88,1713221,06-24-2024 10:55:44.593,-20,FALSE,FALSE,06-24-2024 10:55:45.497,,,06-24-2024 10:55:45.497,System.Byte[],Waived current late fee 1.
,2657607,1495,534574,14616755,692832,8733162,93,88,1713222,06-24-2024 10:55:44.593,20,FALSE,FALSE,06-24-2024 10:55:45.497,,,06-24-2024 10:55:45.497,System.Byte[],Waived current late fee 1.
,2657608,1495,534574,14616755,692832,8733162,93,88,1713222,06-24-2024 10:55:44.593,-20,FALSE,FALSE,06-24-2024 10:55:45.497,,,06-24-2024 10:55:45.497,System.Byte[],Waived current late fee 1.
,2657621,1495,534574,14616828,696355,8733212,93,88,1713227,06-24-2024 12:10:44.770,20,FALSE,FALSE,06-24-2024 12:10:46.210,,,06-24-2024 12:10:46.210,System.Byte[],Waived current late fee 1.
,2657622,1495,534574,14616828,696355,8733212,93,88,1713227,06-24-2024 12:10:44.770,-20,FALSE,FALSE,06-24-2024 12:10:46.210,,,06-24-2024 12:10:46.210,System.Byte[],Waived current late fee 1.
,2657623,1495,534574,14616829,439554,8733212,93,88,1713228,06-24-2024 12:10:44.770,20,FALSE,FALSE,06-24-2024 12:10:46.210,,,06-24-2024 12:10:46.210,System.Byte[],Waived current late fee 1.
,2657624,1495,534574,14616829,439554,8733212,93,88,1713228,06-24-2024 12:10:44.770,-20,FALSE,FALSE,06-24-2024 12:10:46.213,,,06-24-2024 12:10:46.213,System.Byte[],Waived current late fee 1.
,2657733,1495,535609,14617163,1507,8733367,5996,88,1713271,06-25-2024 9:54:13.703,20,FALSE,FALSE,06-25-2024 9:54:15.347,,,06-25-2024 9:54:15.347,System.Byte[],Waived current late fee 1.
,2657734,1495,535609,14617163,1507,8733367,5996,88,1713271,06-25-2024 9:54:13.703,-20,FALSE,FALSE,06-25-2024 9:54:15.350,,,06-25-2024 9:54:15.350,System.Byte[],Waived current late fee 1.
,2658749,1495,535799,14628175,691423,8740271,2756,88,1713915,07-03-2024 9:01:16.283,20,FALSE,FALSE,07-03-2024 9:01:18.573,,,07-03-2024 9:01:18.573,System.Byte[],Waived current late fee 1.
,2658750,1495,535799,14628175,691423,8740271,2756,88,1713915,07-03-2024 9:01:16.283,-20,FALSE,FALSE,07-03-2024 9:01:18.573,,,07-03-2024 9:01:18.573,System.Byte[],Waived current late fee 1.
,2660711,1495,537267,14640778,330254,8746396,1179,88,1715095,07-24-2024 9:35:42.373,20,FALSE,FALSE,07-24-2024 9:35:44.343,,,07-24-2024 9:35:44.343,System.Byte[],Waived current late fee 1.
,2660712,1495,537267,14640778,330254,8746396,1179,88,1715095,07-24-2024 9:35:42.373,-20,FALSE,FALSE,07-24-2024 9:35:44.347,,,07-24-2024 9:35:44.347,System.Byte[],Waived current late fee 1.
,2660713,1495,537267,14640779,330254,8746396,1179,88,1715096,07-24-2024 9:35:42.373,25,FALSE,FALSE,07-24-2024 9:35:44.347,,,07-24-2024 9:35:44.347,System.Byte[],Waived current late fee 2.
,2660714,1495,537267,14640779,330254,8746396,1179,88,1715096,07-24-2024 9:35:42.373,-25,FALSE,FALSE,07-24-2024 9:35:44.347,,,07-24-2024 9:35:44.347,System.Byte[],Waived current late fee 2.
,2660765,1495,537288,14640983,152543,8746514,93,88,1715122,07-24-2024 18:21:38.117,25,FALSE,FALSE,07-24-2024 18:21:50.190,,,07-24-2024 18:21:50.190,System.Byte[],Waived current late fee 2.
,2660766,1495,537288,14640983,152543,8746514,93,88,1715122,07-24-2024 18:21:38.117,-25,FALSE,FALSE,07-24-2024 18:21:50.193,,,07-24-2024 18:21:50.193,System.Byte[],Waived current late fee 2.
,2661149,1495,537406,14643383,453724,8747695,5996,88,1715377,07-30-2024 10:40:42.267,20,FALSE,FALSE,07-30-2024 10:40:44.100,,,07-30-2024 10:40:44.100,System.Byte[],Waived current late fee 1.
,2661150,1495,537406,14643383,453724,8747695,5996,88,1715377,07-30-2024 10:40:42.267,-20,FALSE,FALSE,07-30-2024 10:40:44.130,,,07-30-2024 10:40:44.130,System.Byte[],Waived current late fee 1.
,2662761,1495,537677,14657397,152543,8756154,93,88,1716347,08-09-2024 17:59:55.467,20,FALSE,FALSE,08-09-2024 18:00:12.270,,,08-09-2024 18:00:12.270,System.Byte[],Waived current late fee 1.
,2662762,1495,537677,14657397,152543,8756154,93,88,1716347,08-09-2024 17:59:55.467,-20,FALSE,FALSE,08-09-2024 18:00:12.273,,,08-09-2024 18:00:12.273,System.Byte[],Waived current late fee 1.
,2663303,1495,537861,14661300,462394,8757788,93,88,1716774,08-19-2024 15:54:02.517,20,FALSE,FALSE,08-19-2024 15:54:03.917,,,08-19-2024 15:54:03.917,System.Byte[],Waived current late fee 1.
,2663304,1495,537861,14661300,462394,8757788,93,88,1716774,08-19-2024 15:54:02.517,-20,FALSE,FALSE,08-19-2024 15:54:03.923,,,08-19-2024 15:54:03.923,System.Byte[],Waived current late fee 1.
,2663305,1495,537861,14661301,697124,8757788,93,88,1716775,08-19-2024 15:54:02.517,20,FALSE,FALSE,08-19-2024 15:54:03.927,,,08-19-2024 15:54:03.927,System.Byte[],Waived current late fee 1.
,2663306,1495,537861,14661301,697124,8757788,93,88,1716775,08-19-2024 15:54:02.517,-20,FALSE,FALSE,08-19-2024 15:54:03.927,,,08-19-2024 15:54:03.927,System.Byte[],Waived current late fee 1.
,2663531,1495,537945,14662508,700040,8758353,93,88,1716924,08-22-2024 14:28:04.170,20,FALSE,FALSE,08-22-2024 14:28:03.580,,,08-22-2024 14:28:03.580,System.Byte[],Waived current late fee 1.
,2663532,1495,537945,14662508,700040,8758353,93,88,1716924,08-22-2024 14:28:04.170,-20,FALSE,FALSE,08-22-2024 14:28:03.580,,,08-22-2024 14:28:03.580,System.Byte[],Waived current late fee 1.
,2663703,1495,537993,14663373,446573,8758711,93,88,1717012,08-24-2024 11:10:59.020,20,FALSE,FALSE,08-24-2024 11:11:00.840,,,08-24-2024 11:11:00.840,System.Byte[],Waived current late fee 1.
,2663704,1495,537993,14663373,446573,8758711,93,88,1717012,08-24-2024 11:10:59.020,-20,FALSE,FALSE,08-24-2024 11:11:00.843,,,08-24-2024 11:11:00.843,System.Byte[],Waived current late fee 1.
,2666667,1495,538536,14685383,269881,8770633,2756,88,1718992,09-14-2024 12:47:40.003,20,FALSE,FALSE,09-14-2024 12:47:42.077,,,09-14-2024 12:47:42.077,System.Byte[],Waived current late fee 1.
,2666668,1495,538536,14685383,269881,8770633,2756,88,1718992,09-14-2024 12:47:40.003,-20,FALSE,FALSE,09-14-2024 12:47:42.080,,,09-14-2024 12:47:42.080,System.Byte[],Waived current late fee 1.
,2666909,1495,538571,14686345,410464,8771057,5996,88,1719116,09-17-2024 10:46:49.040,20,FALSE,FALSE,09-17-2024 10:47:14.193,,,09-17-2024 10:47:14.193,System.Byte[],Waived current late fee 1.
,2666910,1495,538571,14686345,410464,8771057,5996,88,1719116,09-17-2024 10:46:49.040,-20,FALSE,FALSE,09-17-2024 10:47:14.197,,,09-17-2024 10:47:14.197,System.Byte[],Waived current late fee 1.
,2667015,1495,538620,14687073,700464,8771411,2756,88,1719184,09-19-2024 11:30:35.910,20,FALSE,FALSE,09-19-2024 11:30:37.807,,,09-19-2024 11:30:37.807,System.Byte[],Waived current late fee 1.
,2667016,1495,538620,14687073,700464,8771411,2756,88,1719184,09-19-2024 11:30:35.910,-20,FALSE,FALSE,09-19-2024 11:30:37.810,,,09-19-2024 11:30:37.810,System.Byte[],Waived current late fee 1.
,2667375,1495,538726,14688935,152543,8772227,93,88,1719438,09-23-2024 19:14:20.013,20,FALSE,FALSE,09-23-2024 19:14:33.103,,,09-23-2024 19:14:33.103,System.Byte[],Waived current late fee 1.
,2667376,1495,538726,14688935,152543,8772227,93,88,1719438,09-23-2024 19:14:20.013,-20,FALSE,FALSE,09-23-2024 19:14:33.107,,,09-23-2024 19:14:33.107,System.Byte[],Waived current late fee 1.
,2667377,1495,538726,14688936,152543,8772227,93,88,1719439,09-23-2024 19:14:20.013,25,FALSE,FALSE,09-23-2024 19:14:33.110,,,09-23-2024 19:14:33.110,System.Byte[],Waived current late fee 2.
,2667378,1495,538726,14688936,152543,8772227,93,88,1719439,09-23-2024 19:14:20.013,-25,FALSE,FALSE,09-23-2024 19:14:33.110,,,09-23-2024 19:14:33.110,System.Byte[],Waived current late fee 2.
,2668605,1495,538938,14701636,439554,8779723,2756,88,1720213,10-03-2024 10:45:41.707,25,FALSE,FALSE,10-03-2024 10:45:45.107,,,10-03-2024 10:45:45.107,System.Byte[],Waived current late fee 2.
,2668606,1495,538938,14701636,439554,8779723,2756,88,1720213,10-03-2024 10:45:41.707,-25,FALSE,FALSE,10-03-2024 10:45:45.110,,,10-03-2024 10:45:45.110,System.Byte[],Waived current late fee 2.
,2670047,1495,539050,14706090,699613,8781577,5996,88,1720669,10-08-2024 11:21:32.003,20,FALSE,FALSE,10-08-2024 11:21:34.777,,,10-08-2024 11:21:34.777,System.Byte[],Waived current late fee 1.
,2670048,1495,539050,14706090,699613,8781577,5996,88,1720669,10-08-2024 11:21:32.003,-20,FALSE,FALSE,10-08-2024 11:21:34.780,,,10-08-2024 11:21:34.780,System.Byte[],Waived current late fee 1.
,2670751,1495,539174,14709433,691423,8782982,2756,88,1721071,10-14-2024 14:27:02.857,25,FALSE,FALSE,10-14-2024 14:27:05.877,,,10-14-2024 14:27:05.877,System.Byte[],Waived current late fee 2.
,2670752,1495,539174,14709433,691423,8782982,2756,88,1721071,10-14-2024 14:27:02.857,-25,FALSE,FALSE,10-14-2024 14:27:05.880,,,10-14-2024 14:27:05.880,System.Byte[],Waived current late fee 2.
,2672759,1495,539254,14716503,700464,8788078,2756,88,1721753,10-17-2024 9:39:38.850,20,FALSE,FALSE,10-17-2024 9:39:40.933,,,10-17-2024 9:39:40.933,System.Byte[],Waived current late fee 1.
,2672760,1495,539254,14716503,700464,8788078,2756,88,1721753,10-17-2024 9:39:38.850,-20,FALSE,FALSE,10-17-2024 9:39:40.940,,,10-17-2024 9:39:40.940,System.Byte[],Waived current late fee 1.
,2673041,1495,539299,14717389,152543,8788429,93,88,1721896,10-18-2024 18:16:13.253,25,FALSE,FALSE,10-18-2024 18:16:29.247,,,10-18-2024 18:16:29.247,System.Byte[],Waived current late fee 2.
,2673042,1495,539299,14717389,152543,8788429,93,88,1721896,10-18-2024 18:16:13.253,-25,FALSE,FALSE,10-18-2024 18:16:29.250,,,10-18-2024 18:16:29.250,System.Byte[],Waived current late fee 2.
,2674105,1495,539424,14720315,698201,8789574,93,88,1722272,10-25-2024 13:57:02.820,20,FALSE,FALSE,10-25-2024 13:57:04.773,,,10-25-2024 13:57:04.773,System.Byte[],Waived current late fee 1.
,2674106,1495,539424,14720315,698201,8789574,93,88,1722272,10-25-2024 13:57:02.820,-20,FALSE,FALSE,10-25-2024 13:57:04.773,,,10-25-2024 13:57:04.773,System.Byte[],Waived current late fee 1.
,2674241,1495,539474,14721366,237589,8790137,93,88,1722390,10-28-2024 12:38:25.027,20,FALSE,FALSE,10-28-2024 12:38:27.430,,,10-28-2024 12:38:27.430,System.Byte[],Waived current late fee 1.
,2674242,1495,539474,14721366,237589,8790137,93,88,1722390,10-28-2024 12:38:25.027,-20,FALSE,FALSE,10-28-2024 12:38:27.430,,,10-28-2024 12:38:27.430,System.Byte[],Waived current late fee 1.
,2674243,1495,539474,14721367,236152,8790137,93,88,1722391,10-28-2024 12:38:25.027,20,FALSE,FALSE,10-28-2024 12:38:27.433,,,10-28-2024 12:38:27.433,System.Byte[],Waived current late fee 1.
,2674244,1495,539474,14721367,236152,8790137,93,88,1722391,10-28-2024 12:38:25.027,-20,FALSE,FALSE,10-28-2024 12:38:27.433,,,10-28-2024 12:38:27.433,System.Byte[],Waived current late fee 1.
,2674245,1495,539474,14721368,697600,8790137,93,88,1722392,10-28-2024 12:38:25.027,20,FALSE,FALSE,10-28-2024 12:38:27.433,,,10-28-2024 12:38:27.433,System.Byte[],Waived current late fee 1.
,2674246,1495,539474,14721368,697600,8790137,93,88,1722392,10-28-2024 12:38:25.027,-20,FALSE,FALSE,10-28-2024 12:38:27.437,,,10-28-2024 12:38:27.437,System.Byte[],Waived current late fee 1.
,2679488,1495,541929,14788198,700924,8837975,2756,88,1728620,11-08-2024 9:59:51.510,20,FALSE,FALSE,11-08-2024 9:59:55.257,,,11-08-2024 9:59:55.257,System.Byte[],Waived current late fee 1.
,2679489,1495,541929,14788198,700924,8837975,2756,88,1728620,11-08-2024 9:59:51.510,-20,FALSE,FALSE,11-08-2024 9:59:55.257,,,11-08-2024 9:59:55.257,System.Byte[],Waived current late fee 1.
,2680230,1495,542053,14791146,702527,8839206,1179,88,1729028,11-13-2024 17:06:30.340,20,FALSE,FALSE,11-13-2024 17:06:37.967,,,11-13-2024 17:06:37.967,System.Byte[],Waived current late fee 1.
,2680231,1495,542053,14791146,702527,8839206,1179,88,1729028,11-13-2024 17:06:30.340,-20,FALSE,FALSE,11-13-2024 17:06:37.970,,,11-13-2024 17:06:37.970,System.Byte[],Waived current late fee 1.
,2680846,1495,542102,14792725,702632,8839757,2756,88,1729261,11-16-2024 11:31:30.623,20,FALSE,FALSE,11-16-2024 11:31:43.883,,,11-16-2024 11:31:43.883,System.Byte[],Waived current late fee 1.
,2680847,1495,542102,14792725,702632,8839757,2756,88,1729261,11-16-2024 11:31:30.623,-20,FALSE,FALSE,11-16-2024 11:31:43.890,,,11-16-2024 11:31:43.890,System.Byte[],Waived current late fee 1.
,2681250,1495,542207,14794662,697530,8840597,2756,88,1729507,11-21-2024 14:37:17.767,20,FALSE,FALSE,11-21-2024 14:37:19.200,,,11-21-2024 14:37:19.200,System.Byte[],Waived current late fee 1.
,2681251,1495,542207,14794662,697530,8840597,2756,88,1729507,11-21-2024 14:37:17.767,-20,FALSE,FALSE,11-21-2024 14:37:19.203,,,11-21-2024 14:37:19.203,System.Byte[],Waived current late fee 1.
,2681748,1495,542332,14797028,156627,8841633,2756,88,1729808,11-27-2024 12:02:19.180,20,FALSE,FALSE,11-27-2024 12:02:20.770,,,11-27-2024 12:02:20.770,System.Byte[],Waived current late fee 1.
,2681749,1495,542332,14797028,156627,8841633,2756,88,1729808,11-27-2024 12:02:19.180,-20,FALSE,FALSE,11-27-2024 12:02:20.773,,,11-27-2024 12:02:20.773,System.Byte[],Waived current late fee 1.
,2682218,1495,542445,14806457,331059,8847546,5996,88,1730347,12-03-2024 9:42:19.907,20,FALSE,FALSE,12-03-2024 9:42:21.833,,,12-03-2024 9:42:21.833,System.Byte[],Waived current late fee 1.
,2682219,1495,542445,14806457,331059,8847546,5996,88,1730347,12-03-2024 9:42:19.907,-20,FALSE,FALSE,12-03-2024 9:42:21.843,,,12-03-2024 9:42:21.843,System.Byte[],Waived current late fee 1.
,2682388,1495,542473,14808257,691423,8848541,1179,88,1730504,12-04-2024 15:43:16.130,20,FALSE,FALSE,12-04-2024 15:43:18.520,,,12-04-2024 15:43:18.520,System.Byte[],Waived current late fee 1.
,2682389,1495,542473,14808257,691423,8848541,1179,88,1730504,12-04-2024 15:43:16.130,-20,FALSE,FALSE,12-04-2024 15:43:18.520,,,12-04-2024 15:43:18.520,System.Byte[],Waived current late fee 1.
,2685244,1495,542972,14820343,703437,8853622,93,88,1732138,12-28-2024 10:58:32.557,20,FALSE,FALSE,12-28-2024 10:58:34.143,,,12-28-2024 10:58:34.143,System.Byte[],Waived current late fee 1.
,2685245,1495,542972,14820343,703437,8853622,93,88,1732138,12-28-2024 10:58:32.557,-20,FALSE,FALSE,12-28-2024 10:58:34.143,,,12-28-2024 10:58:34.143,System.Byte[],Waived current late fee 1.
,2686810,1495,543120,14832019,454788,8860310,2756,88,1733308,01-04-2025 10:24:02.870,20,FALSE,FALSE,01-04-2025 10:24:04.797,,,01-04-2025 10:24:04.797,System.Byte[],Waived current late fee 1.
,2686811,1495,543120,14832019,454788,8860310,2756,88,1733308,01-04-2025 10:24:02.870,-20,FALSE,FALSE,01-04-2025 10:24:04.800,,,01-04-2025 10:24:04.800,System.Byte[],Waived current late fee 1.
,2687370,1495,543180,14834227,447284,8861288,5996,88,1733602,01-07-2025 13:10:57.890,20,FALSE,FALSE,01-07-2025 13:10:58.890,,,01-07-2025 13:10:58.890,System.Byte[],Waived current late fee 1.
,2687371,1495,543180,14834227,447284,8861288,5996,88,1733602,01-07-2025 13:10:57.890,-20,FALSE,FALSE,01-07-2025 13:10:58.890,,,01-07-2025 13:10:58.890,System.Byte[],Waived current late fee 1.
,2687680,1495,543225,14835507,265841,8861805,2756,88,1733746,01-09-2025 9:04:00.930,20,FALSE,FALSE,01-09-2025 9:04:02.090,,,01-09-2025 9:04:02.090,System.Byte[],Waived current late fee 1.
,2687681,1495,543225,14835507,265841,8861805,2756,88,1733746,01-09-2025 9:04:00.930,-20,FALSE,FALSE,01-09-2025 9:04:02.093,,,01-09-2025 9:04:02.093,System.Byte[],Waived current late fee 1.
,2688980,1495,543398,14840004,701538,8863515,2756,88,1734339,01-17-2025 9:21:05.560,20,FALSE,FALSE,01-17-2025 9:21:09.353,,,01-17-2025 9:21:09.353,System.Byte[],Waived current late fee 1.
,2688981,1495,543398,14840004,701538,8863515,2756,88,1734339,01-17-2025 9:21:05.560,-20,FALSE,FALSE,01-17-2025 9:21:09.357,,,01-17-2025 9:21:09.357,System.Byte[],Waived current late fee 1.
,2689020,1495,543398,14840218,702550,8863613,93,88,1734374,01-17-2025 13:22:55.497,20,FALSE,FALSE,01-17-2025 13:22:58.203,,,01-17-2025 13:22:58.203,System.Byte[],Waived current late fee 1.
,2689021,1495,543398,14840218,702550,8863613,93,88,1734374,01-17-2025 13:22:55.497,-20,FALSE,FALSE,01-17-2025 13:22:58.203,,,01-17-2025 13:22:58.203,System.Byte[],Waived current late fee 1.
,2690718,1495,543750,14853291,702561,8871212,2756,88,1736178,02-03-2025 9:30:41.010,20,FALSE,FALSE,02-03-2025 9:30:42.030,,,02-03-2025 9:30:42.030,System.Byte[],Waived current late fee 1.
,2690719,1495,543750,14853291,702561,8871212,2756,88,1736178,02-03-2025 9:30:41.010,-20,FALSE,FALSE,02-03-2025 9:30:42.033,,,02-03-2025 9:30:42.033,System.Byte[],Waived current late fee 1.
,2691500,1495,543879,14860202,86852,8874786,2756,88,1736700,02-08-2025 9:20:43.077,20,FALSE,FALSE,02-08-2025 9:20:44.870,,,02-08-2025 9:20:44.870,System.Byte[],Waived current late fee 1.
,2691501,1495,543879,14860202,86852,8874786,2756,88,1736700,02-08-2025 9:20:43.077,-20,FALSE,FALSE,02-08-2025 9:20:44.870,,,02-08-2025 9:20:44.870,System.Byte[],Waived current late fee 1.
,2692084,1495,543964,14862443,416943,8875703,1179,88,1737092,02-12-2025 14:29:07.323,25,FALSE,FALSE,02-12-2025 14:29:09.593,,,02-12-2025 14:29:09.593,System.Byte[],Waived current late fee 2.
,2692085,1495,543964,14862443,416943,8875703,1179,88,1737092,02-12-2025 14:29:07.323,-25,FALSE,FALSE,02-12-2025 14:29:09.597,,,02-12-2025 14:29:09.597,System.Byte[],Waived current late fee 2.
,2692806,1495,544116,14865703,696355,8876979,1179,88,1737461,02-19-2025 14:53:18.097,20,FALSE,FALSE,02-19-2025 14:53:18.983,,,02-19-2025 14:53:18.983,System.Byte[],Waived current late fee 1.
,2692807,1495,544116,14865703,696355,8876979,1179,88,1737461,02-19-2025 14:53:18.097,-20,FALSE,FALSE,02-19-2025 14:53:18.983,,,02-19-2025 14:53:18.983,System.Byte[],Waived current late fee 1.
,2692968,1495,544137,14866266,697498,8877175,2756,88,1737547,02-20-2025 16:05:40.387,20,FALSE,FALSE,02-20-2025 16:05:42.397,,,02-20-2025 16:05:42.397,System.Byte[],Waived current late fee 1.
,2692969,1495,544137,14866266,697498,8877175,2756,88,1737547,02-20-2025 16:05:40.387,-20,FALSE,FALSE,02-20-2025 16:05:42.397,,,02-20-2025 16:05:42.397,System.Byte[],Waived current late fee 1.
,2693358,1495,544260,14868956,703437,8878232,1179,88,1737858,02-26-2025 13:57:36.473,20,FALSE,FALSE,02-26-2025 13:57:48.747,,,02-26-2025 13:57:48.747,System.Byte[],Waived current late fee 1.
,2693359,1495,544260,14868956,703437,8878232,1179,88,1737858,02-26-2025 13:57:36.473,-20,FALSE,FALSE,02-26-2025 13:57:48.753,,,02-26-2025 13:57:48.753,System.Byte[],Waived current late fee 1.
,2695242,1495,544512,14884067,265841,8886863,93,88,1738986,03-10-2025 9:13:27.503,20,FALSE,FALSE,03-10-2025 9:13:31.860,,,03-10-2025 9:13:31.860,System.Byte[],Waived current late fee 1.
,2695243,1495,544512,14884067,265841,8886863,93,88,1738986,03-10-2025 9:13:27.503,-20,FALSE,FALSE,03-10-2025 9:13:31.860,,,03-10-2025 9:13:31.860,System.Byte[],Waived current late fee 1.
,2696586,1495,544768,14889683,702550,8889136,5996,88,1739709,03-21-2025 10:49:24.993,25,FALSE,FALSE,03-21-2025 10:50:26.900,,,03-21-2025 10:50:26.900,System.Byte[],Waived current late fee 2.
,2696587,1495,544768,14889683,702550,8889136,5996,88,1739709,03-21-2025 10:49:24.993,-25,FALSE,FALSE,03-21-2025 10:50:26.907,,,03-21-2025 10:50:26.907,System.Byte[],Waived current late fee 2.
,2696664,1495,544768,14889867,1648,8889221,5996,88,1739751,03-21-2025 14:23:50.210,20,FALSE,FALSE,03-21-2025 14:23:52.770,,,03-21-2025 14:23:52.770,System.Byte[],Waived current late fee 1.
,2696665,1495,544768,14889867,1648,8889221,5996,88,1739751,03-21-2025 14:23:50.210,-20,FALSE,FALSE,03-21-2025 14:23:52.773,,,03-21-2025 14:23:52.773,System.Byte[],Waived current late fee 1.
,2696666,1495,544768,14889868,1648,8889221,5996,88,1739752,03-21-2025 14:23:50.210,25,FALSE,FALSE,03-21-2025 14:23:52.773,,,03-21-2025 14:23:52.773,System.Byte[],Waived current late fee 2.
,2696667,1495,544768,14889868,1648,8889221,5996,88,1739752,03-21-2025 14:23:50.210,-25,FALSE,FALSE,03-21-2025 14:23:52.777,,,03-21-2025 14:23:52.777,System.Byte[],Waived current late fee 2.
,2698290,1495,545047,14904193,706976,8897276,2756,88,1740811,04-03-2025 14:37:10.633,20,FALSE,FALSE,04-03-2025 14:37:14.790,,,04-03-2025 14:37:14.790,System.Byte[],Waived current late fee 1.
,2698291,1495,545047,14904193,706976,8897276,2756,88,1740811,04-03-2025 14:37:10.633,-20,FALSE,FALSE,04-03-2025 14:37:14.793,,,04-03-2025 14:37:14.793,System.Byte[],Waived current late fee 1.
,2702252,1495,545737,14927812,691423,8909066,2756,88,1743157,05-03-2025 9:29:57.333,20,FALSE,FALSE,05-03-2025 9:29:58.317,,,05-03-2025 9:29:58.317,System.Byte[],Waived current late fee 1.
,2702253,1495,545737,14927812,691423,8909066,2756,88,1743157,05-03-2025 9:29:57.333,-20,FALSE,FALSE,05-03-2025 9:29:58.320,,,05-03-2025 9:29:58.320,System.Byte[],Waived current late fee 1.
,2702254,1495,545737,14927813,706824,8909066,2756,88,1743158,05-03-2025 9:29:57.333,20,FALSE,FALSE,05-03-2025 9:29:58.320,,,05-03-2025 9:29:58.320,System.Byte[],Waived current late fee 1.
,2702255,1495,545737,14927813,706824,8909066,2756,88,1743158,05-03-2025 9:29:57.333,-20,FALSE,FALSE,05-03-2025 9:29:58.320,,,05-03-2025 9:29:58.320,System.Byte[],Waived current late fee 1.
,2702256,1495,545737,14927822,706790,8909071,2756,88,1743159,05-03-2025 9:43:14.037,25,FALSE,FALSE,05-03-2025 9:43:14.800,,,05-03-2025 9:43:14.800,System.Byte[],Waived current late fee 2.
,2702257,1495,545737,14927822,706790,8909071,2756,88,1743159,05-03-2025 9:43:14.037,-25,FALSE,FALSE,05-03-2025 9:43:14.803,,,05-03-2025 9:43:14.803,System.Byte[],Waived current late fee 2.
,2704008,1495,546072,14937204,708300,8913089,2756,88,1744301,05-17-2025 9:09:28.657,20,FALSE,FALSE,05-17-2025 9:09:37.950,,,05-17-2025 9:09:37.950,System.Byte[],Waived current late fee 1.
,2704009,1495,546072,14937204,708300,8913089,2756,88,1744301,05-17-2025 9:09:28.657,-20,FALSE,FALSE,05-17-2025 9:09:37.950,,,05-17-2025 9:09:37.950,System.Byte[],Waived current late fee 1.
,2704520,1495,546268,14941121,707939,8914554,93,88,1744718,05-26-2025 10:41:00.843,20,FALSE,FALSE,05-26-2025 10:41:05.607,,,05-26-2025 10:41:05.607,System.Byte[],Waived current late fee 1.
,2704521,1495,546268,14941121,707939,8914554,93,88,1744718,05-26-2025 10:41:00.843,-20,FALSE,FALSE,05-26-2025 10:41:05.607,,,05-26-2025 10:41:05.607,System.Byte[],Waived current late fee 1.
,2704776,1495,546321,14941858,706451,8914819,1179,88,1744847,05-27-2025 15:36:05.357,20,FALSE,FALSE,05-27-2025 15:36:08.267,,,05-27-2025 15:36:08.267,System.Byte[],Waived current late fee 1.
,2704777,1495,546321,14941858,706451,8914819,1179,88,1744847,05-27-2025 15:36:05.357,-20,FALSE,FALSE,05-27-2025 15:36:08.270,,,05-27-2025 15:36:08.270,System.Byte[],Waived current late fee 1.
,2705854,1495,546517,14954523,86393,8922122,1179,88,1745636,06-04-2025 10:51:12.027,20,FALSE,FALSE,06-04-2025 10:51:14.150,,,06-04-2025 10:51:14.150,System.Byte[],Waived current late fee 1.
,2705855,1495,546517,14954523,86393,8922122,1179,88,1745636,06-04-2025 10:51:12.027,-20,FALSE,FALSE,06-04-2025 10:51:14.150,,,06-04-2025 10:51:14.150,System.Byte[],Waived current late fee 1.
,2705856,1495,546517,14954524,330254,8922123,1179,88,1745637,06-04-2025 10:51:32.033,20,FALSE,FALSE,06-04-2025 10:51:34.160,,,06-04-2025 10:51:34.160,System.Byte[],Waived current late fee 1.
,2705857,1495,546517,14954524,330254,8922123,1179,88,1745637,06-04-2025 10:51:32.033,-20,FALSE,FALSE,06-04-2025 10:51:34.163,,,06-04-2025 10:51:34.163,System.Byte[],Waived current late fee 1.
,2706316,1495,546597,14957813,265841,8923657,2756,88,1746000,06-09-2025 8:37:15.120,20,FALSE,FALSE,06-09-2025 8:37:16.800,,,06-09-2025 8:37:16.800,System.Byte[],Waived current late fee 1.
,2706317,1495,546597,14957813,265841,8923657,2756,88,1746000,06-09-2025 8:37:15.120,-20,FALSE,FALSE,06-09-2025 8:37:16.800,,,06-09-2025 8:37:16.800,System.Byte[],Waived current late fee 1.
,2707016,1495,546762,14961823,692677,8925257,2756,88,1746506,06-16-2025 13:31:35.227,20,FALSE,FALSE,06-16-2025 13:31:36.383,,,06-16-2025 13:31:36.383,System.Byte[],Waived current late fee 1.
,2707017,1495,546762,14961823,692677,8925257,2756,88,1746506,06-16-2025 13:31:35.227,-20,FALSE,FALSE,06-16-2025 13:31:36.383,,,06-16-2025 13:31:36.383,System.Byte[],Waived current late fee 1.
,2707018,1495,546762,14961824,692678,8925257,2756,88,1746507,06-16-2025 13:31:35.227,20,FALSE,FALSE,06-16-2025 13:31:36.387,,,06-16-2025 13:31:36.387,System.Byte[],Waived current late fee 1.
,2707019,1495,546762,14961824,692678,8925257,2756,88,1746507,06-16-2025 13:31:35.227,-20,FALSE,FALSE,06-16-2025 13:31:36.387,,,06-16-2025 13:31:36.387,System.Byte[],Waived current late fee 1.
,2707870,1495,546990,14965911,709438,8926828,1179,88,1747012,06-25-2025 11:31:31.657,20,FALSE,FALSE,06-25-2025 11:31:35.073,,,06-25-2025 11:31:35.073,System.Byte[],Waived current late fee 1.
,2707871,1495,546990,14965911,709438,8926828,1179,88,1747012,06-25-2025 11:31:31.657,-20,FALSE,FALSE,06-25-2025 11:31:35.073,,,06-25-2025 11:31:35.073,System.Byte[],Waived current late fee 1.
,2709386,1495,547188,14978603,404967,8934073,2756,88,1747981,07-03-2025 11:01:17.303,20,FALSE,FALSE,07-03-2025 11:01:20.117,,,07-03-2025 11:01:20.117,System.Byte[],Waived current late fee 1.
,2709387,1495,547188,14978603,404967,8934073,2756,88,1747981,07-03-2025 11:01:17.303,-20,FALSE,FALSE,07-03-2025 11:01:20.120,,,07-03-2025 11:01:20.120,System.Byte[],Waived current late fee 1.
,2709388,1495,547188,14978605,404965,8934075,2756,88,1747982,07-03-2025 11:01:33.320,20,FALSE,FALSE,07-03-2025 11:01:35.723,,,07-03-2025 11:01:35.723,System.Byte[],Waived current late fee 1.
,2709389,1495,547188,14978605,404965,8934075,2756,88,1747982,07-03-2025 11:01:33.320,-20,FALSE,FALSE,07-03-2025 11:01:35.723,,,07-03-2025 11:01:35.723,System.Byte[],Waived current late fee 1.
,2711410,1495,547395,14985645,86852,8936928,93,88,1748782,07-12-2025 10:58:52.917,20,FALSE,FALSE,07-12-2025 10:59:02.120,,,07-12-2025 10:59:02.120,System.Byte[],Waived current late fee 1.
,2711411,1495,547395,14985645,86852,8936928,93,88,1748782,07-12-2025 10:58:52.917,-20,FALSE,FALSE,07-12-2025 10:59:02.123,,,07-12-2025 10:59:02.123,System.Byte[],Waived current late fee 1.
,2711694,1495,547424,14986619,463194,8937287,93,88,1748920,07-14-2025 16:17:52.297,20,FALSE,FALSE,07-14-2025 16:18:11.820,,,07-14-2025 16:18:11.820,System.Byte[],Waived current late fee 1.
,2711695,1495,547424,14986619,463194,8937287,93,88,1748920,07-14-2025 16:17:52.297,-20,FALSE,FALSE,07-14-2025 16:18:11.823,,,07-14-2025 16:18:11.823,System.Byte[],Waived current late fee 1.
,2712838,1495,547671,14991434,709426,8939117,93,88,1749429,07-24-2025 14:59:52.497,25,FALSE,FALSE,07-24-2025 14:59:55.827,,,07-24-2025 14:59:55.827,System.Byte[],Waived current late fee 2.
,2712839,1495,547671,14991434,709426,8939117,93,88,1749429,07-24-2025 14:59:52.497,-25,FALSE,FALSE,07-24-2025 14:59:55.830,,,07-24-2025 14:59:55.830,System.Byte[],Waived current late fee 2.
,2712840,1495,547671,14991459,1648,8939123,93,88,1749430,07-24-2025 15:20:04.230,25,FALSE,FALSE,07-24-2025 15:20:18.883,,,07-24-2025 15:20:18.883,System.Byte[],Waived current late fee 2.
,2712841,1495,547671,14991459,1648,8939123,93,88,1749430,07-24-2025 15:20:04.230,-25,FALSE,FALSE,07-24-2025 15:20:18.887,,,07-24-2025 15:20:18.887,System.Byte[],Waived current late fee 2.
,2713256,1495,547785,14993586,1507,8940163,5996,88,1749746,07-29-2025 14:01:02.533,20,FALSE,FALSE,07-29-2025 14:01:05.917,,,07-29-2025 14:01:05.917,System.Byte[],Waived current late fee 1.
,2713257,1495,547785,14993586,1507,8940163,5996,88,1749746,07-29-2025 14:01:02.533,-20,FALSE,FALSE,07-29-2025 14:01:05.930,,,07-29-2025 14:01:05.930,System.Byte[],Waived current late fee 1.
,2713258,1495,547785,14993587,1507,8940164,5996,88,1749747,07-29-2025 14:01:46.723,25,FALSE,FALSE,07-29-2025 14:01:50.060,,,07-29-2025 14:01:50.060,System.Byte[],Waived current late fee 2.
,2713259,1495,547785,14993587,1507,8940164,5996,88,1749747,07-29-2025 14:01:46.723,-25,FALSE,FALSE,07-29-2025 14:01:50.060,,,07-29-2025 14:01:50.060,System.Byte[],Waived current late fee 2.
,2716362,1495,548329,15013067,269881,8950869,93,88,1751676,08-21-2025 12:38:29.983,20,FALSE,FALSE,08-21-2025 12:38:32.150,,,08-21-2025 12:38:32.150,System.Byte[],Waived current late fee 1.
,2716363,1495,548329,15013067,269881,8950869,93,88,1751676,08-21-2025 12:38:29.983,-20,FALSE,FALSE,08-21-2025 12:38:32.153,,,08-21-2025 12:38:32.153,System.Byte[],Waived current late fee 1.
,2716380,1495,548329,15013170,454058,8950911,93,88,1751687,08-21-2025 14:50:46.450,20,FALSE,FALSE,08-21-2025 14:50:50.100,,,08-21-2025 14:50:50.100,System.Byte[],Waived current late fee 1.
,2716381,1495,548329,15013170,454058,8950911,93,88,1751687,08-21-2025 14:50:46.450,-20,FALSE,FALSE,08-21-2025 14:50:50.103,,,08-21-2025 14:50:50.103,System.Byte[],Waived current late fee 1.
,2716438,1495,548353,15013545,697124,8951074,93,88,1751767,08-22-2025 10:50:36.487,20,FALSE,FALSE,08-22-2025 10:50:39.243,,,08-22-2025 10:50:39.243,System.Byte[],Waived current late fee 1.
,2716439,1495,548353,15013545,697124,8951074,93,88,1751767,08-22-2025 10:50:36.487,-20,FALSE,FALSE,08-22-2025 10:50:39.243,,,08-22-2025 10:50:39.243,System.Byte[],Waived current late fee 1.
,2718838,1495,548856,15032366,463813,8961673,2756,88,1753615,09-12-2025 13:15:46.443,20,FALSE,FALSE,09-12-2025 13:15:48.400,,,09-12-2025 13:15:48.400,System.Byte[],Waived current late fee 1.
,2718839,1495,548856,15032366,463813,8961673,2756,88,1753615,09-12-2025 13:15:46.443,-20,FALSE,FALSE,09-12-2025 13:15:48.403,,,09-12-2025 13:15:48.403,System.Byte[],Waived current late fee 1.
,2721588,1495,549268,15040673,708011,8964980,5996,88,1754665,09-30-2025 11:54:43.070,20,FALSE,FALSE,09-30-2025 11:54:49.110,,,09-30-2025 11:54:49.110,System.Byte[],Waived current late fee 1.
,2721589,1495,549268,15040673,708011,8964980,5996,88,1754665,09-30-2025 11:54:43.070,-20,FALSE,FALSE,09-30-2025 11:54:49.113,,,09-30-2025 11:54:49.113,System.Byte[],Waived current late fee 1.
,2723962,1495,549566,15056996,709538,8973915,93,88,1755952,10-13-2025 13:57:12.667,20,FALSE,FALSE,10-13-2025 13:57:15.783,,,10-13-2025 13:57:15.783,System.Byte[],Waived current late fee 1.
,2723963,1495,549566,15056996,709538,8973915,93,88,1755952,10-13-2025 13:57:12.667,-20,FALSE,FALSE,10-13-2025 13:57:15.783,,,10-13-2025 13:57:15.783,System.Byte[],Waived current late fee 1.
,2725952,1495,549924,15063706,710551,8976685,5996,88,1757059,10-28-2025 10:41:14.960,20,FALSE,FALSE,10-28-2025 10:41:17.787,,,10-28-2025 10:41:17.787,System.Byte[],Waived current late fee 1.
,2725953,1495,549924,15063706,710551,8976685,5996,88,1757059,10-28-2025 10:41:14.960,-20,FALSE,FALSE,10-28-2025 10:41:17.787,,,10-28-2025 10:41:17.787,System.Byte[],Waived current late fee 1.
,2726926,1495,550090,15074241,152543,8982988,93,88,1757672,11-03-2025 18:26:10.930,20,FALSE,FALSE,11-03-2025 18:26:23.510,,,11-03-2025 18:26:23.510,System.Byte[],Waived current late fee 1.
,2726927,1495,550090,15074241,152543,8982988,93,88,1757672,11-03-2025 18:26:10.930,-20,FALSE,FALSE,11-03-2025 18:26:23.513,,,11-03-2025 18:26:23.513,System.Byte[],Waived current late fee 1.
,2731732,1495,550863,15100151,49648,8995998,2756,88,1760362,12-08-2025 8:54:02.627,20,FALSE,FALSE,12-08-2025 8:54:04.213,,,12-08-2025 8:54:04.213,System.Byte[],Waived current late fee 1.
,2731733,1495,550863,15100151,49648,8995998,2756,88,1760362,12-08-2025 8:54:02.627,-20,FALSE,FALSE,12-08-2025 8:54:04.213,,,12-08-2025 8:54:04.213,System.Byte[],Waived current late fee 1.
,2731832,1495,550898,15100486,152543,8996192,93,88,1760418,12-08-2025 18:31:59.707,20,FALSE,FALSE,12-08-2025 18:32:14.777,,,12-08-2025 18:32:14.777,System.Byte[],Waived current late fee 1.
,2731833,1495,550898,15100486,152543,8996192,93,88,1760418,12-08-2025 18:31:59.707,-20,FALSE,FALSE,12-08-2025 18:32:14.780,,,12-08-2025 18:32:14.780,System.Byte[],Waived current late fee 1.
,2733142,1495,551112,15105333,709538,8998111,93,88,1761063,12-18-2025 13:39:16.707,20,FALSE,FALSE,12-18-2025 13:39:19.800,,,12-18-2025 13:39:19.800,System.Byte[],Waived current late fee 1.
,2733143,1495,551112,15105333,709538,8998111,93,88,1761063,12-18-2025 13:39:16.707,-20,FALSE,FALSE,12-18-2025 13:39:19.803,,,12-18-2025 13:39:19.803,System.Byte[],Waived current late fee 1.
,2733990,1495,551224,15107349,1648,8998859,93,88,1761333,12-23-2025 10:29:11.647,20,FALSE,FALSE,12-23-2025 10:29:15.823,,,12-23-2025 10:29:15.823,System.Byte[],Waived current late fee 1.
,2733991,1495,551224,15107349,1648,8998859,93,88,1761333,12-23-2025 10:29:11.647,-20,FALSE,FALSE,12-23-2025 10:29:15.827,,,12-23-2025 10:29:15.827,System.Byte[],Waived current late fee 1.
,2733992,1495,551224,15107350,1648,8998859,93,88,1761334,12-23-2025 10:29:11.647,25,FALSE,FALSE,12-23-2025 10:29:15.827,,,12-23-2025 10:29:15.827,System.Byte[],Waived current late fee 2.
,2733993,1495,551224,15107350,1648,8998859,93,88,1761334,12-23-2025 10:29:11.647,-25,FALSE,FALSE,12-23-2025 10:29:15.827,,,12-23-2025 10:29:15.827,System.Byte[],Waived current late fee 2.
,2737477,1495,551636,15126336,416077,9008477,5996,88,1763423,01-12-2026 11:57:21.593,20,FALSE,FALSE,01-12-2026 11:57:23.363,,,01-12-2026 11:57:23.363,System.Byte[],Waived current late fee 1.
,2737478,1495,551636,15126336,416077,9008477,5996,88,1763423,01-12-2026 11:57:21.593,-20,FALSE,FALSE,01-12-2026 11:57:23.370,,,01-12-2026 11:57:23.370,System.Byte[],Waived current late fee 1.
,2737897,1495,551704,15127359,152543,9008834,93,88,1763607,01-13-2026 19:42:36.900,25,FALSE,FALSE,01-13-2026 19:42:53.833,,,01-13-2026 19:42:53.833,System.Byte[],Waived current late fee 2.
,2737898,1495,551704,15127359,152543,9008834,93,88,1763607,01-13-2026 19:42:36.900,-25,FALSE,FALSE,01-13-2026 19:42:53.837,,,01-13-2026 19:42:53.837,System.Byte[],Waived current late fee 2.
,2739015,1495,551902,15131830,709822,9010525,7075,88,1764193,01-23-2026 10:48:30.660,25,FALSE,FALSE,01-23-2026 10:48:40.133,,,01-23-2026 10:48:40.133,System.Byte[],Waived current late fee 2.
,2739016,1495,551902,15131830,709822,9010525,7075,88,1764193,01-23-2026 10:48:30.660,-25,FALSE,FALSE,01-23-2026 10:48:40.133,,,01-23-2026 10:48:40.133,System.Byte[],Waived current late fee 2.
,2739069,1495,551902,15132012,709538,9010598,7075,88,1764230,01-23-2026 14:25:57.880,25,FALSE,FALSE,01-23-2026 14:25:59.300,,,01-23-2026 14:25:59.300,System.Byte[],Waived current late fee 2.
,2739070,1495,551902,15132012,709538,9010598,7075,88,1764230,01-23-2026 14:25:57.880,-25,FALSE,FALSE,01-23-2026 14:25:59.303,,,01-23-2026 14:25:59.303,System.Byte[],Waived current late fee 2.
,2739223,1495,551923,15132524,713181,9010746,7075,88,1764292,01-24-2026 12:48:02.677,20,FALSE,FALSE,01-24-2026 12:48:02.580,,,01-24-2026 12:48:02.580,System.Byte[],Waived current late fee 1.
,2739224,1495,551923,15132524,713181,9010746,7075,88,1764292,01-24-2026 12:48:02.677,-20,FALSE,FALSE,01-24-2026 12:48:02.580,,,01-24-2026 12:48:02.580,System.Byte[],Waived current late fee 1.
,2739587,1495,551947,15133616,337586,9011143,93,88,1764452,01-27-2026 13:36:52.583,20,FALSE,FALSE,01-27-2026 13:36:53.180,,,01-27-2026 13:36:53.180,System.Byte[],Waived current late fee 1.
,2739588,1495,551947,15133616,337586,9011143,93,88,1764452,01-27-2026 13:36:52.583,-20,FALSE,FALSE,01-27-2026 13:36:53.183,,,01-27-2026 13:36:53.183,System.Byte[],Waived current late fee 1.
,2786140,1495,563481,15367262,152543,9145616,93,88,1801398,04-03-2026 18:30:37.780,20,FALSE,FALSE,04-03-2026 18:30:51.017,,,04-03-2026 18:30:51.017,System.Byte[],Waived current late fee 1.
,2786141,1495,563481,15367262,152543,9145616,93,88,1801398,04-03-2026 18:30:37.780,-20,FALSE,FALSE,04-03-2026 18:30:51.020,,,04-03-2026 18:30:51.020,System.Byte[],Waived current late fee 1.
,2786616,1495,563538,15370098,327123,9146802,1179,88,1801704,04-07-2026 15:58:33.053,20,FALSE,FALSE,04-07-2026 15:58:36.120,,,04-07-2026 15:58:36.120,System.Byte[],Waived current late fee 1.
,2786617,1495,563538,15370098,327123,9146802,1179,88,1801704,04-07-2026 15:58:33.053,-20,FALSE,FALSE,04-07-2026 15:58:36.120,,,04-07-2026 15:58:36.120,System.Byte[],Waived current late fee 1.
,2786618,1495,563538,15370099,327123,9146802,1179,88,1801705,04-07-2026 15:58:33.053,25,FALSE,FALSE,04-07-2026 15:58:36.120,,,04-07-2026 15:58:36.120,System.Byte[],Waived current late fee 2.
,2786619,1495,563538,15370099,327123,9146802,1179,88,1801705,04-07-2026 15:58:33.053,-25,FALSE,FALSE,04-07-2026 15:58:36.120,,,04-07-2026 15:58:36.120,System.Byte[],Waived current late fee 2.
,2787858,1495,563747,15375367,207423,9148573,2756,88,1802373,04-16-2026 10:54:27.767,20,FALSE,FALSE,04-16-2026 10:54:24.780,,,04-16-2026 10:54:24.780,System.Byte[],Waived current late fee 1.
,2787859,1495,563747,15375367,207423,9148573,2756,88,1802373,04-16-2026 10:54:27.767,-20,FALSE,FALSE,04-16-2026 10:54:24.780,,,04-16-2026 10:54:24.780,System.Byte[],Waived current late fee 1.
,2788008,1495,563790,15376385,697498,9148913,2756,88,1802494,04-18-2026 10:21:04.020,20,FALSE,FALSE,04-18-2026 10:21:05.167,,,04-18-2026 10:21:05.167,System.Byte[],Waived current late fee 1.
,2788009,1495,563790,15376385,697498,9148913,2756,88,1802494,04-18-2026 10:21:04.020,-20,FALSE,FALSE,04-18-2026 10:21:05.170,,,04-18-2026 10:21:05.170,System.Byte[],Waived current late fee 1.
Totals (3438),,,,,,,,,,,0,FALSE,FALSE,,,,,,
Averages (3438),,,,,,,,,,,0,FALSE,FALSE,,,,,,
